path,size_bytes,sha256
.gitignore,163,9f090253664d482cbc243fda220f35091a5c1d1420dbf5960362b0d7c3db9083
CITATION.cff,678,502cf6cecf0de16add731298a946684c87a71f9e4520b5340720208633e695fb
CLAIM_BOUNDARY.md,3732,de41ddb73732c941bfa76682a33d6b7c90c950a9de85c64d23e4061f8c1917d3
CLAIM_EVIDENCE_MATRIX.csv,3156,95354c843c5166fb169a210724039241d257608623597aca5ebd097b761803d8
EXPERIMENT_REGISTRY.csv,7313,0c602f68287d059e39c65da7ed357bf1d45349833d7ccccb5ed9d68dc5281a58
LICENSE,875,887102b9fe382f7717a145e08dceea3942cc7d586cf799d248c0d3d2bcd2ff33
PROVENANCE.md,3632,48d80537cf5d92ea97a39a35d83da230f4f7f3c7dc49181b456acad8428fe514
README.md,6159,5ff5ef32f5454b09db7197a52b82a909d45eaa915c0cae9d5bca016cff611544
REPRODUCIBILITY.md,4227,be6a75c504c6bba64c1e893ce631822a6a4ff53a1c3e223d7ec6a5cd44a80b34
REVIEWER_START_HERE.md,1666,b4823573c3d9bab0f48aed0ea0f318a681d63bc22da81ee3b6cc82a0e0eb8e4a
THIRD_PARTY_NOTICES.md,1053,d6059df37f5396d1cffb8f1f05b86559d4733298eee6c2615ec8f3f8238402fd
data/processed/PAPER_KEY_RESULTS.csv,2388,fd3ea13e00e58e812ba8facc04317046f3155f537c7eadeedf31aad61462d0da
data/processed/SCG_python_latency.csv,324,5ebcde33e4cb9d7c83d87243c7ceed7b00ab4e7c294d040271d8c46701a1781a
data/processed/criteria_snapshot.json,5678,61e365022a1d6256fe0410e6c24e8d538f52bf4c21b50106c1334dc73482d6e0
data/raw/A_synthetic_micro/cenn_feasibility_paired_tests.csv,952,b359c3b0d4ec9bae4479ea781116fee4480c98301f8461bef0bb5efd3e2f9431
data/raw/A_synthetic_micro/cenn_feasibility_summary.csv,1208,ac79bde44e963e74547293bf68311d2b311539165dfe5fb8b034c143306e8ce3
data/raw/A_synthetic_micro/cenn_feasibility_trials.csv,74724,80f3e9b4208b70dc5ee2f2d957d8bffd5a5031fa69198640d828eb92b2f40bae
data/raw/B_derivative_augmentation/compound_summary.csv,1189,38210baf3a1159caba356afc655437a0f755eda200f545babeef3fdc719b9066
data/raw/B_derivative_augmentation/compound_trials.csv,79825,600554687b141bbff7416bebbd791c05eae48af9dd12f34c7dcd671664a61c33
data/raw/B_derivative_augmentation/force_step_summary.csv,1258,7780e22dd93b0c50473a98e41cf2df6e6c2f379d0e45577da08b325756416f46
data/raw/B_derivative_augmentation/force_step_trials.csv,82915,919fdf2d4a4d5531e89da47766e3fcc297bf24e598fb3487af633c9b193ad345
data/raw/B_derivative_augmentation/latency40_summary.csv,1246,e7976b3a90e47aab469de08036ac2bd1703235054c78217946a462779a743df9
data/raw/B_derivative_augmentation/latency40_trials.csv,82021,4ac9fafb1da9bffaf5649a38f19c70d2aa67473e9efdd53751e9b1f715e9936b
data/raw/B_derivative_augmentation/model20_summary.csv,1224,82381f0302fad2a38263c2708adedd6e2d56511999f0d919bb6bcf992903556d
data/raw/B_derivative_augmentation/model20_trials.csv,80681,7c7ed1cb03f33c033d7e68486f66bd0631cd81677b1b3e7eaeb07d574d4c29c3
data/raw/B_derivative_augmentation/nominal_summary.csv,1234,21220c13e71a8993ddd460700ca05ee7c9ec18a12ea1379feda5501dd12af488
data/raw/B_derivative_augmentation/nominal_trials.csv,81160,7be10c481004e3de1d9f505b9c8f33602c404b5168a762b8c5f79ee3e0f56da4
data/raw/B_derivative_augmentation/payload50_summary.csv,1206,a1c9dbd145514fe2bd2b196959ce5641ec4718e343dbce880000fd70d5fa9696
data/raw/B_derivative_augmentation/payload50_trials.csv,80293,09200308b6f6b11885a52dc5f8f0d0797fdf2b05332a7ef9d4fc7e9d83ae9fd9
data/raw/B_derivative_augmentation/rotoreff30_summary.csv,1193,8aa99c0eeeff5f4fed9c41a4bd4e80f05988fc5251d7f7f74f0fba9b2eccad8f
data/raw/B_derivative_augmentation/rotoreff30_trials.csv,81347,0785bda80fe4f12420dac7fc08aff802c25d6ab3cb88a3fd539b01af0fd9eae4
data/raw/B_derivative_augmentation/wind3_summary.csv,1217,bb077b9f1605b21b002ebabef44110a69817d6a76c7927c9adfbe38e2b6530c8
data/raw/B_derivative_augmentation/wind3_trials.csv,79230,63e3175cd4c13e86a5e7a6da9112f59fb2f332cdedd6f5924134a421ad8315b9
data/raw/C_AE_derivative/situation_C_holdout_summary.csv,8869,d47b96aa14d031dfe0437602f26a4959d94d5335deac49e4035c0aaa3bf14324
data/raw/C_AE_derivative/situation_C_holdout_trials.csv,659295,21945b3740ddfb70228d61063a08f2f5c13c993043220d43ab033bfdb076e6fb
data/raw/C_AE_derivative/situation_C_paired_statistics.csv,7486,93cf22d38dcb86ba4e27206e5364d403c63fae31b7e9a003366a5f73fcce37dd
data/raw/C_AE_derivative/situation_C_summary.csv,7725,4766fbb1fccbbce9f430feb2f79ddd9f5002b85c572667ebf1975be258a9d625
data/raw/C_AE_derivative/situation_C_trials.csv,652202,4a7f77c487935d0e111f1acdbd95c4b21e41df2ee994a145ef618d3e68a793be
data/raw/D2_confirmatory/active_capacity_vs_D2_paired_statistics.csv,1752,9af73db11d6c42432e191abd89e293aef644cb5fbf157ae52a5150ad86cdaf19
data/raw/D2_confirmatory/effect_summary.csv,2197,a9f0a42504a8c182980340feefa1de570bc4a8a4305faef126ba041ec2be8edb
data/raw/D2_confirmatory/intensity_envelope_summary.csv,2927,d4f859552b9c38d4cef39eaf3c1ed1c1e5715423c32db40bacd6e03c5f32c0f6
data/raw/D2_confirmatory/main_paired_statistics_200seeds.csv,14755,5d211f65a98c47111c1ece32195a529a03b861477a6f4a963f90ad2597e4830f
data/raw/D2_confirmatory/main_summary_200seeds.csv,11659,1758c0b5c8f7ab03508a99408098cc941d8bbcd4c98852ae73ecee14cee731ce
data/raw/D2_confirmatory/main_trials_200seeds.csv,1768100,c8a247ebc411a6f5f8c8833f1e6f40a219dbcd323c2102f08e6a31ea3f753a74
data/raw/D2_confirmatory/parameter_counts.csv,178,4da00be7f0f2a468dadf032ec48f9087c17b6b6958373643268bdd72e50fc555
data/raw/D2_confirmatory/secondary_ablation_paired_statistics_100seeds.csv,8705,ed45e975d312d126e1f617ed45b5648154046cb7b0d83a175809be0ad370710c
data/raw/D2_confirmatory/secondary_ablation_summary_100seeds.csv,3440,bf02b08054875116832310b6a9419f017e72ffa1fcd08a57d7a9c543204cce75
data/raw/D_history_architectures/situation_D_dropout_effect.csv,799,efc91fd45c110025561955bd86511702f39733b8dadbd1ba10107bb535557625
data/raw/D_history_architectures/situation_D_paired_statistics.csv,18737,c69bf32cdd70672afec01e50e4e4966034fc76760d90eeb58c6afa9ac964f536
data/raw/D_history_architectures/situation_D_parameter_counts.csv,127,bfa7ad3ef11e3342e92c49b54025adda4f71b4eeaf9d47b79e34e38e6ad7b8bc
data/raw/D_history_architectures/situation_D_summary.csv,12055,b95ab01274693a6a5312f4a4abdec637b6dec08882ad453bf49fa3e26288d62c
data/raw/D_history_architectures/situation_D_trials.csv,331066,669de4913e7c2ff1c573a0524d0401dd37129752de6623a0a4fad5740743b429
data/raw/E_selective_history/effect_summary.csv,1464,71a9042d94215fd00737ee67b82bce4284ad7736a6649ae30dce09f6b37a557c
data/raw/E_selective_history/paired_stats_100seeds_holm.csv,7099,2c43d18ac50244e18b7501736f22f9eb0d0ef4bced37fd1a96f17b5138972e0c
data/raw/F_dual_branch/executive_effect_summary.csv,1859,0452392f1e1c4c98103207bb380811f0426773828e22e916d27514dfd7ace85e
data/raw/F_dual_branch/gate_validation.csv,799,3a3f127a720a53df9f3beb48dfa8fc3e2c8e38d779671a9057c7a4b52ed35f50
data/raw/F_dual_branch/main_summary_100seeds.csv,10105,a8929ecc0d8809257ae3d02389b23b7615a3e4202b9af72d4b11125f0acf64bd
data/raw/F_dual_branch/paired_stats_100seeds.csv,12983,6b8a5f8a1acdc0e83360356a9843b7d9144e251e129189a54161535ffbc1fb1b
data/raw/G_event_gate/executive_effect_summary.csv,1672,d47186532d8700edbe483552e8fa326e1bf76de0f58f28f6b3481dcf94fef5f5
data/raw/G_event_gate/force_event_summary.csv,204,a1bda3fd5f9baf95017f7f7daa83688af196fe98ac41187c3723517c7033975b
data/raw/G_event_gate/force_step_event_detection_50seeds.csv,9373,28dcb76734de234702229e066d3c01b57c4e4e16c574b18cb2c6aab6bacdd30b
data/raw/G_event_gate/hyperparameter_validation.csv,2194,834e1f548e286889e392e7f7bab0f5ff46f1f08b956938e7e2431a3d2581ba68
data/raw/G_event_gate/main_summary_100seeds.csv,8326,6c766cd07a73004bf687660ec81ad4f43e540c19b61d5dfbb5241afcfda0f987
data/raw/G_event_gate/main_trials_100seeds.csv,738839,e4cf8aea9227bf83d120d559eb0aa9c652862201dbee4792b8809d0f4bd9abde
data/raw/G_event_gate/paired_stats_100seeds.csv,8709,07ae3b415c641db401305e0621adaafb1abbb4a7c007e38b29b91ca88276b2f3
data/raw/H_RTA/H_completion_criteria.json,749,088a23a32596b9cf3269f0eb9699962cda1cecb9f159ca181ddd6c2603fafd47
data/raw/H_RTA/H_vs_G_main_paired.csv,1847,d584e4f1488e64cf808aecaa3a018023affa017229209c75c5c11849d71383c2
data/raw/H_RTA/detector_intensity_curve.csv,515,768334d877a771a8fda252b5b7431ba99db5ad118d5271803e39bee557b8dca9
data/raw/H_RTA/fault_injection_summary_100seeds.csv,3838,d093b41b9da94069055dece4489bd01a7fb8dd9152f0710cd1d9660043c03ec1
data/raw/H_RTA/fault_injection_trials_100seeds.csv,346491,df76e12aa7272d6e8650870ee9dc77de908a78d48074e4e596072b652c88fb6f
data/raw/H_RTA/fault_paired_statistics.csv,4001,ad5fdad09a4ba20899cb5bbe96978596a18064a20c5d621656c35d45067838e0
data/raw/H_RTA/fault_rejection_rates.csv,353,03d73badb2bc57f4004086a10495d43aa25a632a1832fe320d85af6007d5b727
data/raw/H_RTA/main_summary_100seeds.csv,4754,17598d2c52d43d43d0d586e90a75a8d7b6136bd68a08067587dfeb8538d34012
data/raw/H_RTA/main_trials_100seeds.csv,389013,7cfbd62ded2efa54c168ae5a5c222c0b9bc3ec72a53b5e87f61594adce2ed42d
data/raw/H_RTA/nominal_false_positive_metrics.csv,160,ca5a24e216efb9426f2006b851f7a63b221e51bd716ab797a909e92e977d4765
data/raw/H_RTA/paired_stats_100seeds.csv,5133,232d0703d9dcc5803d2e82caa6e876de4135ba56da1764c0d3472ea3d60b79e2
data/raw/I_risk_governor/I_completion_criteria.json,1157,bf1fb7301f3f7d1aafa795cdab3e9b189529357b6b1f408b34e26cb1a724e4a8
data/raw/I_risk_governor/challenge_summary_100seeds.csv,3063,d36805afa96cc27a9395815097166443ee1d704134c3b085fb660132cd735a1b
data/raw/I_risk_governor/challenge_trace_summary.csv,831,46fd51788737c9135ac6fdc4fac94bc5f021b041f65626155b3b1bb2c74cda8a
data/raw/I_risk_governor/challenge_trials_100seeds.csv,331971,b561263e998d97c492d25e823710bd15a5661818db0eb93999803a14cedc241d
data/raw/I_risk_governor/main_summary_100seeds.csv,5265,f8847cc24551ba4dab2b9b0b6813d37b284985eca10c19aa527d2cfce325e3dc
data/raw/I_risk_governor/main_trials_100seeds.csv,460804,d523110f7e7f6c6d6559bd1f7d80788dde9288c996bb18c6474b7ba680253eda
data/raw/I_risk_governor/paired_stats_100seeds.csv,5074,6c56849c4f07cb469e407db941da2833d3a34ea10da97a5528acb83241815463
data/raw/J_projection/J_completion_criteria.json,622,c28de7bf6495a5782c3003221f2ca0eeab859101bef5bdaf6eb4f83095bb4767
data/raw/J_projection/challenge_compound_proposal_stuck.csv,69125,498833f1ce03e85856d1504b3de64ff5a23b39421d00819cad30f42da7d93da3
data/raw/J_projection/challenge_paired_stats_100seeds.csv,744,1fe73b2d1690e83be4b34dd4852f340f47b90a16f06aaf17b91e5055c83a5652
data/raw/J_projection/challenge_severe_compound.csv,58650,664b87de89a75e956db295148f6ab792cef24e471d4b12b75266f19d955bb7ad
data/raw/J_projection/challenge_summary_100seeds.csv,2238,c02dacb566e322703cb7ce47a931e053db775a8b54224adec90219f33c270c2f
data/raw/J_projection/challenge_trials_100seeds.csv,195190,e6fa205af8c878daca8c2da067f533bc68eb57074069b4ce533474b22f4362a6
data/raw/J_projection/challenge_wind3_proposal_impulse.csv,70056,2c4f55b97724af2f5d19d54ec3842a292dcd7bc4e6853470aac34931278a898d
data/raw/J_projection/main_compound.csv,43142,fa999c19ee755f661043e21b1b082b3d7f4525da4accbd666b2e493b986c2094
data/raw/J_projection/main_force_step.csv,43760,236bd4b0491824d2fe7dd68549dbdd88de8d6ab3253ce4052c5edfeace789804
data/raw/J_projection/main_latency40.csv,40292,2e3f51c052dc6b1677a78e43a6e945cb8d7b0c53991be47f1aea94add6a4c970
data/raw/J_projection/main_model20.csv,41939,cd8d501fc7bfdb4f918aee279c3aab7cde22f45b3d6f82ca8ec9cdf492dfdae0
data/raw/J_projection/main_nominal.csv,39855,e70685e98c05ae2cdb93bc52e8cb9de6df3856ca0c4fc3731408d8e9ab257a66
data/raw/J_projection/main_paired_stats_100seeds.csv,2528,f16c40d6b86bf6e3b26f3af8ebc70c097666dcafe4ff70526ca383067d32b8e2
data/raw/J_projection/main_payload50.csv,43942,5a3d75b19f67e1e8411dcff869e988ce74920ccacbb29c69b298644bff028cdb
data/raw/J_projection/main_rotoreff30.csv,44197,fd279c5e815aef1dbc65b47bfe0e0dfd284b3dabb3423f925768c6f2b6a1ae1b
data/raw/J_projection/main_summary_100seeds.csv,3561,f5af3082a66b6f0d34620bda7946f61ce8f0b306f0819a627d397814965eacf5
data/raw/J_projection/main_trials_100seeds.csv,327479,18967a681806e3e85c9a8ab619935f9c79cb00e8250d2ece45e53c7beb79528c
data/raw/J_projection/main_wind3.csv,42270,217a1487a2886a5afc4d24d7e50904d95068cbe634958ed9c34eba48621740ad
data/raw/J_projection/projection_validation_20seeds.csv,1043,2f5db4dccd48f336f396e0bfb2862eebd9d7f22cee8c81a71a178f9a700de0b5
data/raw/K_HOCBF/K_completion_criteria.json,737,97c78f56515c06e9e11b83074b52deefce40128919936e26296d51ff1f5983fa
data/raw/K_HOCBF/challenge_paired_statistics.csv,1695,a9228445975e1791de392a50b4c7df658bde92428593483500692b663447eeb2
data/raw/K_HOCBF/challenge_summary_100seeds.csv,1941,0bf0d114c6d9e1bf85cbc213e815ca71d9b5a9aa3230d0acb103a261713aebd6
data/raw/K_HOCBF/challenge_trials_100seeds.csv,180345,12a34d9b6266dd5628b421dcfd0329e2f70d64586a9b6c8a900fab9e7778fb7e
data/raw/K_HOCBF/healthy_transparency.csv,636,6c1391e90992d016338cff6004ecaf7e69f7139e299126a807e2cb89295e041f
data/raw/K_HOCBF/hocbf_constraint_verification.csv,176,e13b7ff330b02edbb4ffb435277499c56cf52fc79e6f9b9dfc886b4fc6ec94f6
data/raw/K_HOCBF/main_summary_100seeds.csv,4473,5c638fc564c2b36a53e3812fdf93313e75c66413e4a04cc644a54a2e59fb5976
data/raw/K_HOCBF/main_trials_100seeds.csv,441728,a7d2d3bedd7647936076f7ca8021a22e1fdd853c5c0cd4324141a7d46c5a7f13
data/raw/K_HOCBF/surrogate_disturbance_assumption_audit.csv,1232,7201d1596627da3b1939bdc0de7ce5dd8d316cf71e1ef92b98bda4cdb9762d96
data/raw/L2_native_recalibration/L2_final_assessment.json,1388,875a053ba357711ea3280df56c8c31e6f6dbbb5bb1d28da9d8e9bd19ce76961f
data/raw/L2_native_recalibration/calibration_state_mismatch_samples.csv,14620208,81fc45d99ed3443b762fec4dafd8d476ca7b209e0d821c60510e885a3eb6853b
data/raw/L2_native_recalibration/calibration_summary.csv,1416,b560dd2ba8624d9bdf59a63533ec15cc87e3524ac628bc64b84a6c4e525d1f97
data/raw/L2_native_recalibration/fault_challenge_summary.csv,941,dc00423af8c53bf339ae280193763027d2df5081c7d8402d42832de102da4b1e
data/raw/L2_native_recalibration/fault_challenge_trials.csv,9686,f23796106875dfab953b0e7225c0e1159d2e9106e425c9fe746fc1a1664b5d9e
data/raw/L2_native_recalibration/independent_test_summary.csv,1868,b4fa7fe7f668dc5597ebe1ea8cd8e38023057f65237a2dc94942a2aadb92d4b7
data/raw/L2_native_recalibration/independent_test_trials.csv,26410,efc6adda14c2bc4447112d326dbbff4471d87abab64d7b45ae9c3f16fc498103
data/raw/L2_native_recalibration/paired_statistics.csv,1294,c9cffcf420bc0d82cb02c69c5d19e0bf5cd7a7090de638d43ec00aa202201ad0
data/raw/L_native_source_pilot/acados_readiness_probe.json,395,9aa633ebf95e83a428e362450067c1c90a8123aa984c7b9337da30c4cc0ee9a2
data/raw/L_native_source_pilot/circle_geo_native_core_sanity.csv,1216,337bc34c5382b2e2114fff907148f5d7c3c33834eacb93d8e130fc98ec050b7f
data/raw/L_native_source_pilot/force_step_pilot.csv,1896,e4c5cf8314103763ced75e4a48309e0fbbdf01cb54be76cb169675ab2252989e
data/raw/L_native_source_pilot/latency40_pilot.csv,1873,e747a11317f06e6f8e3fe366c0f1f161768a29d9a873a5f323ff63d5d8d9d3c7
data/raw/L_native_source_pilot/model20_pilot.csv,1852,88112c17cbc0552ecc44c5cf4beeba82eb684959158071d7750551ecb0b6e89d
data/raw/L_native_source_pilot/native_source_IK_effects_pilot.csv,1201,dccaacf28827fcd8fda264263a7035ff429d1e41575f70285a9f8119442f0cca
data/raw/L_native_source_pilot/native_source_IK_summary_pilot.csv,2957,a994c9c40dec97235d63b8ba07a4280ee66a16f20d83f1b95e4b8889b782170d
data/raw/L_native_source_pilot/native_source_IK_trials_pilot.csv,11948,37b7c608542c2b1e0ada556b2fac85a4775b8720ebfee028f8d1bbebc9921e60
data/raw/L_native_source_pilot/nominal_pilot.csv,1808,102e68e8b7de7604cb97bbf6633a4eb3c63d35f03890d85517b73bc6bed7f3ce
data/raw/L_native_source_pilot/payload50_pilot.csv,1863,e94c7e4bbbe1db7905a2ca95bd042bdcf05c15b8c3a4e54f5f64ff345fdaabde
data/raw/L_native_source_pilot/rk4_vs_native_solveivp_parity.csv,310,0d152c2df9f7e922c84382b318b0cf5917d0e7ca06461c8e1fd717dfe1a1225b
data/raw/L_native_source_pilot/rotoreff30_pilot.csv,1881,05814ec622375f00385637b51ae4f8c4c84a2a0951f24a6b124bdccf26aa257d
data/raw/L_native_source_pilot/software_timing.json,352,9ce26ab03805ab8fb90a6759d2155a6fb3d9069237cec0d1729fe5fedc93e47f
data/raw/L_native_source_pilot/wind3_pilot.csv,1923,ed6dfefa04f67fe10650a8a8bfbdb33392089f56023c4b650ccd3b3b46796b70
data/raw/QNL_structured_nonlinearity/completion_criteria.json,716,1cd4d8df2d344c4d3dfb2f394fab2c20ff532d73fd307f9b0e07a857ffb0e1a8
data/raw/QNL_structured_nonlinearity/final_LinearCeNN-494_compound_200seeds.csv,36586,c2926ca02fd067be6957a8c22d0582d5b7015dc4c5b07e7ced4e31e6e7bdd241
data/raw/QNL_structured_nonlinearity/final_LinearCeNN-494_force_step_200seeds.csv,37086,29a59fd028c602fa912c9925aec921a479178bb0f2222feadf9f78a4b1266982
data/raw/QNL_structured_nonlinearity/final_LinearCeNN-494_latency40_200seeds.csv,37549,d2c295cf4170716e7ff5e65aa7ec18d79e3252ccd0d068809b9a5a36b9c2727f
data/raw/QNL_structured_nonlinearity/final_LinearCeNN-494_model20_200seeds.csv,37061,7ef22db74211face156f862314ef54ec5cb286be7839ab5988099e17607779c0
data/raw/QNL_structured_nonlinearity/final_LinearCeNN-494_nominal_100seeds.csv,18670,0b6170e0607ef214c0a792e6e4bf23d89771b76845910b7be1d1a5b0a9101600
data/raw/QNL_structured_nonlinearity/final_LinearCeNN-494_nominal_200seeds.csv,37138,52055b95e8cd28d577fa684b7c95d1eedb4932f6ac1ea3607a0516ecef78541b
data/raw/QNL_structured_nonlinearity/final_LinearCeNN-494_payload50_200seeds.csv,37196,c9c50cfddbfee2ce8758810d2762a66c825f4dc504c52d90fdaa193e2b6cacec
data/raw/QNL_structured_nonlinearity/final_LinearCeNN-494_rotoreff30_200seeds.csv,37409,ab83f7d80993454eb31304cf6b322abf0c44c486a788d92434aadceabb94413b
data/raw/QNL_structured_nonlinearity/final_LinearCeNN-494_wind3_200seeds.csv,36010,3c07399e81056a497d569bcd01cfddceed4edf3bec1a32d51ced7e18a17a3d5b
data/raw/QNL_structured_nonlinearity/final_LinearCeNN-Capacity-515_compound_200seeds.csv,38392,c35864e30ddd91bd2bbead25662ab46dd01692f4f8a7db2d83d9c7debc0586b4
data/raw/QNL_structured_nonlinearity/final_LinearCeNN-Capacity-515_force_step_200seeds.csv,38843,3b1719bcfb67b5f87a70c4a1b365133e6ed6b92580e11f39d9f2e7ed9d3f8804
data/raw/QNL_structured_nonlinearity/final_LinearCeNN-Capacity-515_latency40_200seeds.csv,39379,9ae1cf993fecad2849c3c95ca00a983177ea7dc9584a0e429b9cf9cdbff19a3b
data/raw/QNL_structured_nonlinearity/final_LinearCeNN-Capacity-515_model20_200seeds.csv,38826,67f8bcba2998bc135f475a72e2b53a094da60e56d5056937589e62bc2e924c8c
data/raw/QNL_structured_nonlinearity/final_LinearCeNN-Capacity-515_nominal_200seeds.csv,38994,e5b7109b761154b1050362baaf695e778cccba910cadf3ff1a146bce9a3b5203
data/raw/QNL_structured_nonlinearity/final_LinearCeNN-Capacity-515_payload50_200seeds.csv,38849,342e5854f37c4547c0e565e45ff531e7e30b0ccfb547edf187185e3f79f83070
data/raw/QNL_structured_nonlinearity/final_LinearCeNN-Capacity-515_rotoreff30_200seeds.csv,39094,454a8ef1f6cf28dca33916f8c7fb4c95bc34e01a4dfd496c34b9bf4a64dac0f3
data/raw/QNL_structured_nonlinearity/final_LinearCeNN-Capacity-515_wind3_200seeds.csv,37847,7eb33843831221f98aa3e888f945ced259773d375dc36d80f09f69a8b5204c0d
data/raw/QNL_structured_nonlinearity/final_QCeNN-XX-503_compound_200seeds.csv,36185,bffec4d3499f9dec84cc656f47b5129d3176a7178b1163a902ed3276d30c639a
data/raw/QNL_structured_nonlinearity/final_QCeNN-XX-503_force_step_200seeds.csv,36686,56b3881b69ee62b33498415b60b4d5222c68b12698df6eeb6c0edd7137d743fa
data/raw/QNL_structured_nonlinearity/final_QCeNN-XX-503_latency40_200seeds.csv,37162,37c9349303ec778d81fdab329eeeab38e26be5d8003527feb940a0d9cddbb8bd
data/raw/QNL_structured_nonlinearity/final_QCeNN-XX-503_model20_200seeds.csv,36680,50924623c9508f00fa0b5c3167cbf62ec9279417f96fafbb4a7dca9cbbee701c
data/raw/QNL_structured_nonlinearity/final_QCeNN-XX-503_nominal_200seeds.csv,36745,71e8e2b478ceb5d46ddcf2c568dde6e2a10f3f600133bc3c7fce4755d44a2ae1
data/raw/QNL_structured_nonlinearity/final_QCeNN-XX-503_payload50_200seeds.csv,36826,4df4f3ed5c1031b57d6a72f31c92aa6a842fa4dba37388a182efd93d7e82ed87
data/raw/QNL_structured_nonlinearity/final_QCeNN-XX-503_rotoreff30_200seeds.csv,36987,eab9dd2dccfc63e99c5a64fc95551ddbd1d0dc1f6093b5f00f84a84e51aa707f
data/raw/QNL_structured_nonlinearity/final_QCeNN-XX-503_wind3_200seeds.csv,35640,18bee9e9ea0a327c730008d3fa6cc17fcb845cf7bf60881e6c52c26dc306f2ba
data/raw/QNL_structured_nonlinearity/final_QCeNN-XXXY-512_compound_200seeds.csv,36585,5e926a5fa439ebeccfde5e07fa9411c9894c2509cfb49a081b4a27339c176725
data/raw/QNL_structured_nonlinearity/final_QCeNN-XXXY-512_force_step_200seeds.csv,37073,730500596ea40d51be3420017d1f09c48c881fd88cb644efdbd68743d358b50c
data/raw/QNL_structured_nonlinearity/final_QCeNN-XXXY-512_latency40_200seeds.csv,37558,7fe0a00f8b07e36f18913e0af17b11539454805a9cbf79ef64bc0cef4840a852
data/raw/QNL_structured_nonlinearity/final_QCeNN-XXXY-512_model20_200seeds.csv,37078,ecd10228042b3823515133a9365df75728e018cd41c36bddfb5fe56f4a76f4bc
data/raw/QNL_structured_nonlinearity/final_QCeNN-XXXY-512_nominal_200seeds.csv,37169,fbcdc2f8e9d6e6f58e27f6f825604c365c67cb60d0b84a449fc9163575f31a07
data/raw/QNL_structured_nonlinearity/final_QCeNN-XXXY-512_payload50_200seeds.csv,37190,b09e6dc5b1b5216d3b8b333ea9bb10af559ef6aeef75f860a1a34e7f5cd7cae2
data/raw/QNL_structured_nonlinearity/final_QCeNN-XXXY-512_rotoreff30_200seeds.csv,37392,10b7ed4ad6a2093a3bd9edd7476d56c1d10f11a94bf5d6c2492592a047f4a32e
data/raw/QNL_structured_nonlinearity/final_QCeNN-XXXY-512_wind3_200seeds.csv,36009,7b4ce0c8b4a51969e2d87760819b2cc2cfe22ff09ef7cc0f1c54c6ae9a78ba9a
data/raw/QNL_structured_nonlinearity/final_summary_200seeds.csv,6742,4d6f324e28864c443336c17b6cf9f99ebe77bd769186a8117ccc99d0f9ba90f6
data/raw/QNL_structured_nonlinearity/final_trials_200seeds.csv,1157641,cc8a19f021c84ff6b64f3ea2d592ee462a1286df6d35a271ef8d5a58c476f7ca
data/raw/QNL_structured_nonlinearity/inference_latency_python.csv,301,d4a4ce4aecff9dc0847db90aded811d2827936e2dc1aa2e6f57a82692b8a53e2
data/raw/QNL_structured_nonlinearity/key_effects.csv,998,0e61102fbdfbc6b6dd7d89f1886735e234e53508a271f958f935f5733fa5fc46
data/raw/QNL_structured_nonlinearity/native_nominal_10seeds.csv,3251,67605091a7797af27d409239f4e6125d8210fdbf537ab2fe319d713f6f51f282
data/raw/QNL_structured_nonlinearity/native_rotoreff30_10seeds.csv,3319,621ef697993c74eee416e85f60f46cdb14baa59fdabf0de0d12a47032202c532
data/raw/QNL_structured_nonlinearity/native_source_transfer_effects.csv,621,9490ed172324f996782350dd6366b8c37d9af7f06447ff3a8243e7c429fb82d9
data/raw/QNL_structured_nonlinearity/native_source_transfer_summary_10seeds.csv,1179,7e37fc7d70f74c3dc0d48dbc28e4ddd68d48bf646e32ad155ed1b3bf9c9fc0d9
data/raw/QNL_structured_nonlinearity/native_source_transfer_trials_10seeds.csv,9411,3056e04865de37a1138db0061f6ccb97f1796531cab88686e8e3df78045e0dc7
data/raw/QNL_structured_nonlinearity/native_wind3_10seeds.csv,3104,d5d3ffb6f9f94be3799e593e544086f88778a7196149ce1f2891c354f3200f65
data/raw/QNL_structured_nonlinearity/paired_statistics.csv,8221,3a49bf7fe1b567243b4376ca12ea093c258f84330c05669bfb7fa125447028ad
data/raw/QNL_structured_nonlinearity/protocol_amendment_pre_final.json,741,1e9ff8b8066b3c150b6cef3b3ae68c3fd23f3e53a882a878ee18fb4f341dd3ad
data/raw/QNL_structured_nonlinearity/protocol_preregistered_before_final_test.json,3173,216ea09b3b1ba243830ce31ddb74193877b003cfa598f9c21399979192678413
data/raw/QNL_structured_nonlinearity/selected_replicates_frozen.json,109,dc2d4b3dec4585c85c9a17b197a3b75373cf254fbaebd1bb04654129279a2427
data/raw/QNL_structured_nonlinearity/training_replicates.csv,995,0a4f7fea808bb53940a31d7d5a378f6aa1516533964aaf5d4976864d91385852
data/raw/QNL_structured_nonlinearity/validation_model_selection.csv,1042,556cea402468080e4a2df9108320925fae9bcd5871fc74bfc99d80784a6cea34
data/raw/SCG_safe_control_gym_derived/constrained_lmpc_compound_trials_20.csv,2661,60e1e9733925a627f10ed50272314c9e71fd0007489457914bbf06e7e937b97e
data/raw/SCG_safe_control_gym_derived/constrained_lmpc_latency.csv,133,6630c7aef7d936f0d831fce6b61848faece23eb1bf600a9d01ed1c06a07fde30
data/raw/SCG_safe_control_gym_derived/constrained_lmpc_paired_tests_20.csv,735,3874cf754580bc5b0d91499e85a00c804d064a8f7f65f3b789f15ee57d9dfe07
data/raw/SCG_safe_control_gym_derived/constrained_lmpc_summary.csv,360,df3c034bf875a599e6b74baf0a9c16722939baa2c4dea3ca8f8160936af38006
data/raw/SCG_safe_control_gym_derived/public_benchmark_paired_tests.csv,939,214096ef08c3828b088ab712dd5f17a4adefb43474799ace35b8fc3720fa80b6
data/raw/SCG_safe_control_gym_derived/public_benchmark_python_latency.csv,346,797229ebe5a703d2653b9317836ea05d4325639e653d5eaf8db220ea2cc6fa6f
data/raw/SCG_safe_control_gym_derived/public_benchmark_summary.csv,5462,4d227245d93709206b76043f32d040869e7312b88f259f6dd31d8f3c60cd5fc5
data/raw/SCG_safe_control_gym_derived/public_benchmark_trials.csv,458972,e196e0a10b1ed0568b29d2ecf952b81fd749e9cd937cf3d67e22618ff6151047
data/raw/preH_10AE_probe/stack10_paired_statistics.csv,6913,a50ced8f11a3e9ea2a7b051d8494aa78d43925778ad276cd6a3fdf63e11908c9
data/raw/preH_10AE_probe/stack10_representation_collapse.csv,2010,b6977d6ed6c7e73954ac9478567553b53ad681a92083aa7a1229ed6af9791722
data/raw/preH_10AE_probe/stack10_summary_100seeds.csv,7535,d56e8e356dd69210376aae69fe30cf79417857b6aa30cad808a7e481dbb57dfe
data/raw/preH_10AE_probe/stack10_trials_100seeds.csv,622485,d759f980a3740bae455f7aa55783f74d9d12bae81960a7d1a82dfecd29992729
docs/EXPERIMENTS_COMPENDIUM.md,20679,73601243130c70d710782e3d752b446529b3d48dc1e06aec694a92fcff75b876
docs/FULL_NATIVE_RUN_RECIPE.md,831,b971b883f85750c617ba29f2d136875d7f94ea16d333f8d30c647a14646ae819
environments/environment-native.yml,345,d9968c5a7f32917d2af7dd76fbdb2d818c5850cb1cdbd01238cf1a2154c663b4
environments/requirements-core.txt,75,813c95ecad38e2fc0c53a56ef6d56adade4664d873ab31d6f7be66fa1e45544a
experiments/A_synthetic_micro/experiment_manifest.json,549,10795a08ccc4d986d790d1a4db3a72fe4e6ff32e3e6227880ca1fe4bc58e0be5
experiments/A_synthetic_micro/learned_templates_and_model_info.json,805,a5c8147bc56dfd92014ebb27af76e40c84ba2144462796396de8078b463bb346
experiments/A_synthetic_micro/run_A_synthetic_micro.py,20189,8dec5077766fc46c5c36381413b3abcf3cf5c959c189c507ba625ed72192aa45
experiments/B_C_source_derived/README.md,351,bcda06d8132f31337cee08c68ed8e66ecafbded0eb6c43ef87f7e8b587bd393e
experiments/B_C_source_derived/eval_BC_numba.py,12092,6fe0a5c5d4d71721a29cb8149756d90339359876b4b3380757b2b76d01486ffb
experiments/D2_confirmatory/latency_microbenchmark.json,916,3d49e41454ef29979b647c929307299acfe0b4fed50cf336e1f92ffad068d9fe
experiments/D2_confirmatory/protocol_preregistered.json,1912,94074c105be491a54b8b2f2690510bc8682dbaec06f192f328e81e9b2ccf086c
experiments/D2_confirmatory/revised_confirmatory_criteria.json,814,a583f443bc04d7dc077968973a908f941f74321b8a58f52cf9a2bc195cb25bd2
experiments/D2_confirmatory/run_active_capacity_control.py,6797,206baae1e08e2d1b0221182f2362eb0469dd87750869c8e8ef5dcec8aea3ad5d
experiments/D2_confirmatory/run_d2_confirmatory.py,32839,8378af99642e555358ee3765026790a69a15950eaab84df54939180e0e2c64fa
experiments/D_history_ablation/run_D_fast.py,20761,9fb56b62a9a01e496408170f4df5dc7d1f6645d7fa7bad7c33e7f0147c4c08f4
experiments/E1_actuator_aware/code/e1_fast.py,9833,e6e63f5aaa004043aab702a9b0107adb4737bb39e7d678612a11b2d1eeeb79cf
experiments/E1_actuator_aware/code/e1_final.py,7281,413707ef5185a5d696896465817e954d27e754456a1ffc621a3a08770743dbdf
experiments/E1_actuator_aware/results/FINAL_REPORT.md,7031,e47091362ee5d9baebdf241f1a7dbdd198b01e7169c4eb7cbfadced40ad5ceb9
experiments/E1_actuator_aware/results/PROTOCOL_FROZEN.md,3866,209326d3daf1bfd18aa7ec31cfad85cf6066df017dae12e4de57e90480b7fac6
experiments/E1_actuator_aware/results/PROTOCOL_FROZEN.sha256,124,f784880ee8120169aea4ad73ffca1e143f10dd61b2a1e22acdd1e2c6e9df0b95
experiments/E1_actuator_aware/results/SHA256SUMS.json,1219,a83fcf04ff5b0f55c94ca335c629016ec2e83bcc9718a465c24ddb4ad00fa31c
experiments/E1_actuator_aware/results/calibration.json,299,5a7e2b065a6a740702bdaef20f0c0b969b203c76f23c78562b353fdf6a362fea
experiments/E1_actuator_aware/results/calibration_final.json,299,5a7e2b065a6a740702bdaef20f0c0b969b203c76f23c78562b353fdf6a362fea
experiments/E1_actuator_aware/results/e1_stuck_rmse.png,40074,2ef2edc9684d1b19c1f57d1e6fb4691265c0fad63bdb2f3ab947128082b9af7c
experiments/E1_actuator_aware/results/e1_stuck_violations.png,37165,f93e716a1ddf7d2bf4d8c159c4929a67231dc235fd30dec18197ce2dd139aeaf
experiments/E1_actuator_aware/results/final_acceptance.json,913,2d3999e64220e43c829507ef2d9a4b50be89481dfdf5eced22f22b7bae607df8
experiments/E1_actuator_aware/results/final_paired_statistics.csv,2571,c5fcb85b8a84aef1906efb92bfaf8954bb397d5eab4988e6661ac4c5671fa6e3
experiments/E1_actuator_aware/results/final_summary.csv,3823,6d0ee4ac7db0bae3c95e6371461d6bddd9bfa4ac2afd258d88d80168e617fe93
experiments/E1_actuator_aware/results/final_trial_metrics.csv,300017,7ce3c86c63bd85a3ed894a43b65e09e49c31f014fc996429c11eb188a2d0a80c
experiments/E1_actuator_aware/results/pilot_metrics.csv,35615,340a17ac18b1600a1403744053645a020b40963883d13c27ee3e4a4f7d3c7a72
experiments/E1_actuator_aware/results/pilot_summary.csv,2197,8695c9f90664df423f88cd6e15e5aaeae488593377dcd3c2796875816a4200dd
experiments/E2_energy_risk/CALIBRATION_PARAMETERS.json,698,9c185e8c0a8448dce60e047ba538e9e14b7c44f63cd863cf630a0057f240ccca
experiments/E2_energy_risk/FINAL_REPORT.md,6802,440d07fac5df473230966584dc107c11f60afccb55ddef2725345a46bf3b0f8a
experiments/E2_energy_risk/PROTOCOL_FROZEN.md,6095,1d7cfde2380cc041c3afaa53a89af9765dfff42aa364fee7f9f4d9c18551e402
experiments/E2_energy_risk/SHA256SUMS,1354,dd4eba7a65765cdc7136fd5dd7ba60cbefb954918de141fa96faba12f471c09e
experiments/E2_energy_risk/SUCCESS_CRITERIA.csv,418,b431dde4f836aa324064c5ea54af59c54c14ad71dd082a7f9faeba73ad83c782
experiments/E2_energy_risk/continuous_paired_statistics.csv,155,c2cbae471607b6365e8d9151a76564ca68e9e305445c04a55c2ad4de1b3acff8
experiments/E2_energy_risk/e2_coverage_by_scenario.png,77574,2a4337af25e407f56ba82d5691e9e219d7b0756bec0a1985574716bc544da25c
experiments/E2_energy_risk/e2_false_rejection.png,40032,71b42d28ff5cb32de541dc18762d96296d0241a8bc0dd115e7ff50e298ac5f45
experiments/E2_energy_risk/e2_reserve_violations.png,44647,989bb5a62184ece272d197adc222ccfb08f275b63677150b6cc99205b3d7d1d8
experiments/E2_energy_risk/final_coverage.csv,1217,cdc1c199217489e7757486fb3aed55200f5cbad812f10de19e394659ad383eb7
experiments/E2_energy_risk/final_mission_truth_and_predictions.csv,31312958,0e2f0b0ea2ebdd2d06e2e935ee59a6e32e019c2c103fea1f04965b7ef5d3edd9
experiments/E2_energy_risk/final_paired_statistics.csv,417,967cfaa53d42f6d02e78c6f92306df39df39fade618c9cf095b6aec367574291
experiments/E2_energy_risk/final_policy_trial_metrics.csv,34095527,576a2e505a8c1e2896038a1a92ee099777dc5e32b0d7796dbc3aad7f32b0e962
experiments/E2_energy_risk/final_summary.csv,16797,3d88f8d0919fd43b9b0b238ade36b9fc6bc724c7b658d3838ed67b66193bdacd
experiments/E2_energy_risk/run_e2.py,29656,cc5e5e9947cff87a082413b9cdacbd81250f05443f998ddd7ab666bece53242d
experiments/E3_equal_budget_qi/CALIBRATION_SELECTED.json,200,7a70d452b256ca084604558de1b3672bf0412e006fa0c955579b650860fdb8a3
experiments/E3_equal_budget_qi/ENVIRONMENT.json,321,31980a73004bcabc25528bf9d5e60f5503ce5504c81d338fb02a2eed75cd748e
experiments/E3_equal_budget_qi/FINAL_REPORT.md,4719,900a79c3913d287662b6c4646dd2a9c1e0fc0665715e5f3e916843a87572704d
experiments/E3_equal_budget_qi/H2_DECISION.json,222,46406989e7860c2281f71b672ca9906fccd2217ca6a29e07dc59e0809329076b
experiments/E3_equal_budget_qi/PROTOCOL_FROZEN.md,5716,673cd61a79e5bcacab1615e66518a21b2f0c372197b5600e51952920df32fd87
experiments/E3_equal_budget_qi/PROTOCOL_FROZEN.sha256,119,56d9c85a657c641ebc5556bd83453e70c31074c35651d4ce3dfcd1f6edf6e86e
experiments/E3_equal_budget_qi/SHA256SUMS,2139,8a16a5ee082eae08f92f62f3d1c17809258d5c3f8945278a16f967d8dda74e00
experiments/E3_equal_budget_qi/SUCCESS_CRITERIA.csv,321,4b20bf3d09237f5f04f1fa2f35b5c3b19e39bafc3c702819e4fe2782af18b539
experiments/E3_equal_budget_qi/calibration_grid_results.csv,11356,6adeba549d45a98f054c96a065ac3a1eac947046b745f8c37b6f12ee39430d51
experiments/E3_equal_budget_qi/calibration_grid_summary.csv,1390,1c37f35e1bab9c00823f7edb6b23087004b120fa932677a53387e4454c142152
experiments/E3_equal_budget_qi/descriptive_paired_statistics.csv,1330,ef025bc2f87f2eee203374c7115a250ae513e8dbf859dc144b60b3423697a760
experiments/E3_equal_budget_qi/e3_gap_by_scale.png,42795,7d7f580450c55ef2bffd76e0817aabbaa488bacb24bf54636be9e86ab217e024
experiments/E3_equal_budget_qi/e3_sb_feasibility_deadline.png,42241,f2f4d543e015a15fa5fac6980e39516f76abb200f6fce2e1e7515b9c5ed9a327
experiments/E3_equal_budget_qi/final_large_loose_high.csv,11723,86563b12ee75e89d6ae67f808b006ca9cb576f13a8e17c88d451d562e75405c8
experiments/E3_equal_budget_qi/final_large_loose_standard.csv,11779,5786ddc54c196641c3f72cc3734f4f6902fc5d9702384be0fb6ba5843c7e6bc5
experiments/E3_equal_budget_qi/final_large_tight_high.csv,11650,283cc68de1f7a37e386a09f61d80c0ee9e85004d16f6ed169fdb916d62640adc
experiments/E3_equal_budget_qi/final_large_tight_standard.csv,11848,a549bc3ad90571f334fe377893c92117b3cce461bc76d1066f05a48f2bd60338
experiments/E3_equal_budget_qi/final_medium.csv,45842,483cbb4b208beb0315c762deb12b28d1bc0a4c35e9904377e408cd3b4abb922e
experiments/E3_equal_budget_qi/final_small.csv,45092,c0e90c37525301312d0e54f0a6b618dc7492d592ab0bd93ffd8acbe4b22fe2ce
experiments/E3_equal_budget_qi/final_summary.csv,5283,fc340fae101ab179386df1d70706e85f5e3c169bb1baaf205d953ef22b4011e3
experiments/E3_equal_budget_qi/final_trial_metrics.csv,133766,6d8d0823d8a63cb1bc27a0fdaa362f460cf98d1961f708496c34d7613d52c349
experiments/E3_equal_budget_qi/primary_paired_statistics.csv,500,6fbdce39d55ca7d45f74a389d8428455f4466c5b703ee03be30bd9232f0df3bb
experiments/E3_equal_budget_qi/run_e3.py,35131,ae71a113b9a8c79ddbe938447a9f7747ca22078d7044e7014d21d9ba75f9c364
experiments/E3_equal_budget_qi/scale_summary.csv,952,8640ce3c4dd3218f564c79ebb17d015355267a9d873d143564b0a1d4a7448202
experiments/E_selective_history/protocol.json,419,0ca35bcbb214782a26bd30a17acfddff13e70f2e6c57efcb25d8cfad00ede068
experiments/E_selective_history/run_situation_E_100.py,7369,ceb6d941e2047b50ce199e4d7e14a683757714b426a42fcaecc2570eb21416f7
experiments/F_dual_branch/criteria_results.json,1412,4e5337a863bdd7128928c55d8237cb36bca8bf4d33340104e0f6ff0935d52fef
experiments/F_dual_branch/manifest_F.json,1606,85eb404b2cd15c702a3f99a61c3a922284a95c56e751b619cc9039abbbabe524
experiments/F_dual_branch/protocol_F.json,1547,5081b701db372a8d1ba7e609817db599d01badc1dc6b8246bcb95a74f7037b5e
experiments/F_dual_branch/protocol_preregistered.json,1912,94074c105be491a54b8b2f2690510bc8682dbaec06f192f328e81e9b2ccf086c
experiments/F_dual_branch/run_situation_F_final.py,30048,3242b9bd79283bec287a0dbd44743a46adc969fab62485bbf46b444b42ebc7d9
experiments/G_event_gate/criteria_results.json,761,f899e985326712b131b992c8b82d52e25a6c942a8677d790ca9e5d1d815fafff
experiments/G_event_gate/protocol_G_preregistered.json,1978,1ab1b18e74b000c14fe624e64ae9a16415074a27d5aef1dc991f6a58d8f42768
experiments/G_event_gate/run_situation_G.py,35404,f124b0c74fec206f9155d174c233c9d715988f234032ed2781ce2eda56ff6156
experiments/H_RTA/H_completion_criteria.json,749,088a23a32596b9cf3269f0eb9699962cda1cecb9f159ca181ddd6c2603fafd47
experiments/H_RTA/h_common.py,11131,5b27866c0c46c2673d21933db3fd6f8f3c436d6d3902308429fdd225335be4eb
experiments/H_RTA/protocol_H_preregistered.json,1519,3f36afcceeed6816b8c3f8af11772b62e66f3714b04c8ee55931d3ebdf1d5b20
experiments/H_RTA/run_h_fault_family.py,1332,f8b289fbefa22dcf4e7edc039e784b8bb3e505d9b2acbbf343fe0eb27fe3cfc0
experiments/H_RTA/run_h_fp_force.py,1504,7e7eed1d95bdcc8289a58ae8979a6c09b7cc8460b39b9ee9300c37dc2b5a96fa
experiments/H_RTA/run_h_wind.py,997,d9c7247d06592e7b79f73a2c7649bc5ab398367a5e9d4c814c05cfb26bca02d1
experiments/I_risk_governor/I_completion_criteria.json,1157,bf1fb7301f3f7d1aafa795cdab3e9b189529357b6b1f408b34e26cb1a724e4a8
experiments/I_risk_governor/i_common.py,9133,a16815606df7c165c0d9f4374490c61cbf2d40e3081595ec33edcf290c537850
experiments/I_risk_governor/protocol_I_final_actual.json,3159,1d8a990617cf93af395ed82330e28422f956723a60711d8cc7dc9eb856f0bdb6
experiments/I_risk_governor/run_I_all_final.py,814,593d7b2104bb664ed8ebf748176ffd1d1de570aad38987a4008dbdc33f12f456
experiments/I_risk_governor/run_I_challenge_final.py,2081,f5ddf5a5aaec9a83b0cf181c5bb623bfe0bc44785f310edabd90395ba703853b
experiments/I_risk_governor/run_I_scenario_final.py,755,b766b1d9510332720bbf7f29fc6eb6d7f65a33201f497e2d72a6cf95a232cec5
experiments/J_predictive_projection/J_completion_criteria.json,622,c28de7bf6495a5782c3003221f2ca0eeab859101bef5bdaf6eb4f83095bb4767
experiments/J_predictive_projection/j_common.py,6439,b0cd70dcc04ff1bd9d904c60c8b60901d87ed469b3a45dbd3bcffeaafb762cd8
experiments/J_predictive_projection/protocol_J_preregistered.json,2329,3a70d01d0d5c493677d90bcc7785308b68b4c7420fcc07d3900aec2817ab25ba
experiments/J_predictive_projection/run_J_final_one.py,832,0c00a2fb48c7f407ee90541bdb96eeb4ba3764be8e8658e62ca167dde0689f82
experiments/K_HOCBF/K_completion_criteria.json,737,97c78f56515c06e9e11b83074b52deefce40128919936e26296d51ff1f5983fa
experiments/K_HOCBF/k_common.py,8017,fee45a477cf7df1ab0e48061733e5c81d49da287e31a5acaef0ac6f409807c83
experiments/K_HOCBF/protocol_K_preregistered.json,1712,5348d7d1a8508d9f5e14852b96940273355675b7bb2c421f1176080e9414e094
experiments/K_HOCBF/run_K_final.py,1450,03e99e04ca9135b7c75bfe7756ae5545cc9febda390fc78a892f279b37fb5144
experiments/L2_native_transfer/L2_final_assessment.json,1388,875a053ba357711ea3280df56c8c31e6f6dbbb5bb1d28da9d8e9bd19ce76961f
experiments/L2_native_transfer/L2_frozen_native_hocbf_config.json,598,ee3900ad570c048f594e66d90a1c0ab2081a728e786191c73a95187df54d0e73
experiments/L2_native_transfer/l2_core.py,4455,d8dcce42a60009c431e4e5cf99087ccdc9d1b39389c065aba66f4d8347ce93e6
experiments/L2_native_transfer/native_validation_l_core.py,17621,3eba72134e5705cb99748fdea18994c2df52cf5071e16568632ac0b566b28110
experiments/L2_native_transfer/run_l2_completion_remaining.py,728,e5f56b8f5d92f6eebd48b30403a892871f0569043e41ea029ba86db5461be091
experiments/L_native_source_pilot/H_frozen_packs.npz,7967,bda31b58010d02e3e959dacc654a5907d1df9843de1cfdd458ba6fa96a074377
experiments/L_native_source_pilot/README.md,493,f42cb2b05686422d3b3dca1144fe48c59fcdf327698a057e13a13547b486bcb2
experiments/L_native_source_pilot/h_common.py,11131,5b27866c0c46c2673d21933db3fd6f8f3c436d6d3902308429fdd225335be4eb
experiments/L_native_source_pilot/i_common.py,9133,a16815606df7c165c0d9f4374490c61cbf2d40e3081595ec33edcf290c537850
experiments/L_native_source_pilot/k_common.py,8017,fee45a477cf7df1ab0e48061733e5c81d49da287e31a5acaef0ac6f409807c83
experiments/L_native_source_pilot/manifest_final.json,555,0dc2c6d5f02620052a763a160ef7920c7dd706c8df504e82a07e80c2371d993c
experiments/L_native_source_pilot/native_validation_l_core.py,17621,3eba72134e5705cb99748fdea18994c2df52cf5071e16568632ac0b566b28110
experiments/L_native_source_pilot/risk_monitor_pack.npz,2875,56ac4f6a182d0c297a2d3fa411e9e8a0e376843bfe3004edce6bc9634ef4fb5f
experiments/L_native_source_pilot/run_native_one.py,515,8a9c077f9653c91c60f4376bc1d2a6975d9d72251529bd3d7c59bd793efdcbe9
experiments/QNL_structured_nonlinearity/_source_G.py,35404,f124b0c74fec206f9155d174c233c9d715988f234032ed2781ce2eda56ff6156
experiments/QNL_structured_nonlinearity/aggregate_qcenn.py,16155,d11a18ba741800864528e9747a7c0409e7575a8b74095d45e4134bafa2c00cd5
experiments/QNL_structured_nonlinearity/eval_one.py,351,dc3f6ebb214ab7cb8f9a2d3e14c8631dc4fc6f59ec2dab6b56458a7fb0ddb48f
experiments/QNL_structured_nonlinearity/frozen_models/LinearCeNN-494.pt,9281,70ceef9fe37fd272a37f76c989470bd99f4f2e95f8b8debd29d8b16a1db618f0
experiments/QNL_structured_nonlinearity/frozen_models/LinearCeNN-Capacity-515.pt,9516,8f6b42e1006c72022ca427c2dc9e7e7963e137a74b3dbd3a81efc94709635044
experiments/QNL_structured_nonlinearity/frozen_models/QCeNN-XX-503.pt,9437,cb2d13c18fcb24f2fb5af078eb76ac9f6d884bef209fb9a144e64795733e3092
experiments/QNL_structured_nonlinearity/frozen_models/QCeNN-XXXY-512.pt,9801,39c220a7ebb42128439f8d61fe89bca77211d52f6d507bb17a115858c82b3e70
experiments/QNL_structured_nonlinearity/native_eval.py,1927,c0cc5c7c2e6048988b069697eab8c807b57f7ebdd1d65c967654663f9c610004
experiments/QNL_structured_nonlinearity/qcenn_eval_core.py,9137,629bc2ab17cd8408c84b50042d6fa00c57eacde38c025493137ba4bde7ecc47a
experiments/QNL_structured_nonlinearity/run_qcenn_ablation.py,37232,9c5d53c0de1b27ee958dbf358e4bd74fe4284ee85230d1726b4b8f58695edb0b
experiments/SCG_safe_control_gym_derived/README.md,800,3e4a2a632320794721a388aff55220acced48369da90fac5656551877f8bfda1
experiments/SCG_safe_control_gym_derived/reproduce_scg_analysis.py,1129,1704302af7daf8e4cc6fc51e9d026a051c51e5bbc5f92230a69aa9f5709c6151
experiments/native_full_package/acados_readiness_probe.json,395,9aa633ebf95e83a428e362450067c1c90a8123aa984c7b9337da30c4cc0ee9a2
paper/figures/fig01_ara_authority_chain.png,2451756,43568114caebaaf5c352fd52b4042c619465ba14ce723aa9407efc5311c4c0e3
paper/figures/fig02_ara_multilayer_architecture.png,3069192,0e6fde9a1f5d6e704b9e6738a851c4352e3647edd093abc53d36b0061cf62cf6
paper/figures/fig03_experimental_logic.png,2660146,c554ee65d77cda08efa2e3ff58427227b5fcc33de3cd9d2f42e7b065807d3e2d
paper/figures/fig04_scg_matched_baselines.png,117758,ed83309a64a450d58ab5e0cb03b350afa180d349de1f792c5ef24219878e0725
paper/figures/fig05_d2_capacity_history.png,147479,7ae5beff3f5fcf413d05bcdef74cbc2fbd37377062c17b7f65d298d570bc5af7
paper/figures/fig06_qnl_relative_effect.png,178977,5c16f2cab7784bd4931cb49b96ece725d7568a2f74cfed28a4e1fb903f896fd6
paper/figures/fig07_event_gated_authority.png,163947,2f7c7eff94a5e136f2a107c3d146be192a396b5ff05e049d925456332dc511ea
paper/figures/fig08_binary_rta_detection.png,202479,cc12b3b8a5cc07dfd7bdb91bc76165eb94e147f240c4e5ff93aad845516b523b
paper/figures/fig09_graded_authority.png,111084,c44342925339f0feca7bfcb9ca2f95129e377538fb2f7eba1b76362195b2018c
paper/figures/fig10_post_governor_containment.png,136560,c6c10688f21a63e3b8f9d1993f09364526bb38ef3d64e7f1843cb8bea8a36923
paper/figures/fig11_l2_transfer_failure.png,130882,8a6044de9a755f42caa689f337e1068f28184fb8fc5fe4588ee99eaecc18d2e3
paper/figures/fig12_e1_actuator_aware.png,158701,e53e0f934f9317dda2e0c95ba460def0d4641d1e310b7f2fda221db278ee3a26
paper/figures/fig13_e2_energy_risk.png,804072,5b88ce4c81236141c806f4e01be5eeac68436a2ba4b8675be04d3c4b6b2a0ad1
paper/figures/fig14_e3_solver_benchmark.png,179854,6c106c581862da4132ac4b6fb06b51aab6e6765add22b89b6e7303c6ea9b1802
results/figures/figA_rmse_distribution.png,292624,e3c84e531c1a8b5f73c45ba5d7f3dce12abf0d76b31079b3599022cc598a68ff
results/figures/figA_tracking.png,387849,f4f9a6620c2f97c078dbd5bbfdc3d42128b14865ec67336f537b32d06b48a039
results/figures/figD2_capacity_vs_history.png,110493,d13325a3bd01326042d65758bec8e546becdd0d43a6920cf78033196fa661d63
results/figures/figE_temporal_coherence.png,105068,71510bacdc3cb3a0bad5755885a4b153605e18fe8b0e1a6725aa74f9a2dcb2cf
results/figures/figF_history_effect.png,108079,a2e6816e06083faa6a507ff0bbd6dadb9489dd7110f4a82adc4b382a4eb6f9d4
results/figures/figG_gate_separation.png,102295,9fe82e7e36abeda8ec8e687710188bb12cbd4dd69a96725d26fd99d7ce92142f
results/figures/figH_detection.png,85079,0f2984614046127a5382d9d3e89b413a5ed4281e2372d43d2909ff45c287e896
results/figures/figI_authority.png,90704,813ed6508b1725035681f8abe9e6edd3ae52a4aa18e981f68a59cdfde46fe597
results/figures/figJ_containment.png,109748,bbdd2264259f6cdd7da541eea106d5f48fec243f8b716ccde49e432c88aae84f
results/figures/figK_containment.png,85335,c7dfe9bbb65e5e12d337cc4d40bf245db946f32e33052839e93c654f610ac1dd
results/figures/figL2_assumption_failure.png,111847,4d3067990ee1f7e1ea60ae95276edc35e469ef9b9beca4fb99eebb59a1bf7989
results/figures/figL_native_transfer.png,85042,56907bbe7efc0bf83e35fb21235ffb6585d1e7858bea38c8708760b87f2e9776
results/figures/figQNL_relative_effect.png,112151,e022750c8c32cc9201a1d541c7b70c61e528020bbdbbe4eaa05a029dc4ec45ea
results/figures/figSCG_strong_mpc.png,61951,cb45bba0e789759a07a633f6008462ca95bef2ce29421b5b50fdfde5f517a1bf
results/tables/COMPUTE_TIMING_SUMMARY.csv,294,5eb63d3074076c7c7963579b0e3587066d42789a601a79235cfd839dbf7c4f73
results/tables/E1_E3_KEY_RESULTS.csv,4003,6f46cfe996643b763a0b9e153c38f4631e9ccfc8e023c10bd53626680671a18c
results/tables/PAPER_KEY_RESULTS.csv,2388,fd3ea13e00e58e812ba8facc04317046f3155f537c7eadeedf31aad61462d0da
results/tables/QNL_FINAL_SUMMARY_200SEEDS.csv,6742,4d6f324e28864c443336c17b6cf9f99ebe77bd769186a8117ccc99d0f9ba90f6
results/tables/QNL_KEY_EFFECTS.csv,998,0e61102fbdfbc6b6dd7d89f1886735e234e53508a271f958f935f5733fa5fc46
results/tables/SCG_CONSTRAINED_MPC_PAIRED_REPRODUCED.csv,725,0c9ed94514c1afc28c22e306048ee2315666fde58e1ffaec22f8126fc7a1b2c9
results/tables/SCG_CONSTRAINED_MPC_SUMMARY_REPRODUCED.csv,359,64ee280fceb32a666aee36d2bf2f0058055185b235ef69a5d38dfdd473c860aa
results/tables/SCG_PUBLIC_BENCHMARK_PAIRED_REPRODUCED.csv,913,16d1d1e29f1dde413ad0a4d54f48ade7528686991b38aeeb5697788242ab2c4c
results/tables/SCG_PUBLIC_BENCHMARK_SUMMARY_REPRODUCED.csv,5249,0514dfd5ce7f3b66f4564410517796ef3894111dac5a39df16fcbba472e66ec6
scripts/reproduce_e1_e3_tables.py,4704,9c67927f191d63c830292ca8958ed7f23c2a8420c88ee2e58b42b75511e85987
scripts/reproduce_paper_figures.py,7494,bb3a0df49ebdbc5e3890487ff1a006f705cd62e307cde46484bf2b7274738810
scripts/reproduce_paper_tables.py,4444,c0ff521f872efd60fa7a4ee9a247c8a4bb0f1a4cd3354dbff1b8814bbc1d8d7e
scripts/run_smoke_tests.py,943,6aa616736434858e6849884bedaf16a0ba834453aa99c24700af81347e3d6f6c
scripts/verify_checksums.py,646,b3f9f580a4e2df63386f47e3a365dff45369b953dd75cb50436732fc47fda700
supplementary/QNL_structured_nonlinearity/QCeNN_ABLATION_FINAL_REPORT.md,33445,6402f025a83a87cefb260ca678f44d5dd4f1ed85c59240a644c24fde85925a4e
supplementary/QNL_structured_nonlinearity/figures/figQ1_rmse.png,99935,2599f84cbe7f61f24036f793221478ad9e6781b4c02ee366f4a4b63e6905f129
supplementary/QNL_structured_nonlinearity/figures/figQ2_relative_effect.png,89001,6024d920701b895442ee8734725dd27aaedb586c2618230a4dc940ef7a8d4c84
supplementary/QNL_structured_nonlinearity/figures/figQ3_latency.png,93640,4aacff94351ea5e78876ed553c7038e05912c34f3bb04e19716ee443bd86e35b
supplementary/QNL_structured_nonlinearity/figures/figQ4_native_transfer.png,82361,fda29006c7c52bc9e08da95afa06b3191b15b7d29ca6ce391c0a9d4cfd7d85df
supplementary/SITUATION_A.md,1550,4f4e2d1a5812942a50631da68ec7c1f90d17b4a70787b3d7303aeb3c88aebd50
supplementary/SITUATION_B.md,2211,f821d577f20b990253aef4e57799e66f05324cb80fa2cb3ad2e0b92559ba2432
supplementary/SITUATION_C.md,6870,540e5151bfb28d5b244d107966ba4818688536f29784d55df9850baf5b847fac
supplementary/SITUATION_D.md,7256,b4b2bb78198c63cadfe5a85b7e4c031a74be60f1de7a77df23e551d6202b4b43
supplementary/SITUATION_D2_CONFIRMATORY.md,7315,6f63b5ffbd4369d090e66644f05f00b4d8cc718c69d07de34544ea55150fecee
supplementary/SITUATION_E.md,5075,a4a077732375e7b78801596a9418d34495ba02bfce8314270a8bd37a76602d8b
supplementary/SITUATION_F.md,7366,1ef47b5ca5faa927281e9a2b6145a2b8b533baa9f02b0230519f324a2b2dec70
supplementary/SITUATION_G.md,3617,e6ed42ba7ec12128bce30b281a7b1986e1dda844bdce20e1cdf2f9751f03d546
supplementary/SITUATION_H_FINAL_FROZEN.md,13029,b302600cbcc93a9d21d89874796d7ff74b607ae755c71a6fd94f02037169a7d4
supplementary/SITUATION_I_FINAL_FROZEN.md,3314,82694d7ef0502b7359b7fc61340a7dc7ca1ef3816f94169fb66c5eb4ace07372
supplementary/SITUATION_J_FINAL_FROZEN.md,6071,2de46fc097e7e40f6bfd1485eb94ab62a4d04917b518f7cc06789065a51422e4
supplementary/SITUATION_K_FINAL_FROZEN.md,11159,89ddcaa0c311d8ec7854dabfefde9069a29bea1634e8c625c2ff4a48216dce09
supplementary/SITUATION_L2_FINAL_REJECTED.md,13377,93ba7783a03919d42ff8ebba5ef70b1d6efba1cd46d825d0f64c38d55b117e54
supplementary/SITUATION_L_NATIVE_SOURCE_PILOT.md,8830,d04611644696bfba9eabf5b2751e61a87cdcf58dea045808e190f8589db27847
