Scenario,Controller,n,rmse_mean,rmse_sd,p95_mean,max_mean,excursion_gt0p5_mean_pct,excursion_gt1m_mean_pct,filter_active_mean_pct,infeasible_mean_pct,hocbf_set_invalid_mean_pct,correction_mean
wind3_proposal_impulse,Nominal-Geo,100,0.1690402804564493,0.010650587102024402,0.20822164168375804,0.21430598859910255,0.0,0.0,0.0,0.0,0.0,0.0
wind3_proposal_impulse,CurrentOnly-AE-CeNN-494,100,0.11906847487899914,0.011492412513883159,0.15303088182855915,0.15882562597659614,0.0,0.0,0.0,0.0,0.0,0.0
wind3_proposal_impulse,I-RiskGovernor-unfiltered,100,0.34730070157913917,0.03223822677357834,0.8200282028321437,0.9348048288894827,16.99909008189263,0.5177434030937216,0.0,0.0,0.0,0.0
wind3_proposal_impulse,J-PredictiveProjection,100,0.26144722491774236,0.030018928863108002,0.5983673704229272,0.6936577214716805,10.007279344858963,0.0,9.10191082802548,0.0,0.0,0.2437269117434734
wind3_proposal_impulse,K-RobustHOCBF-Filter,100,0.20995662349246833,0.025280320743778416,0.4537694013021358,0.5240113623461328,2.8598726114649686,0.0,9.099181073703368,0.0,0.0,0.37201047950545096
compound_proposal_stuck,Nominal-Geo,100,0.15378904589986214,0.02126765863630004,0.238751514551317,0.2506643834421906,0.0,0.0,0.0,0.0,0.0,0.0
compound_proposal_stuck,CurrentOnly-AE-CeNN-494,100,0.1134864056825012,0.01833925773679737,0.18411610984391544,0.1939467655021231,0.0,0.0,0.0,0.0,0.0,0.0
compound_proposal_stuck,I-RiskGovernor-unfiltered,100,0.3144060453405097,0.032244702007292535,0.8755074069501682,1.0196182576603303,11.680618744313012,1.9062784349408555,0.0,0.0,0.0,0.0
compound_proposal_stuck,J-PredictiveProjection,100,0.23975739664889292,0.030290454341808576,0.6457311119603202,0.7370124551300169,8.43312101910828,0.0,7.170154686078254,0.0,0.0,0.16179424757459424
compound_proposal_stuck,K-RobustHOCBF-Filter,100,0.21509491035760409,0.031181392471788402,0.5527197598195152,0.6343263155082226,6.248407643312102,0.0,8.64604185623294,0.0,0.0,0.20119021211964813
