Scenario,Controller,SeedIndex,rmse_m,p95_error_m,max_error_m,excursion_gt0p5_pct,excursion_gt1m_pct,saturation_pct,projection_active_pct,projection_infeasible_pct,projection_correction_mean,I_authority_scale_mean
compound_proposal_stuck,Nominal-Geo,9200,0.14146923860765356,0.21219904122129182,0.22576874155494853,0.0,0.0,0.0,0.0,0.0,0.0,0.9859545308408472
compound_proposal_stuck,Nominal-Geo,9201,0.1845570653281591,0.30204104054575226,0.311295767368215,0.0,0.0,0.0,0.0,0.0,0.0,0.9242061308453218
compound_proposal_stuck,Nominal-Geo,9202,0.14948861591394866,0.22586241725162864,0.24160807705904264,0.0,0.0,0.0,0.0,0.0,0.0,0.9753562321660898
compound_proposal_stuck,Nominal-Geo,9203,0.1679946189626107,0.24594892418956152,0.25688399069769174,0.0,0.0,0.0,0.0,0.0,0.0,0.9720373022468294
compound_proposal_stuck,Nominal-Geo,9204,0.14170735583913013,0.22347951095392962,0.237990194398832,0.0,0.0,0.0,0.0,0.0,0.0,0.990687099785609
compound_proposal_stuck,Nominal-Geo,9205,0.16329672207668794,0.23037110866376168,0.23700220632751262,0.0,0.0,0.0,0.0,0.0,0.0,0.9876750112095005
compound_proposal_stuck,Nominal-Geo,9206,0.13085365792438258,0.20328675705024368,0.2180522386192564,0.0,0.0,0.0,0.0,0.0,0.0,0.9916158998052426
compound_proposal_stuck,Nominal-Geo,9207,0.1634916326376867,0.291277415698883,0.3075862194027749,0.0,0.0,0.0,0.0,0.0,0.0,0.9585864961966679
compound_proposal_stuck,Nominal-Geo,9208,0.1284173684604685,0.21055632432811286,0.221500326846975,0.0,0.0,0.0,0.0,0.0,0.0,0.9839502483629317
compound_proposal_stuck,Nominal-Geo,9209,0.1796393523137747,0.3096413540401954,0.3261343669097818,0.0,0.0,0.0,0.0,0.0,0.0,0.9470133162940427
compound_proposal_stuck,Nominal-Geo,9210,0.1579889978289035,0.2723207576649881,0.279261734949547,0.0,0.0,0.0,0.0,0.0,0.0,0.9696791712631747
compound_proposal_stuck,Nominal-Geo,9211,0.11651546027702181,0.18530661796195838,0.19010522722230155,0.0,0.0,0.0,0.0,0.0,0.0,0.9894618188319827
compound_proposal_stuck,Nominal-Geo,9212,0.13633420881848896,0.1997912989490555,0.20176671715055125,0.0,0.0,0.0,0.0,0.0,0.0,0.9863094698864868
compound_proposal_stuck,Nominal-Geo,9213,0.1521787243430268,0.28332161332584704,0.2994990706326731,0.0,0.0,0.0,0.0,0.0,0.0,0.9582422988855716
compound_proposal_stuck,Nominal-Geo,9214,0.13268755564726784,0.19085648798769048,0.20346192496386734,0.0,0.0,0.0,0.0,0.0,0.0,0.9830463232142665
compound_proposal_stuck,Nominal-Geo,9215,0.17676671741082592,0.2825855399281417,0.3008554633619603,0.0,0.0,0.0,0.0,0.0,0.0,0.9328117007110371
compound_proposal_stuck,Nominal-Geo,9216,0.17619372427174593,0.2952138817396716,0.31078910640421364,0.0,0.0,0.0,0.0,0.0,0.0,0.978811737225561
compound_proposal_stuck,Nominal-Geo,9217,0.11947043141065784,0.17306702589482012,0.1969589123776884,0.0,0.0,0.0,0.0,0.0,0.0,0.9948629051919958
compound_proposal_stuck,Nominal-Geo,9218,0.17300218565719536,0.30171020532035936,0.31255507194415416,0.0,0.0,0.0,0.0,0.0,0.0,0.9480107697465935
compound_proposal_stuck,Nominal-Geo,9219,0.1590574319847048,0.2721016942676329,0.2905965014883661,0.0,0.0,0.0,0.0,0.0,0.0,0.9615000977514124
compound_proposal_stuck,Nominal-Geo,9220,0.1616596209326639,0.2443049642639106,0.2528370249058034,0.0,0.0,0.0,0.0,0.0,0.0,0.9815679165263517
compound_proposal_stuck,Nominal-Geo,9221,0.1377142011505844,0.20615255390611567,0.2172863448205356,0.0,0.0,0.0,0.0,0.0,0.0,0.9774279132608951
compound_proposal_stuck,Nominal-Geo,9222,0.16838223155454793,0.2748359599912687,0.28333991176635026,0.0,0.0,0.0,0.0,0.0,0.0,0.9681936188174721
compound_proposal_stuck,Nominal-Geo,9223,0.1503799575315656,0.21920389439351687,0.22139443017583854,0.0,0.0,0.0,0.0,0.0,0.0,0.9841774822443461
compound_proposal_stuck,Nominal-Geo,9224,0.1418918627007929,0.19204976290383308,0.20378916472382452,0.0,0.0,0.0,0.0,0.0,0.0,0.9841384803709821
compound_proposal_stuck,Nominal-Geo,9225,0.1742247098212433,0.3215573915506165,0.3384804579833334,0.0,0.0,0.0,0.0,0.0,0.0,0.9586888762410852
compound_proposal_stuck,Nominal-Geo,9226,0.18722363132932726,0.3131943247274377,0.32855103769672866,0.0,0.0,0.0,0.0,0.0,0.0,0.9483656387842803
compound_proposal_stuck,Nominal-Geo,9227,0.1703197511953612,0.285598245676134,0.30468948780305055,0.0,0.0,0.0,0.0,0.0,0.0,0.952438340012069
compound_proposal_stuck,Nominal-Geo,9228,0.17586568015385104,0.28484547471436283,0.29814985713929354,0.0,0.0,0.0,0.0,0.0,0.0,0.9569440354164737
compound_proposal_stuck,Nominal-Geo,9229,0.14765083930342832,0.24477666562565498,0.25766493629120896,0.0,0.0,0.0,0.0,0.0,0.0,0.9753649495580059
compound_proposal_stuck,Nominal-Geo,9230,0.1420772007694461,0.16822055765808858,0.17986507162919205,0.0,0.0,0.0,0.0,0.0,0.0,0.9857789088965235
compound_proposal_stuck,Nominal-Geo,9231,0.12669052611341203,0.20292308343624782,0.21487589597885975,0.0,0.0,0.0,0.0,0.0,0.0,0.9911145576815799
compound_proposal_stuck,Nominal-Geo,9232,0.15107075009418683,0.21809608782701007,0.23004692616834116,0.0,0.0,0.0,0.0,0.0,0.0,0.9816982291790061
compound_proposal_stuck,Nominal-Geo,9233,0.12824805860351146,0.17725326071540673,0.19151397324497807,0.0,0.0,0.0,0.0,0.0,0.0,0.9971948466705876
compound_proposal_stuck,Nominal-Geo,9234,0.11725620313582605,0.16261871014591697,0.17123763037523063,0.0,0.0,0.0,0.0,0.0,0.0,0.9928617768322864
compound_proposal_stuck,Nominal-Geo,9235,0.15305334343205057,0.23259091246895167,0.24538331129983965,0.0,0.0,0.0,0.0,0.0,0.0,0.9749094702597723
compound_proposal_stuck,Nominal-Geo,9236,0.14151098688428818,0.21053886207125613,0.21790210106677665,0.0,0.0,0.0,0.0,0.0,0.0,0.9820374106301845
compound_proposal_stuck,Nominal-Geo,9237,0.12259459359957393,0.1665030342996525,0.17284018298179998,0.0,0.0,0.0,0.0,0.0,0.0,0.9923564930098913
compound_proposal_stuck,Nominal-Geo,9238,0.15099897472341264,0.2586583432371806,0.2717841316714961,0.0,0.0,0.0,0.0,0.0,0.0,0.9724124446776158
compound_proposal_stuck,Nominal-Geo,9239,0.1487138026850351,0.20883147154140738,0.21396198042357376,0.0,0.0,0.0,0.0,0.0,0.0,0.976331005028722
compound_proposal_stuck,Nominal-Geo,9240,0.1581982326084148,0.23070380682053607,0.24522340142729054,0.0,0.0,0.0,0.0,0.0,0.0,0.9802398966010323
compound_proposal_stuck,Nominal-Geo,9241,0.12944724208408503,0.16853984642890701,0.19678671519164684,0.0,0.0,0.0,0.0,0.0,0.0,0.9781914861630153
compound_proposal_stuck,Nominal-Geo,9242,0.1505957222042968,0.22564818919309843,0.22627046273273554,0.0,0.0,0.0,0.0,0.0,0.0,0.9762950091983403
compound_proposal_stuck,Nominal-Geo,9243,0.15230698263462666,0.2770373590859629,0.29397155047426576,0.0,0.0,0.0,0.0,0.0,0.0,0.9766110402533384
compound_proposal_stuck,Nominal-Geo,9244,0.16604741061366418,0.25503596312971066,0.26206444040681126,0.0,0.0,0.0,0.0,0.0,0.0,0.9670881306092336
compound_proposal_stuck,Nominal-Geo,9245,0.126960142520699,0.24054085638207384,0.2562674268492464,0.0,0.0,0.0,0.0,0.0,0.0,0.9845284511341654
compound_proposal_stuck,Nominal-Geo,9246,0.12846814960861944,0.17313562058989634,0.18315614024587304,0.0,0.0,0.0,0.0,0.0,0.0,0.987831193373516
compound_proposal_stuck,Nominal-Geo,9247,0.13807789825152614,0.20929895506553867,0.22444976533992683,0.0,0.0,0.0,0.0,0.0,0.0,0.9913124818085551
compound_proposal_stuck,Nominal-Geo,9248,0.1303038699344306,0.1824307100647408,0.19738659802305034,0.0,0.0,0.0,0.0,0.0,0.0,0.9817412825693964
compound_proposal_stuck,Nominal-Geo,9249,0.13180051491107547,0.22779214241996204,0.23739532128432342,0.0,0.0,0.0,0.0,0.0,0.0,0.9825250810586249
compound_proposal_stuck,Nominal-Geo,9250,0.15529492777198498,0.285389762251196,0.30474578620141124,0.0,0.0,0.0,0.0,0.0,0.0,0.981527069395782
compound_proposal_stuck,Nominal-Geo,9251,0.12898416743524918,0.17177177565655632,0.1747313055560995,0.0,0.0,0.0,0.0,0.0,0.0,0.9889254899780332
compound_proposal_stuck,Nominal-Geo,9252,0.15004863300709761,0.2270316832055196,0.24040710152122052,0.0,0.0,0.0,0.0,0.0,0.0,0.99099647929909
compound_proposal_stuck,Nominal-Geo,9253,0.16401482466511583,0.260117028266156,0.2741446450738381,0.0,0.0,0.0,0.0,0.0,0.0,0.9523160714863912
compound_proposal_stuck,Nominal-Geo,9254,0.11603985106442768,0.13850708701771805,0.1477348830890139,0.0,0.0,0.0,0.0,0.0,0.0,0.9968552375883951
compound_proposal_stuck,Nominal-Geo,9255,0.1632239256610242,0.21710104074813005,0.2260152880549781,0.0,0.0,0.0,0.0,0.0,0.0,0.9828706234426491
compound_proposal_stuck,Nominal-Geo,9256,0.13055540122842302,0.20626418344245007,0.2159135664719175,0.0,0.0,0.0,0.0,0.0,0.0,0.9769907956122585
compound_proposal_stuck,Nominal-Geo,9257,0.1746438670420473,0.24821648144484343,0.2583302505123156,0.0,0.0,0.0,0.0,0.0,0.0,0.9734628147393414
compound_proposal_stuck,Nominal-Geo,9258,0.14094245949663892,0.19059815930568727,0.19598677189506555,0.0,0.0,0.0,0.0,0.0,0.0,0.9769738518497201
compound_proposal_stuck,Nominal-Geo,9259,0.14032820189899922,0.1726960450419802,0.18343894461541602,0.0,0.0,0.0,0.0,0.0,0.0,0.9861452471820781
compound_proposal_stuck,Nominal-Geo,9260,0.1625614890784441,0.24075561599231055,0.25410525351758,0.0,0.0,0.0,0.0,0.0,0.0,0.9777953373623393
compound_proposal_stuck,Nominal-Geo,9261,0.14137183038404022,0.22125908048427262,0.23226147381089077,0.0,0.0,0.0,0.0,0.0,0.0,0.9840321085957813
compound_proposal_stuck,Nominal-Geo,9262,0.1441760774364126,0.18991742784367446,0.19772624139145062,0.0,0.0,0.0,0.0,0.0,0.0,0.9768085602456442
compound_proposal_stuck,Nominal-Geo,9263,0.11500773827794475,0.14551505436634077,0.14664543988815124,0.0,0.0,0.0,0.0,0.0,0.0,0.9839859807262371
compound_proposal_stuck,Nominal-Geo,9264,0.14700320973376788,0.26436456328943814,0.27900062299732786,0.0,0.0,0.0,0.0,0.0,0.0,0.9728479546388038
compound_proposal_stuck,Nominal-Geo,9265,0.12499729175241556,0.16079762351603874,0.16633163117315267,0.0,0.0,0.0,0.0,0.0,0.0,0.9929617379616471
compound_proposal_stuck,Nominal-Geo,9266,0.162550278529653,0.2255951372553889,0.23959490335042236,0.0,0.0,0.0,0.0,0.0,0.0,0.982125719299195
compound_proposal_stuck,Nominal-Geo,9267,0.16515799260645841,0.22936452841008753,0.2385360438782186,0.0,0.0,0.0,0.0,0.0,0.0,0.9798622168012922
compound_proposal_stuck,Nominal-Geo,9268,0.14762353784487153,0.22983686576360468,0.23479937481274843,0.0,0.0,0.0,0.0,0.0,0.0,0.9815975669313468
compound_proposal_stuck,Nominal-Geo,9269,0.15962640432425398,0.3052210615446557,0.33203604693826644,0.0,0.0,0.0,0.0,0.0,0.0,0.9495205673187599
compound_proposal_stuck,Nominal-Geo,9270,0.1486426705906432,0.2967084446861395,0.30687201580010837,0.0,0.0,0.0,0.0,0.0,0.0,0.9692468477357167
compound_proposal_stuck,Nominal-Geo,9271,0.15188367914729153,0.22212387673502676,0.23454094528136749,0.0,0.0,0.0,0.0,0.0,0.0,0.9712589285330381
compound_proposal_stuck,Nominal-Geo,9272,0.16984421330243163,0.24093165658699509,0.25829175695824075,0.0,0.0,0.0,0.0,0.0,0.0,0.9738953215330951
compound_proposal_stuck,Nominal-Geo,9273,0.1593546391697427,0.324639205861398,0.34807046546774534,0.0,0.0,0.0,0.0,0.0,0.0,0.9642640672645709
compound_proposal_stuck,Nominal-Geo,9274,0.17148695450519785,0.2548847976665555,0.2647134774194759,0.0,0.0,0.0,0.0,0.0,0.0,0.9748624425979326
compound_proposal_stuck,Nominal-Geo,9275,0.1614502901997927,0.2662886904405785,0.2814032258006152,0.0,0.0,0.0,0.0,0.0,0.0,0.9574639044767489
compound_proposal_stuck,Nominal-Geo,9276,0.15570315446779037,0.2782949548457283,0.29282600795363256,0.0,0.0,0.0,0.0,0.0,0.0,0.9797879125564052
compound_proposal_stuck,Nominal-Geo,9277,0.12908176342667224,0.22804886835690483,0.24475569248223958,0.0,0.0,0.0,0.0,0.0,0.0,0.9740382522313
compound_proposal_stuck,Nominal-Geo,9278,0.1281484011042302,0.17007245811311628,0.17197830398421707,0.0,0.0,0.0,0.0,0.0,0.0,0.9940624064624485
compound_proposal_stuck,Nominal-Geo,9279,0.12773570726223932,0.2004357283912921,0.21347122689088427,0.0,0.0,0.0,0.0,0.0,0.0,0.9711977781066914
compound_proposal_stuck,Nominal-Geo,9280,0.12689835697162033,0.1638306500122337,0.17344556459577304,0.0,0.0,0.0,0.0,0.0,0.0,0.9901580297164252
compound_proposal_stuck,Nominal-Geo,9281,0.13538149282206993,0.22847579142705607,0.24444109868472177,0.0,0.0,0.0,0.0,0.0,0.0,0.9889637783790973
compound_proposal_stuck,Nominal-Geo,9282,0.13327909346962027,0.18121712089622283,0.20004817425557841,0.0,0.0,0.0,0.0,0.0,0.0,0.9887975751683644
compound_proposal_stuck,Nominal-Geo,9283,0.16387588932877928,0.29564131011242145,0.3112168598756831,0.0,0.0,0.0,0.0,0.0,0.0,0.9493820765801367
compound_proposal_stuck,Nominal-Geo,9284,0.15730045274331658,0.23843387839245875,0.2448078491063172,0.0,0.0,0.0,0.0,0.0,0.0,0.9715839973338382
compound_proposal_stuck,Nominal-Geo,9285,0.13424709418766528,0.2190839211814168,0.23101589154719493,0.0,0.0,0.0,0.0,0.0,0.0,0.9848427755677475
compound_proposal_stuck,Nominal-Geo,9286,0.12591143148222625,0.17525705424750507,0.1859625627772386,0.0,0.0,0.0,0.0,0.0,0.0,0.991301861892454
compound_proposal_stuck,Nominal-Geo,9287,0.19049526136666953,0.3185698579984347,0.33810667813795897,0.0,0.0,0.0,0.0,0.0,0.0,0.9422144190386952
compound_proposal_stuck,Nominal-Geo,9288,0.1269623835969895,0.1696004866408056,0.17683064129841586,0.0,0.0,0.0,0.0,0.0,0.0,0.9910441538281027
compound_proposal_stuck,Nominal-Geo,9289,0.12803914227594781,0.18990549286698538,0.20104017820389902,0.0,0.0,0.0,0.0,0.0,0.0,0.9883478742730932
compound_proposal_stuck,Nominal-Geo,9290,0.11814458769649461,0.15295980720294525,0.1589109307473033,0.0,0.0,0.0,0.0,0.0,0.0,0.9788618728762947
compound_proposal_stuck,Nominal-Geo,9291,0.1360403653955907,0.1774010624831841,0.18149310351326653,0.0,0.0,0.0,0.0,0.0,0.0,0.9872854276372821
compound_proposal_stuck,Nominal-Geo,9292,0.15639015448766075,0.2581029685201547,0.2714891955554982,0.0,0.0,0.0,0.0,0.0,0.0,0.9769769961334206
compound_proposal_stuck,Nominal-Geo,9293,0.1519814034957771,0.2517400043102119,0.26539190091008125,0.0,0.0,0.0,0.0,0.0,0.0,0.9724412082796479
compound_proposal_stuck,Nominal-Geo,9294,0.16651355133908194,0.251118011960316,0.2711852192942767,0.0,0.0,0.0,0.0,0.0,0.0,0.9712745857547324
compound_proposal_stuck,Nominal-Geo,9295,0.1690145523822317,0.2644115518736983,0.2716913619988293,0.0,0.0,0.0,0.0,0.0,0.0,0.9810012878522182
compound_proposal_stuck,Nominal-Geo,9296,0.12240504844080931,0.16367605756635065,0.16470782175051465,0.0,0.0,0.0,0.0,0.0,0.0,0.9795228007091914
compound_proposal_stuck,Nominal-Geo,9297,0.14457111848383875,0.21211408543506022,0.2240227902016705,0.0,0.0,0.0,0.0,0.0,0.0,0.9694188041505729
compound_proposal_stuck,Nominal-Geo,9298,0.14026825768767523,0.22763087017066022,0.2457811183170047,0.0,0.0,0.0,0.0,0.0,0.0,0.9740055766046031
compound_proposal_stuck,Nominal-Geo,9299,0.15927527606396116,0.27695258722745086,0.2940716000906524,0.0,0.0,0.0,0.0,0.0,0.0,0.9739397265718504
compound_proposal_stuck,CurrentOnly-AE-CeNN-494,9200,0.10168510782357566,0.15851281405659168,0.17011868529048518,0.0,0.0,0.0,0.0,0.0,0.0,0.9845873501354879
compound_proposal_stuck,CurrentOnly-AE-CeNN-494,9201,0.1400804784152115,0.24168628693550254,0.2504016189051599,0.0,0.0,0.0,0.0,0.0,0.0,0.9244357167121373
compound_proposal_stuck,CurrentOnly-AE-CeNN-494,9202,0.11359307228995646,0.17926628271147854,0.19240225007469602,0.0,0.0,0.0,0.0,0.0,0.0,0.9735389539515416
compound_proposal_stuck,CurrentOnly-AE-CeNN-494,9203,0.12878369874517198,0.19888966352133147,0.20763833192525402,0.0,0.0,0.0,0.0,0.0,0.0,0.9780934370558964
compound_proposal_stuck,CurrentOnly-AE-CeNN-494,9204,0.10453575391082982,0.17712679210293947,0.18835335309216145,0.0,0.0,0.0,0.0,0.0,0.0,0.9885401296226352
compound_proposal_stuck,CurrentOnly-AE-CeNN-494,9205,0.11978053844754048,0.1715194755327842,0.18081997293464747,0.0,0.0,0.0,0.0,0.0,0.0,0.983788212230276
compound_proposal_stuck,CurrentOnly-AE-CeNN-494,9206,0.09657335907275658,0.15392174033233633,0.16405474304990714,0.0,0.0,0.0,0.0,0.0,0.0,0.9916602252422352
compound_proposal_stuck,CurrentOnly-AE-CeNN-494,9207,0.11880291817853113,0.22832537274527165,0.24045138803082372,0.0,0.0,0.0,0.0,0.0,0.0,0.9609898514188852
compound_proposal_stuck,CurrentOnly-AE-CeNN-494,9208,0.0938928219527161,0.15822645258294638,0.16705353700817138,0.0,0.0,0.0,0.0,0.0,0.0,0.9793443034638355
compound_proposal_stuck,CurrentOnly-AE-CeNN-494,9209,0.13477844396996694,0.24204180476978787,0.25796719141125857,0.0,0.0,0.0,0.0,0.0,0.0,0.9504088010411348
compound_proposal_stuck,CurrentOnly-AE-CeNN-494,9210,0.11394231009493538,0.20565812882025114,0.2100392402011331,0.0,0.0,0.0,0.0,0.0,0.0,0.9706410310265736
compound_proposal_stuck,CurrentOnly-AE-CeNN-494,9211,0.0785612214378978,0.12356655954506793,0.12738163537178687,0.0,0.0,0.0,0.0,0.0,0.0,0.9874840272277867
compound_proposal_stuck,CurrentOnly-AE-CeNN-494,9212,0.09877048979715351,0.15804351926877716,0.16030708121814297,0.0,0.0,0.0,0.0,0.0,0.0,0.9894929870451687
compound_proposal_stuck,CurrentOnly-AE-CeNN-494,9213,0.11593518141451851,0.2310943739050631,0.244852209295909,0.0,0.0,0.0,0.0,0.0,0.0,0.9572006435284346
compound_proposal_stuck,CurrentOnly-AE-CeNN-494,9214,0.09332489747697503,0.1365797620922723,0.14556483631399314,0.0,0.0,0.0,0.0,0.0,0.0,0.9856761025764322
compound_proposal_stuck,CurrentOnly-AE-CeNN-494,9215,0.1345892453710949,0.22316179540136047,0.23914387534702516,0.0,0.0,0.0,0.0,0.0,0.0,0.9344826259301787
compound_proposal_stuck,CurrentOnly-AE-CeNN-494,9216,0.13292091818138804,0.22928789755694104,0.24162250886360767,0.0,0.0,0.0,0.0,0.0,0.0,0.9785948693568445
compound_proposal_stuck,CurrentOnly-AE-CeNN-494,9217,0.08426608596962532,0.11780659746509038,0.1353571468288246,0.0,0.0,0.0,0.0,0.0,0.0,0.9922780342125203
compound_proposal_stuck,CurrentOnly-AE-CeNN-494,9218,0.1331843712366206,0.25033278995449404,0.25973164779061475,0.0,0.0,0.0,0.0,0.0,0.0,0.9538768932875459
compound_proposal_stuck,CurrentOnly-AE-CeNN-494,9219,0.11614970476376482,0.20838050887791693,0.2238658150556072,0.0,0.0,0.0,0.0,0.0,0.0,0.965925896256662
compound_proposal_stuck,CurrentOnly-AE-CeNN-494,9220,0.11476031933018598,0.18512139406046746,0.19020283059829948,0.0,0.0,0.0,0.0,0.0,0.0,0.9797986282123096
compound_proposal_stuck,CurrentOnly-AE-CeNN-494,9221,0.10255375464516298,0.16006071894172016,0.1698586717873559,0.0,0.0,0.0,0.0,0.0,0.0,0.9744997598388222
compound_proposal_stuck,CurrentOnly-AE-CeNN-494,9222,0.12567966568862207,0.2109464759890796,0.21760130225110766,0.0,0.0,0.0,0.0,0.0,0.0,0.9699127014274723
compound_proposal_stuck,CurrentOnly-AE-CeNN-494,9223,0.11062039941649232,0.16998538701716104,0.1743414428504373,0.0,0.0,0.0,0.0,0.0,0.0,0.9841566225740787
compound_proposal_stuck,CurrentOnly-AE-CeNN-494,9224,0.10613743146745641,0.15317675028406125,0.1631237796020457,0.0,0.0,0.0,0.0,0.0,0.0,0.9821302909672592
compound_proposal_stuck,CurrentOnly-AE-CeNN-494,9225,0.13635220157362377,0.26743091496267707,0.2827517017530803,0.0,0.0,0.0,0.0,0.0,0.0,0.9620383845708913
compound_proposal_stuck,CurrentOnly-AE-CeNN-494,9226,0.14279009250694183,0.25459202356211774,0.2676970365337618,0.0,0.0,0.0,0.0,0.0,0.0,0.9479810115500936
compound_proposal_stuck,CurrentOnly-AE-CeNN-494,9227,0.1257024398639087,0.21629066289866797,0.23293236227071487,0.0,0.0,0.0,0.0,0.0,0.0,0.9566469741746447
compound_proposal_stuck,CurrentOnly-AE-CeNN-494,9228,0.13572416308984406,0.22711795344018337,0.24532038440487355,0.0,0.0,0.0,0.0,0.0,0.0,0.9551972195437256
compound_proposal_stuck,CurrentOnly-AE-CeNN-494,9229,0.11022146035603275,0.19300898628252272,0.20217708995453204,0.0,0.0,0.0,0.0,0.0,0.0,0.9757288504436892
compound_proposal_stuck,CurrentOnly-AE-CeNN-494,9230,0.09750093140268466,0.12061324386040242,0.13082921242555684,0.0,0.0,0.0,0.0,0.0,0.0,0.9841217314007303
compound_proposal_stuck,CurrentOnly-AE-CeNN-494,9231,0.09121707687157297,0.14970986987777338,0.15898840607299702,0.0,0.0,0.0,0.0,0.0,0.0,0.9879765974178407
compound_proposal_stuck,CurrentOnly-AE-CeNN-494,9232,0.10318623750203373,0.15212816568569837,0.15865082775401887,0.0,0.0,0.0,0.0,0.0,0.0,0.9822134713378874
compound_proposal_stuck,CurrentOnly-AE-CeNN-494,9233,0.08987863434338887,0.13344163155216507,0.13828385771132884,0.0,0.0,0.0,0.0,0.0,0.0,0.9958931639449264
compound_proposal_stuck,CurrentOnly-AE-CeNN-494,9234,0.08041337022289755,0.11517774375716225,0.12277990839567594,0.0,0.0,0.0,0.0,0.0,0.0,0.991551139671976
compound_proposal_stuck,CurrentOnly-AE-CeNN-494,9235,0.10658767788082611,0.1770229552028456,0.18745554760445482,0.0,0.0,0.0,0.0,0.0,0.0,0.9757534380482957
compound_proposal_stuck,CurrentOnly-AE-CeNN-494,9236,0.101358411728178,0.15876643655859377,0.1649534446154554,0.0,0.0,0.0,0.0,0.0,0.0,0.9823516803731148
compound_proposal_stuck,CurrentOnly-AE-CeNN-494,9237,0.08723684783686025,0.12422940159982279,0.12807527121579002,0.0,0.0,0.0,0.0,0.0,0.0,0.9910227286352179
compound_proposal_stuck,CurrentOnly-AE-CeNN-494,9238,0.11183968182105634,0.19485972801682813,0.20542978391076722,0.0,0.0,0.0,0.0,0.0,0.0,0.9709939075643926
compound_proposal_stuck,CurrentOnly-AE-CeNN-494,9239,0.10931069251053992,0.1569406726724099,0.16054727286087167,0.0,0.0,0.0,0.0,0.0,0.0,0.9800616974713343
compound_proposal_stuck,CurrentOnly-AE-CeNN-494,9240,0.11981685622377064,0.1861545017216683,0.19814598912913017,0.0,0.0,0.0,0.0,0.0,0.0,0.9800214200045192
compound_proposal_stuck,CurrentOnly-AE-CeNN-494,9241,0.09485517544533106,0.1257857289766405,0.14081928717122122,0.0,0.0,0.0,0.0,0.0,0.0,0.9754161205930936
compound_proposal_stuck,CurrentOnly-AE-CeNN-494,9242,0.10908334821915656,0.1648175515619949,0.16746327593192198,0.0,0.0,0.0,0.0,0.0,0.0,0.9821654843707758
compound_proposal_stuck,CurrentOnly-AE-CeNN-494,9243,0.10766079346309755,0.20405808675886944,0.2180871578205595,0.0,0.0,0.0,0.0,0.0,0.0,0.9779321846416191
compound_proposal_stuck,CurrentOnly-AE-CeNN-494,9244,0.11477325799288299,0.1822504482442938,0.18770875520669575,0.0,0.0,0.0,0.0,0.0,0.0,0.9709725984329977
compound_proposal_stuck,CurrentOnly-AE-CeNN-494,9245,0.09555281642354829,0.1907160826529634,0.20446303431488555,0.0,0.0,0.0,0.0,0.0,0.0,0.9751157560042241
compound_proposal_stuck,CurrentOnly-AE-CeNN-494,9246,0.09253580636730598,0.12920647921747566,0.13678781122894168,0.0,0.0,0.0,0.0,0.0,0.0,0.9842911140728241
compound_proposal_stuck,CurrentOnly-AE-CeNN-494,9247,0.1008920523269619,0.16377889152728184,0.17620994370862228,0.0,0.0,0.0,0.0,0.0,0.0,0.9883005175051228
compound_proposal_stuck,CurrentOnly-AE-CeNN-494,9248,0.09308381347359704,0.14141693722775425,0.1528185909526164,0.0,0.0,0.0,0.0,0.0,0.0,0.9820788541752555
compound_proposal_stuck,CurrentOnly-AE-CeNN-494,9249,0.09498328593302312,0.1650947695179526,0.1714052901637332,0.0,0.0,0.0,0.0,0.0,0.0,0.9787815756843231
compound_proposal_stuck,CurrentOnly-AE-CeNN-494,9250,0.11582118944086588,0.22782994186500985,0.24413525614368795,0.0,0.0,0.0,0.0,0.0,0.0,0.9815014950831257
compound_proposal_stuck,CurrentOnly-AE-CeNN-494,9251,0.0887093565834484,0.11569348627059618,0.12647456196787418,0.0,0.0,0.0,0.0,0.0,0.0,0.9881038791850194
compound_proposal_stuck,CurrentOnly-AE-CeNN-494,9252,0.1095536643265446,0.16863491459376806,0.17907949840767404,0.0,0.0,0.0,0.0,0.0,0.0,0.9894975819821271
compound_proposal_stuck,CurrentOnly-AE-CeNN-494,9253,0.1169448378796238,0.18856356486446296,0.1987089459506004,0.0,0.0,0.0,0.0,0.0,0.0,0.9569495468037487
compound_proposal_stuck,CurrentOnly-AE-CeNN-494,9254,0.08039525805100892,0.10242219024203744,0.10996714829861948,0.0,0.0,0.0,0.0,0.0,0.0,0.9959754958363572
compound_proposal_stuck,CurrentOnly-AE-CeNN-494,9255,0.11438976397052944,0.15660216367764818,0.16179070333170364,0.0,0.0,0.0,0.0,0.0,0.0,0.9840958525673448
compound_proposal_stuck,CurrentOnly-AE-CeNN-494,9256,0.09738816486896913,0.16579177855898378,0.1710689855830188,0.0,0.0,0.0,0.0,0.0,0.0,0.9737376642825993
compound_proposal_stuck,CurrentOnly-AE-CeNN-494,9257,0.12905014267609582,0.18412990905337373,0.19180449224057447,0.0,0.0,0.0,0.0,0.0,0.0,0.9766124699065063
compound_proposal_stuck,CurrentOnly-AE-CeNN-494,9258,0.09673629148321226,0.13233966966536811,0.13922159073458362,0.0,0.0,0.0,0.0,0.0,0.0,0.9735442925013217
compound_proposal_stuck,CurrentOnly-AE-CeNN-494,9259,0.09748595627452039,0.12418551144010002,0.12916944402966912,0.0,0.0,0.0,0.0,0.0,0.0,0.9849428813026986
compound_proposal_stuck,CurrentOnly-AE-CeNN-494,9260,0.11316883589782163,0.1709312065350473,0.18151504179309536,0.0,0.0,0.0,0.0,0.0,0.0,0.9788571214683355
compound_proposal_stuck,CurrentOnly-AE-CeNN-494,9261,0.10230349784173699,0.179143972497451,0.1895511285197417,0.0,0.0,0.0,0.0,0.0,0.0,0.9808843679028317
compound_proposal_stuck,CurrentOnly-AE-CeNN-494,9262,0.10451128017858562,0.14723233604247107,0.14928005053479732,0.0,0.0,0.0,0.0,0.0,0.0,0.9789473373178154
compound_proposal_stuck,CurrentOnly-AE-CeNN-494,9263,0.08076328850479007,0.10029344182843888,0.10262760932613979,0.0,0.0,0.0,0.0,0.0,0.0,0.983179116298254
compound_proposal_stuck,CurrentOnly-AE-CeNN-494,9264,0.11221175325306873,0.2129433799541219,0.2264194709339957,0.0,0.0,0.0,0.0,0.0,0.0,0.9716694305720065
compound_proposal_stuck,CurrentOnly-AE-CeNN-494,9265,0.08640434634521776,0.1111703647859072,0.11239401716671683,0.0,0.0,0.0,0.0,0.0,0.0,0.9904352861382049
compound_proposal_stuck,CurrentOnly-AE-CeNN-494,9266,0.12249573762447619,0.169562893273276,0.18108903229617382,0.0,0.0,0.0,0.0,0.0,0.0,0.9802768648346482
compound_proposal_stuck,CurrentOnly-AE-CeNN-494,9267,0.11740249846166567,0.16740065005649687,0.17393457342169244,0.0,0.0,0.0,0.0,0.0,0.0,0.9832863365032686
compound_proposal_stuck,CurrentOnly-AE-CeNN-494,9268,0.11017326020873189,0.1720701676644788,0.17659518646537026,0.0,0.0,0.0,0.0,0.0,0.0,0.9891055235886712
compound_proposal_stuck,CurrentOnly-AE-CeNN-494,9269,0.1200739652248464,0.2578670151796726,0.28131376076107545,0.0,0.0,0.0,0.0,0.0,0.0,0.951563800457775
compound_proposal_stuck,CurrentOnly-AE-CeNN-494,9270,0.10721202703569312,0.22737381662406028,0.23551287694678308,0.0,0.0,0.0,0.0,0.0,0.0,0.9742663125406039
compound_proposal_stuck,CurrentOnly-AE-CeNN-494,9271,0.10905108358568343,0.16396389570159497,0.17174234840351385,0.0,0.0,0.0,0.0,0.0,0.0,0.9705062093443676
compound_proposal_stuck,CurrentOnly-AE-CeNN-494,9272,0.12383262817142951,0.1768571244859552,0.19150837643203403,0.0,0.0,0.0,0.0,0.0,0.0,0.9717921281418277
compound_proposal_stuck,CurrentOnly-AE-CeNN-494,9273,0.12276384888281677,0.26835862731355103,0.28907083344531487,0.0,0.0,0.0,0.0,0.0,0.0,0.9656443648428276
compound_proposal_stuck,CurrentOnly-AE-CeNN-494,9274,0.13371357874455073,0.20582294798769926,0.21532735632480263,0.0,0.0,0.0,0.0,0.0,0.0,0.9751110904245186
compound_proposal_stuck,CurrentOnly-AE-CeNN-494,9275,0.11816592582501333,0.19495746139831743,0.20617512168918428,0.0,0.0,0.0,0.0,0.0,0.0,0.960245308240474
compound_proposal_stuck,CurrentOnly-AE-CeNN-494,9276,0.11655126173128728,0.223658086532054,0.2366198681882408,0.0,0.0,0.0,0.0,0.0,0.0,0.9822369109067797
compound_proposal_stuck,CurrentOnly-AE-CeNN-494,9277,0.0944887025687105,0.17378918262810725,0.18628159287290316,0.0,0.0,0.0,0.0,0.0,0.0,0.9734487946703253
compound_proposal_stuck,CurrentOnly-AE-CeNN-494,9278,0.09257280745277988,0.12752252586627874,0.12977020921571514,0.0,0.0,0.0,0.0,0.0,0.0,0.993250126576878
compound_proposal_stuck,CurrentOnly-AE-CeNN-494,9279,0.08962807504200088,0.15666169521878043,0.16853544041172328,0.0,0.0,0.0,0.0,0.0,0.0,0.9668236956871072
compound_proposal_stuck,CurrentOnly-AE-CeNN-494,9280,0.08818901493645628,0.11471527824763818,0.12127158043290781,0.0,0.0,0.0,0.0,0.0,0.0,0.9880715544194942
compound_proposal_stuck,CurrentOnly-AE-CeNN-494,9281,0.10304178705750176,0.18475718321761336,0.1987627463814759,0.0,0.0,0.0,0.0,0.0,0.0,0.9833786408517118
compound_proposal_stuck,CurrentOnly-AE-CeNN-494,9282,0.09680147051489453,0.1365384254301335,0.15136577805900386,0.0,0.0,0.0,0.0,0.0,0.0,0.9876738829357613
compound_proposal_stuck,CurrentOnly-AE-CeNN-494,9283,0.12556917869656606,0.23634548699258767,0.24966723396896465,0.0,0.0,0.0,0.0,0.0,0.0,0.9551543427891034
compound_proposal_stuck,CurrentOnly-AE-CeNN-494,9284,0.11782908782707409,0.19339250116066783,0.20035068492517816,0.0,0.0,0.0,0.0,0.0,0.0,0.9703368919790472
compound_proposal_stuck,CurrentOnly-AE-CeNN-494,9285,0.09585243418004706,0.16119748891596875,0.17118081969902502,0.0,0.0,0.0,0.0,0.0,0.0,0.9868386181097504
compound_proposal_stuck,CurrentOnly-AE-CeNN-494,9286,0.08492096189183641,0.12587232763510262,0.13517919567836456,0.0,0.0,0.0,0.0,0.0,0.0,0.987344179614143
compound_proposal_stuck,CurrentOnly-AE-CeNN-494,9287,0.14385160267690103,0.2499390873388517,0.26669656626209415,0.0,0.0,0.0,0.0,0.0,0.0,0.9478117213090124
compound_proposal_stuck,CurrentOnly-AE-CeNN-494,9288,0.0904578714856617,0.12470252461975652,0.13191449172738157,0.0,0.0,0.0,0.0,0.0,0.0,0.9902382643746843
compound_proposal_stuck,CurrentOnly-AE-CeNN-494,9289,0.08610314525802772,0.126653693944801,0.13223188642963385,0.0,0.0,0.0,0.0,0.0,0.0,0.9844820460844027
compound_proposal_stuck,CurrentOnly-AE-CeNN-494,9290,0.08245034950347274,0.10362552822660942,0.10619843745581166,0.0,0.0,0.0,0.0,0.0,0.0,0.9794447746889914
compound_proposal_stuck,CurrentOnly-AE-CeNN-494,9291,0.09957956003182525,0.13336923740034784,0.13944714420821464,0.0,0.0,0.0,0.0,0.0,0.0,0.9831284740227424
compound_proposal_stuck,CurrentOnly-AE-CeNN-494,9292,0.11062691276567511,0.18606751808086974,0.19650793316725454,0.0,0.0,0.0,0.0,0.0,0.0,0.9765238957120681
compound_proposal_stuck,CurrentOnly-AE-CeNN-494,9293,0.11326343240033471,0.1994342914872495,0.2115329115717851,0.0,0.0,0.0,0.0,0.0,0.0,0.9692183901848833
compound_proposal_stuck,CurrentOnly-AE-CeNN-494,9294,0.1200743936617351,0.1963518754791146,0.21384106059776567,0.0,0.0,0.0,0.0,0.0,0.0,0.9676083679248518
compound_proposal_stuck,CurrentOnly-AE-CeNN-494,9295,0.12635347502806574,0.2115397425879429,0.21805859454103532,0.0,0.0,0.0,0.0,0.0,0.0,0.9819560399079709
compound_proposal_stuck,CurrentOnly-AE-CeNN-494,9296,0.08527816656613886,0.11631230524448792,0.11919179563711715,0.0,0.0,0.0,0.0,0.0,0.0,0.9756099857844223
compound_proposal_stuck,CurrentOnly-AE-CeNN-494,9297,0.1064082434904503,0.16516576564919258,0.17520360034052793,0.0,0.0,0.0,0.0,0.0,0.0,0.9703893041685685
compound_proposal_stuck,CurrentOnly-AE-CeNN-494,9298,0.10221465110654969,0.17452859025924358,0.18964544127303432,0.0,0.0,0.0,0.0,0.0,0.0,0.9730842074046014
compound_proposal_stuck,CurrentOnly-AE-CeNN-494,9299,0.11676230946044315,0.20027446656251996,0.21495004747753194,0.0,0.0,0.0,0.0,0.0,0.0,0.9739908326795261
compound_proposal_stuck,I-RiskGovernor-unprojected,9200,0.3389062783290827,0.9545118089647576,1.1059784387088651,12.738853503184714,4.094631483166515,0.0,0.0,0.0,0.0,0.7505381284007462
compound_proposal_stuck,I-RiskGovernor-unprojected,9201,0.2884391326533055,0.7775431617555479,0.9118154372498484,10.37306642402184,0.0,1.5468607825295724,0.0,0.0,0.0,0.6978073604140562
compound_proposal_stuck,I-RiskGovernor-unprojected,9202,0.30664631509955237,0.8551438088432306,1.0038175576172788,11.373976342129207,0.7279344858962694,0.5459508644222021,0.0,0.0,0.0,0.7682887238249263
compound_proposal_stuck,I-RiskGovernor-unprojected,9203,0.3438060760134103,0.9437171692682993,1.0828130689603284,12.556869881710647,3.821656050955414,1.2738853503184715,0.0,0.0,0.0,0.7310470945765525
compound_proposal_stuck,I-RiskGovernor-unprojected,9204,0.34250599249549196,0.9548733162078008,1.10414169488146,13.10282074613285,4.094631483166515,0.0,0.0,0.0,0.0,0.7650489068551036
compound_proposal_stuck,I-RiskGovernor-unprojected,9205,0.36187252133003056,1.0049141403174184,1.142782101267769,13.739763421292084,5.095541401273886,1.8198362147406733,0.0,0.0,0.0,0.7445902134757442
compound_proposal_stuck,I-RiskGovernor-unprojected,9206,0.308323540115291,0.8657746315885604,1.0127749427116732,11.555959963603275,1.364877161055505,1.0919017288444042,0.0,0.0,0.0,0.7644797809223325
compound_proposal_stuck,I-RiskGovernor-unprojected,9207,0.2951430704864798,0.8246491147777258,0.9697946172383369,11.101000909918108,0.0,0.0,0.0,0.0,0.0,0.7519162345838725
compound_proposal_stuck,I-RiskGovernor-unprojected,9208,0.31916140789022845,0.9041420378706486,1.053192057690296,12.010919017288444,2.820746132848044,1.0009099181073704,0.0,0.0,0.0,0.7524778112423597
compound_proposal_stuck,I-RiskGovernor-unprojected,9209,0.3741958656683631,1.0209410009730555,1.1602600780470484,13.92174704276615,5.45950864422202,1.0009099181073704,0.0,0.0,0.0,0.7098951158100871
compound_proposal_stuck,I-RiskGovernor-unprojected,9210,0.3158429515648213,0.87314355751009,1.014372166281721,11.737943585077343,1.5468607825295724,1.0009099181073704,0.0,0.0,0.0,0.7388257518615328
compound_proposal_stuck,I-RiskGovernor-unprojected,9211,0.3292519430951952,0.9373855488708877,1.0788396534465259,12.829845313921748,3.6396724294813465,1.2738853503184715,0.0,0.0,0.0,0.7561724197272665
compound_proposal_stuck,I-RiskGovernor-unprojected,9212,0.29258433549034213,0.8176146244231787,0.9643324561916409,10.91901728844404,0.0,0.0,0.0,0.0,0.0,0.7708815914687053
compound_proposal_stuck,I-RiskGovernor-unprojected,9213,0.28105285229365584,0.773472657398795,0.9233409611244321,10.009099181073704,0.0,0.0,0.0,0.0,0.0,0.7446247368152805
compound_proposal_stuck,I-RiskGovernor-unprojected,9214,0.2892725211153832,0.8126265731139128,0.9524856146865384,10.91901728844404,0.0,0.0,0.0,0.0,0.0,0.75052958483173
compound_proposal_stuck,I-RiskGovernor-unprojected,9215,0.29329025310333284,0.8037944083711137,0.9473905465889986,10.555050045495905,0.0,1.0009099181073704,0.0,0.0,0.0,0.7446780820196035
compound_proposal_stuck,I-RiskGovernor-unprojected,9216,0.3158378758633996,0.8694232194634929,0.9979689771856354,12.101910828025478,0.0,1.5468607825295724,0.0,0.0,0.0,0.7489135950799906
compound_proposal_stuck,I-RiskGovernor-unprojected,9217,0.282203414042856,0.8048043643191352,0.9570455445921919,10.555050045495905,0.0,1.1828935395814377,0.0,0.0,0.0,0.7740885334161629
compound_proposal_stuck,I-RiskGovernor-unprojected,9218,0.3166317024051613,0.8585572036724111,1.0037199290263725,11.555959963603275,0.7279344858962694,0.0,0.0,0.0,0.0,0.7281856349565411
compound_proposal_stuck,I-RiskGovernor-unprojected,9219,0.31650485997111555,0.8834350805929119,1.017718057469805,12.101910828025478,1.7288444040036397,1.4558689717925388,0.0,0.0,0.0,0.7353107675412629
compound_proposal_stuck,I-RiskGovernor-unprojected,9220,0.3851286491825784,1.0712515561580913,1.2207861112822187,14.376706096451318,6.369426751592357,1.910828025477707,0.0,0.0,0.0,0.7355325669540411
compound_proposal_stuck,I-RiskGovernor-unprojected,9221,0.3370591327707439,0.9498922409450171,1.0985009069276463,12.647861692447679,4.003639672429482,0.0,0.0,0.0,0.0,0.7406220863714933
compound_proposal_stuck,I-RiskGovernor-unprojected,9222,0.28236855578686165,0.7718365244453682,0.9194106989643923,10.100090991810736,0.0,1.0009099181073704,0.0,0.0,0.0,0.7518891362048226
compound_proposal_stuck,I-RiskGovernor-unprojected,9223,0.3500576952901486,0.9737066148225508,1.1123799349912276,13.193812556869883,4.45859872611465,0.0,0.0,0.0,0.0,0.7442337479154344
compound_proposal_stuck,I-RiskGovernor-unprojected,9224,0.33911796133820854,0.9509536249411963,1.093354362974033,12.829845313921748,3.912647861692448,1.6378525932666061,0.0,0.0,0.0,0.7519753272366623
compound_proposal_stuck,I-RiskGovernor-unprojected,9225,0.2971038502622772,0.8274143562539029,0.9739111882724492,10.91901728844404,0.0,0.0,0.0,0.0,0.0,0.7506541651453417
compound_proposal_stuck,I-RiskGovernor-unprojected,9226,0.3764305937896552,1.0193568974443965,1.1602862528128208,13.92174704276615,5.368516833484986,1.5468607825295724,0.0,0.0,0.0,0.7043700506818554
compound_proposal_stuck,I-RiskGovernor-unprojected,9227,0.3067328348126856,0.8443422377733787,0.9886136608072698,11.464968152866243,0.0,0.0,0.0,0.0,0.0,0.7352555373227626
compound_proposal_stuck,I-RiskGovernor-unprojected,9228,0.30531619151939915,0.8359041232104499,0.9726896795871813,11.191992720655142,0.0,0.0,0.0,0.0,0.0,0.7397918890452642
compound_proposal_stuck,I-RiskGovernor-unprojected,9229,0.3587826228383349,1.002072746373934,1.1497868532504987,13.830755232029118,5.095541401273886,0.3639672429481347,0.0,0.0,0.0,0.7414742109018543
compound_proposal_stuck,I-RiskGovernor-unprojected,9230,0.2910383385572375,0.8261499431515874,0.9741020622837031,10.737033666969973,0.0,0.8189262966333031,0.0,0.0,0.0,0.7481192061969898
compound_proposal_stuck,I-RiskGovernor-unprojected,9231,0.30689392625322665,0.8684431123042085,1.0092845039463316,11.555959963603275,1.2738853503184715,0.6369426751592357,0.0,0.0,0.0,0.7449308766485601
compound_proposal_stuck,I-RiskGovernor-unprojected,9232,0.38696497026873344,1.0806452836518803,1.2116153123777214,14.83166515013649,6.6424021838034575,2.72975432211101,0.0,0.0,0.0,0.7258166859365152
compound_proposal_stuck,I-RiskGovernor-unprojected,9233,0.35724060107540667,1.011651345916148,1.1689308018864124,13.375796178343949,5.368516833484986,1.364877161055505,0.0,0.0,0.0,0.7614548524577733
compound_proposal_stuck,I-RiskGovernor-unprojected,9234,0.2678994078248669,0.7690871046600997,0.9230196660892861,9.918107370336669,0.0,1.0009099181073704,0.0,0.0,0.0,0.7803639064144882
compound_proposal_stuck,I-RiskGovernor-unprojected,9235,0.3336978438702188,0.9379720483364228,1.0843352841974905,12.738853503184714,3.6396724294813465,0.0,0.0,0.0,0.0,0.7498883220300554
compound_proposal_stuck,I-RiskGovernor-unprojected,9236,0.31605871331056845,0.8932131096262705,1.0436340552145555,11.91992720655141,2.547770700636943,0.6369426751592357,0.0,0.0,0.0,0.7635733967598547
compound_proposal_stuck,I-RiskGovernor-unprojected,9237,0.30557202216898766,0.873912177582108,1.0207097439167045,11.64695177434031,1.8198362147406733,0.9099181073703366,0.0,0.0,0.0,0.7562596301566125
compound_proposal_stuck,I-RiskGovernor-unprojected,9238,0.3007478342434836,0.8309497099659664,0.9724481032888024,11.010009099181074,0.0,0.0,0.0,0.0,0.0,0.7463773713955885
compound_proposal_stuck,I-RiskGovernor-unprojected,9239,0.28828671696727853,0.8051859242925585,0.9419356790223484,10.555050045495905,0.0,0.0,0.0,0.0,0.0,0.7464511171803335
compound_proposal_stuck,I-RiskGovernor-unprojected,9240,0.2751313740260149,0.7678177528878339,0.9146192469368009,9.918107370336669,0.0,1.0009099181073704,0.0,0.0,0.0,0.7533979072158786
compound_proposal_stuck,I-RiskGovernor-unprojected,9241,0.2857263098889812,0.813917871354812,0.9652348549782185,10.555050045495905,0.0,0.0,0.0,0.0,0.0,0.7486500023148102
compound_proposal_stuck,I-RiskGovernor-unprojected,9242,0.26607667028569043,0.7414860752718065,0.8857651657731422,9.554140127388536,0.0,0.0,0.0,0.0,0.0,0.7577035638508737
compound_proposal_stuck,I-RiskGovernor-unprojected,9243,0.38016478164376827,1.073693867082706,1.2202058933826239,14.376706096451318,6.369426751592357,1.6378525932666061,0.0,0.0,0.0,0.7420194688375484
compound_proposal_stuck,I-RiskGovernor-unprojected,9244,0.2898633069541227,0.8000038544918469,0.940742443353421,10.646041856232939,0.0,0.0,0.0,0.0,0.0,0.7559712578616472
compound_proposal_stuck,I-RiskGovernor-unprojected,9245,0.3258830493751171,0.9320550662421,1.0852025202614441,12.374886260236579,3.548680618744313,0.9099181073703366,0.0,0.0,0.0,0.745905309676514
compound_proposal_stuck,I-RiskGovernor-unprojected,9246,0.2715008077242123,0.7804299077797857,0.9146435561084866,10.282074613284804,0.0,0.0,0.0,0.0,0.0,0.7648734467270407
compound_proposal_stuck,I-RiskGovernor-unprojected,9247,0.33502342560462606,0.9392324821957087,1.0789574407618099,12.738853503184714,3.6396724294813465,1.2738853503184715,0.0,0.0,0.0,0.7453915167534203
compound_proposal_stuck,I-RiskGovernor-unprojected,9248,0.32792274398754323,0.9289934508808955,1.0805516170664249,12.465878070973613,3.548680618744313,0.0,0.0,0.0,0.0,0.7490437008354514
compound_proposal_stuck,I-RiskGovernor-unprojected,9249,0.2543650746810513,0.7333017967450198,0.8800645673381736,9.281164695177434,0.0,1.0919017288444042,0.0,0.0,0.0,0.7676576901910487
compound_proposal_stuck,I-RiskGovernor-unprojected,9250,0.3132004822033021,0.8673821308430175,1.0217396737681066,11.191992720655142,1.8198362147406733,0.0,0.0,0.0,0.0,0.7466807972239184
compound_proposal_stuck,I-RiskGovernor-unprojected,9251,0.3012452063961958,0.8609822603631903,1.006594905163253,11.282984531392175,1.0009099181073704,0.0,0.0,0.0,0.0,0.7510794079246208
compound_proposal_stuck,I-RiskGovernor-unprojected,9252,0.3169682972246763,0.8849554256191474,1.0244144641848678,12.010919017288444,2.001819836214741,0.0,0.0,0.0,0.0,0.756216459153175
compound_proposal_stuck,I-RiskGovernor-unprojected,9253,0.3255324716059973,0.9054914235256908,1.0475559882606853,12.192902638762511,2.72975432211101,1.4558689717925388,0.0,0.0,0.0,0.7372995328905069
compound_proposal_stuck,I-RiskGovernor-unprojected,9254,0.3001046038645664,0.8690850648027025,1.0238273497504418,11.282984531392175,1.8198362147406733,0.6369426751592357,0.0,0.0,0.0,0.7694400509937144
compound_proposal_stuck,I-RiskGovernor-unprojected,9255,0.3671652264693499,1.0154871938925196,1.1533967394711078,13.92174704276615,5.277525022747953,1.364877161055505,0.0,0.0,0.0,0.7393676244634356
compound_proposal_stuck,I-RiskGovernor-unprojected,9256,0.319340729998355,0.9033567383184926,1.0578763552874457,12.010919017288444,3.002729754322111,0.0,0.0,0.0,0.0,0.7394540926611161
compound_proposal_stuck,I-RiskGovernor-unprojected,9257,0.35729255825962436,0.976884254203001,1.1186983925570086,13.375796178343949,4.640582347588717,0.0,0.0,0.0,0.0,0.7370863778558143
compound_proposal_stuck,I-RiskGovernor-unprojected,9258,0.2656513348731706,0.7501146424911225,0.9000506273918907,9.736123748862601,0.0,0.0,0.0,0.0,0.0,0.7631738287527413
compound_proposal_stuck,I-RiskGovernor-unprojected,9259,0.31621756016227437,0.8935121314217849,1.0393453752988822,11.91992720655141,2.547770700636943,0.6369426751592357,0.0,0.0,0.0,0.7500059683330078
compound_proposal_stuck,I-RiskGovernor-unprojected,9260,0.3221427332115253,0.8914826140469708,1.040748898664818,11.737943585077343,2.4567788898999092,0.0,0.0,0.0,0.0,0.735648188526941
compound_proposal_stuck,I-RiskGovernor-unprojected,9261,0.3082167760037955,0.8613376166476026,1.0015863018061268,11.737943585077343,0.4549590536851683,0.0,0.0,0.0,0.0,0.7587631098499249
compound_proposal_stuck,I-RiskGovernor-unprojected,9262,0.34927876042410416,0.9774695882054933,1.1277154899378032,13.011828935395814,4.549590536851683,0.5459508644222021,0.0,0.0,0.0,0.7340745948187983
compound_proposal_stuck,I-RiskGovernor-unprojected,9263,0.3086547983224775,0.8815821443357317,1.0307217343754347,11.737943585077343,2.0928116469517746,0.0,0.0,0.0,0.0,0.7512514469775419
compound_proposal_stuck,I-RiskGovernor-unprojected,9264,0.3345975059423805,0.9325675451645619,1.0820212461966714,12.283894449499545,3.6396724294813465,1.0009099181073704,0.0,0.0,0.0,0.7377993458381534
compound_proposal_stuck,I-RiskGovernor-unprojected,9265,0.324910804914081,0.9219933699553983,1.0682557627270142,12.465878070973613,3.2757051865332123,0.0,0.0,0.0,0.0,0.7616101774868793
compound_proposal_stuck,I-RiskGovernor-unprojected,9266,0.33527134780083745,0.92468190821734,1.0690208732205428,12.465878070973613,3.2757051865332123,0.0,0.0,0.0,0.0,0.754897988633733
compound_proposal_stuck,I-RiskGovernor-unprojected,9267,0.27969291779052946,0.7644409037240893,0.9062954716597594,9.827115559599637,0.0,0.0,0.0,0.0,0.0,0.7416332971892556
compound_proposal_stuck,I-RiskGovernor-unprojected,9268,0.30049210584984004,0.8479888050350739,0.9942576575687865,10.91901728844404,0.0,1.4558689717925388,0.0,0.0,0.0,0.755503609876941
compound_proposal_stuck,I-RiskGovernor-unprojected,9269,0.2870146714991281,0.8023466486473324,0.9351653150601434,11.010009099181074,0.0,1.5468607825295724,0.0,0.0,0.0,0.7490179635496704
compound_proposal_stuck,I-RiskGovernor-unprojected,9270,0.2896365416801923,0.8118458362741128,0.961957557932194,10.555050045495905,0.0,0.0,0.0,0.0,0.0,0.7588910657947616
compound_proposal_stuck,I-RiskGovernor-unprojected,9271,0.2764497927899484,0.7794287126042085,0.9290060705999504,10.100090991810736,0.0,0.0,0.0,0.0,0.0,0.7444110290311956
compound_proposal_stuck,I-RiskGovernor-unprojected,9272,0.31899724723001915,0.8791609039076955,1.0234702479941702,11.91992720655141,1.8198362147406733,0.0,0.0,0.0,0.0,0.7560305527033034
compound_proposal_stuck,I-RiskGovernor-unprojected,9273,0.4139956596343373,1.1519521721029655,1.284290573540082,15.92356687898089,7.916287534121929,2.547770700636943,0.0,0.0,0.0,0.7303314931211182
compound_proposal_stuck,I-RiskGovernor-unprojected,9274,0.3259154111222523,0.8958828508547165,1.0334657654602517,12.192902638762511,2.3657870791628755,0.8189262966333031,0.0,0.0,0.0,0.7515195620405348
compound_proposal_stuck,I-RiskGovernor-unprojected,9275,0.30121184483434255,0.8359270174045754,0.9846093127410062,11.101000909918108,0.0,0.5459508644222021,0.0,0.0,0.0,0.7411715120844286
compound_proposal_stuck,I-RiskGovernor-unprojected,9276,0.3384818384671822,0.9382958959304788,1.0771204534684402,12.647861692447679,3.548680618744313,1.7288444040036397,0.0,0.0,0.0,0.7440460929105024
compound_proposal_stuck,I-RiskGovernor-unprojected,9277,0.26131038350053354,0.7493881436615439,0.9012600151527344,9.554140127388536,0.0,0.0,0.0,0.0,0.0,0.7613476445722913
compound_proposal_stuck,I-RiskGovernor-unprojected,9278,0.29156495905537433,0.8290931603050936,0.9823319310221418,10.737033666969973,0.0,0.6369426751592357,0.0,0.0,0.0,0.7639947817023217
compound_proposal_stuck,I-RiskGovernor-unprojected,9279,0.28200550498503296,0.7996122519051774,0.9484972683009187,10.464058234758872,0.0,0.0,0.0,0.0,0.0,0.7560226002509007
compound_proposal_stuck,I-RiskGovernor-unprojected,9280,0.35112144754282437,1.0001106198502954,1.1538043358740533,13.193812556869883,5.004549590536852,0.8189262966333031,0.0,0.0,0.0,0.7542906051522809
compound_proposal_stuck,I-RiskGovernor-unprojected,9281,0.2698293771203105,0.7532059523880489,0.9059017985365174,9.736123748862601,0.0,0.8189262966333031,0.0,0.0,0.0,0.773349059085333
compound_proposal_stuck,I-RiskGovernor-unprojected,9282,0.2862567740943413,0.8091642084217723,0.9558869638558083,10.555050045495905,0.0,0.0,0.0,0.0,0.0,0.7594409565458692
compound_proposal_stuck,I-RiskGovernor-unprojected,9283,0.4147233113849254,1.157950647146319,1.3055821498942446,15.37761601455869,7.825295723384896,2.1838034576888083,0.0,0.0,0.0,0.7214692928928718
compound_proposal_stuck,I-RiskGovernor-unprojected,9284,0.3678054023676147,1.0122165724751304,1.1485750591214727,13.739763421292084,5.277525022747953,1.1828935395814377,0.0,0.0,0.0,0.7231579045804349
compound_proposal_stuck,I-RiskGovernor-unprojected,9285,0.3491944830130442,0.9893745697424513,1.1308429164786504,13.466787989080983,4.822565969062785,2.001819836214741,0.0,0.0,0.0,0.7434867798386031
compound_proposal_stuck,I-RiskGovernor-unprojected,9286,0.299699026786157,0.8588424533799212,0.9948665320794752,11.64695177434031,0.0,1.1828935395814377,0.0,0.0,0.0,0.7540156145141131
compound_proposal_stuck,I-RiskGovernor-unprojected,9287,0.2725303494781386,0.7266341494370097,0.8693625058719187,9.554140127388536,0.0,1.2738853503184715,0.0,0.0,0.0,0.7444908971862984
compound_proposal_stuck,I-RiskGovernor-unprojected,9288,0.36319692432051937,1.0308053046360532,1.1782166057797048,13.64877161055505,5.550500454959054,2.2747952684258417,0.0,0.0,0.0,0.7491477925974288
compound_proposal_stuck,I-RiskGovernor-unprojected,9289,0.29659119213178825,0.8480875475883027,0.9984748815547433,11.191992720655142,0.0,0.0,0.0,0.0,0.0,0.7701504212318931
compound_proposal_stuck,I-RiskGovernor-unprojected,9290,0.3109494612064373,0.8910698479109871,1.0383203436710715,11.91992720655141,2.4567788898999092,0.09099181073703368,0.0,0.0,0.0,0.7524966553471588
compound_proposal_stuck,I-RiskGovernor-unprojected,9291,0.33729584152660713,0.9484393439065009,1.0991496057992791,12.647861692447679,3.912647861692448,1.364877161055505,0.0,0.0,0.0,0.7480336428369881
compound_proposal_stuck,I-RiskGovernor-unprojected,9292,0.312859328949389,0.8585687683989541,0.997257969727917,11.464968152866243,0.0,0.0,0.0,0.0,0.0,0.7280224038164541
compound_proposal_stuck,I-RiskGovernor-unprojected,9293,0.30282375646258713,0.8419403398749578,0.995186157464685,11.101000909918108,0.0,0.0,0.0,0.0,0.0,0.7432339188375505
compound_proposal_stuck,I-RiskGovernor-unprojected,9294,0.3478319104896665,0.9619532629274967,1.1098469855303894,13.10282074613285,4.276615104640583,0.18198362147406735,0.0,0.0,0.0,0.7411521966897857
compound_proposal_stuck,I-RiskGovernor-unprojected,9295,0.3323117809907317,0.907679114610888,1.051942344747063,12.283894449499545,2.9117379435850776,1.364877161055505,0.0,0.0,0.0,0.7563371522898196
compound_proposal_stuck,I-RiskGovernor-unprojected,9296,0.3207273573470119,0.9129930107936838,1.0631424172077935,12.192902638762511,3.0937215650591448,0.0,0.0,0.0,0.0,0.7522688418375609
compound_proposal_stuck,I-RiskGovernor-unprojected,9297,0.26882817376020046,0.7583921523239319,0.8949586093354939,9.918107370336669,0.0,0.0,0.0,0.0,0.0,0.7545723889745942
compound_proposal_stuck,I-RiskGovernor-unprojected,9298,0.2923689112103164,0.8339330483726318,0.9862085421809782,10.828025477707007,0.0,1.4558689717925388,0.0,0.0,0.0,0.747956222845121
compound_proposal_stuck,I-RiskGovernor-unprojected,9299,0.2934307895215254,0.8085713692575147,0.9484181056750147,10.91901728844404,0.0,0.0,0.0,0.0,0.0,0.7444137881138246
compound_proposal_stuck,J-IndependentSafetyProjection,9200,0.26594639134444553,0.7471037266032492,0.8424277649144616,10.100090991810736,0.0,0.0,4.731574158325751,0.0,0.13909397743484936,0.7723937559441332
compound_proposal_stuck,J-IndependentSafetyProjection,9201,0.18559444923176743,0.42233409030950303,0.4993650977704693,0.0,0.0,0.0,9.099181073703367,0.0,0.21963177760277186,0.7467564835189408
compound_proposal_stuck,J-IndependentSafetyProjection,9202,0.23973887806857544,0.6425484605086149,0.737202536340189,8.644222020018198,0.0,0.0,9.099181073703367,0.0,0.19150559035656775,0.782877718591821
compound_proposal_stuck,J-IndependentSafetyProjection,9203,0.22291976459214335,0.5559945977404169,0.6209386821872741,6.915377616014559,0.0,0.0,9.099181073703367,0.0,0.21951538916043992,0.7731737980982013
compound_proposal_stuck,J-IndependentSafetyProjection,9204,0.2707807306572021,0.7349594006074953,0.8231347694755431,10.91901728844404,0.0,0.0,8.098271155595995,0.0,0.18687856574848274,0.7819383278881024
compound_proposal_stuck,J-IndependentSafetyProjection,9205,0.24882623981261923,0.6568855200021498,0.7253782636609428,9.64513193812557,0.0,0.0,6.005459508644222,0.0,0.21403715684519017,0.7792245955865569
compound_proposal_stuck,J-IndependentSafetyProjection,9206,0.2031657114628239,0.5296985517117743,0.5799034864702766,6.369426751592357,0.0,0.0,9.099181073703367,0.0,0.24492348761211266,0.7881225821124282
compound_proposal_stuck,J-IndependentSafetyProjection,9207,0.23788375563203623,0.6597225785833176,0.7609018292590969,8.553230209281166,0.0,0.0,5.18653321201092,0.0,0.11631603531169399,0.7682846768467492
compound_proposal_stuck,J-IndependentSafetyProjection,9208,0.22336382882811168,0.6007855337727562,0.6586888466759427,8.644222020018198,0.0,0.0,9.099181073703367,0.0,0.23871565616920834,0.77267482656254
compound_proposal_stuck,J-IndependentSafetyProjection,9209,0.2782491231181365,0.7386952995832364,0.8085004698892979,10.646041856232939,0.0,0.0,6.1874431301182895,0.0,0.19996875594455246,0.7440505240655647
compound_proposal_stuck,J-IndependentSafetyProjection,9210,0.25752992373835965,0.6861089127913005,0.7814176653888194,9.554140127388536,0.0,0.0,9.099181073703367,0.0,0.16844811320212327,0.7481541524357401
compound_proposal_stuck,J-IndependentSafetyProjection,9211,0.25298714144606077,0.7271309455204903,0.8279812876712174,9.918107370336669,0.0,0.0,5.095541401273886,0.0,0.1573436015434102,0.7814265225071386
compound_proposal_stuck,J-IndependentSafetyProjection,9212,0.22370701722662606,0.5944881445079326,0.6721244164119656,8.098271155595995,0.0,0.0,9.099181073703367,0.0,0.1872988056359705,0.7872462008066435
compound_proposal_stuck,J-IndependentSafetyProjection,9213,0.22881430320716264,0.6097083794944695,0.7174010727897068,7.643312101910828,0.0,0.0,9.099181073703367,0.0,0.14585424643937386,0.761031620910227
compound_proposal_stuck,J-IndependentSafetyProjection,9214,0.24910922474846486,0.6964621655733235,0.8115364684491008,9.1901728844404,0.0,0.0,5.550500454959054,0.0,0.08711678229414314,0.7657347163940991
compound_proposal_stuck,J-IndependentSafetyProjection,9215,0.19560579549124496,0.47736260371977823,0.545710955163071,4.094631483166515,0.0,0.0,9.099181073703367,0.0,0.23898898444667213,0.7783569202670961
compound_proposal_stuck,J-IndependentSafetyProjection,9216,0.22971733101011757,0.5960141708524184,0.6761645759314807,7.916287534121929,0.0,1.364877161055505,9.099181073703367,0.0,0.18259961274668285,0.779640687555421
compound_proposal_stuck,J-IndependentSafetyProjection,9217,0.17235782391980592,0.4568598788906396,0.5294658397688732,3.0937215650591448,0.0,0.0,9.099181073703367,0.0,0.23867992489940648,0.8075251101965945
compound_proposal_stuck,J-IndependentSafetyProjection,9218,0.27056349416980874,0.7041153755778896,0.8034542659743131,10.100090991810736,0.0,0.0,8.826205641492265,0.0,0.14884601762478997,0.7363249533560139
compound_proposal_stuck,J-IndependentSafetyProjection,9219,0.20719580584543423,0.5400875775441358,0.5882083988837074,6.824385805277525,0.0,0.0,9.099181073703367,0.0,0.24277000612536553,0.7654705214113178
compound_proposal_stuck,J-IndependentSafetyProjection,9220,0.28006016255731253,0.7637153818736232,0.8426477343829448,11.282984531392175,0.0,0.0,6.005459508644222,0.0,0.2102876072147167,0.7627203607150729
compound_proposal_stuck,J-IndependentSafetyProjection,9221,0.27792090215290755,0.7787403332325556,0.8786464566983677,10.646041856232939,0.0,0.0,5.004549590536852,0.0,0.12710751593653577,0.7578940397698511
compound_proposal_stuck,J-IndependentSafetyProjection,9222,0.18784597475937445,0.45820071931349815,0.5341156152633393,3.2757051865332123,0.0,0.0,9.099181073703367,0.0,0.22118836310771303,0.7861930601805398
compound_proposal_stuck,J-IndependentSafetyProjection,9223,0.28666478767896836,0.7832744374511902,0.8815579448303887,11.191992720655142,0.0,0.0,4.9135577797998184,0.0,0.14218417988970797,0.7624900472069327
compound_proposal_stuck,J-IndependentSafetyProjection,9224,0.21667958239394808,0.5816358576565287,0.6452748179587713,7.552320291173794,0.0,0.0,9.099181073703367,0.0,0.22474728210537384,0.7991227922286169
compound_proposal_stuck,J-IndependentSafetyProjection,9225,0.22135622630026272,0.5940543928628892,0.6740409940107186,7.643312101910828,0.0,0.0,5.823475887170155,0.0,0.1559843307838395,0.780133794747239
compound_proposal_stuck,J-IndependentSafetyProjection,9226,0.23553770442275812,0.578610992332362,0.6396303455072851,7.552320291173794,0.0,0.0,8.280254777070063,0.0,0.2586768710470347,0.7598960968405613
compound_proposal_stuck,J-IndependentSafetyProjection,9227,0.2524746641793712,0.6814754313526639,0.7728076174963084,9.463148316651502,0.0,0.0,5.7324840764331215,0.0,0.13655442677567894,0.7535287463285728
compound_proposal_stuck,J-IndependentSafetyProjection,9228,0.26455598561402105,0.714113028912491,0.8249570895670545,9.463148316651502,0.0,0.0,3.6396724294813465,0.0,0.07843359399570224,0.7542622748909563
compound_proposal_stuck,J-IndependentSafetyProjection,9229,0.29905170531606223,0.8380514978127668,0.9473564094068619,11.737943585077343,0.0,0.0,4.367606915377617,0.0,0.12498324651786878,0.7568598335017432
compound_proposal_stuck,J-IndependentSafetyProjection,9230,0.18786274978850462,0.5053315511637996,0.5929412348873434,5.18653321201092,0.0,0.18198362147406735,9.099181073703367,0.0,0.19231712660316333,0.7876148240003312
compound_proposal_stuck,J-IndependentSafetyProjection,9231,0.2010405692169333,0.553976159817823,0.6285439799129002,6.6424021838034575,0.0,0.0,8.644222020018198,0.0,0.1956906679974043,0.7905998176220539
compound_proposal_stuck,J-IndependentSafetyProjection,9232,0.2285644388661104,0.6104501390362763,0.6633296892735565,8.735213830755233,0.0,0.0,8.735213830755233,0.0,0.25787221257512355,0.7820205509975805
compound_proposal_stuck,J-IndependentSafetyProjection,9233,0.2533314732775446,0.7057313225438887,0.7786673858989638,10.282074613284804,0.0,0.0,6.278434940855323,0.0,0.20488695325464354,0.7895729200186754
compound_proposal_stuck,J-IndependentSafetyProjection,9234,0.1677844338162175,0.4491808322965421,0.5185276304671259,2.4567788898999092,0.0,0.0,9.099181073703367,0.0,0.2270702092073513,0.8111256489322174
compound_proposal_stuck,J-IndependentSafetyProjection,9235,0.2788364308125319,0.7652854970099273,0.8599993588630808,11.373976342129207,0.0,0.0,8.735213830755233,0.0,0.16553810259066115,0.7602075777171166
compound_proposal_stuck,J-IndependentSafetyProjection,9236,0.23284142959556006,0.6308059381645429,0.702161903384136,9.008189262966333,0.0,0.0,9.099181073703367,0.0,0.22042738901538997,0.7778386176554289
compound_proposal_stuck,J-IndependentSafetyProjection,9237,0.24916219950059332,0.6971323654748028,0.8018329319198764,9.736123748862601,0.0,0.0,9.099181073703367,0.0,0.1701031335532239,0.763565978995135
compound_proposal_stuck,J-IndependentSafetyProjection,9238,0.25938259128826124,0.7076258831847025,0.8281783218467523,9.281164695177434,0.0,0.0,4.549590536851683,0.0,0.09151558482641141,0.7636507293456473
compound_proposal_stuck,J-IndependentSafetyProjection,9239,0.250138323310912,0.68313681975368,0.7840463523596994,9.281164695177434,0.0,0.0,8.371246587807098,0.0,0.12011945249519777,0.7538413636391476
compound_proposal_stuck,J-IndependentSafetyProjection,9240,0.217895521836385,0.5901685606264075,0.7048408073625175,7.006369426751593,0.0,0.0,8.644222020018198,0.0,0.1226384619646202,0.7748283471274982
compound_proposal_stuck,J-IndependentSafetyProjection,9241,0.24410828112865554,0.6934925222719767,0.8174754148241404,8.9171974522293,0.0,0.0,4.276615104640583,0.0,0.09212091276331986,0.7632206118084143
compound_proposal_stuck,J-IndependentSafetyProjection,9242,0.23440212898174698,0.6421626997240802,0.765909065567479,8.007279344858963,0.0,0.0,8.371246587807098,0.0,0.09237777064427363,0.7663168987122556
compound_proposal_stuck,J-IndependentSafetyProjection,9243,0.2502562412691106,0.6827641259256971,0.7234076671395384,10.737033666969973,0.0,0.0,6.824385805277525,0.0,0.25246071239955864,0.7743103255091678
compound_proposal_stuck,J-IndependentSafetyProjection,9244,0.25452328758785747,0.6963429825100235,0.8142472478147218,9.099181073703367,0.0,0.0,3.6396724294813465,0.0,0.07826534749302617,0.7677939311644103
compound_proposal_stuck,J-IndependentSafetyProjection,9245,0.24933874772352227,0.7043954750306387,0.7990482722507245,10.009099181073704,0.0,0.0,5.641492265696088,0.0,0.159226500879565,0.7630860063581537
compound_proposal_stuck,J-IndependentSafetyProjection,9246,0.2201371240718721,0.628242842246267,0.7310577611463163,8.098271155595995,0.0,0.0,4.549590536851683,0.0,0.11227453432225702,0.7838684853172744
compound_proposal_stuck,J-IndependentSafetyProjection,9247,0.2457895791413079,0.6560334814824204,0.7350208667224207,9.736123748862601,0.0,0.0,9.099181073703367,0.0,0.21793443609185956,0.7719017828288535
compound_proposal_stuck,J-IndependentSafetyProjection,9248,0.26355104887985686,0.7384084365714928,0.8326552980615607,10.37306642402184,0.0,0.0,8.735213830755233,0.0,0.15556116642886708,0.764491749468184
compound_proposal_stuck,J-IndependentSafetyProjection,9249,0.16988709154208878,0.46750380544434395,0.5670565425701233,4.003639672429482,0.0,0.09099181073703368,9.099181073703367,0.0,0.18972490818341214,0.7870985979660139
compound_proposal_stuck,J-IndependentSafetyProjection,9250,0.2765342336786668,0.7502563805501988,0.8726090445461084,10.100090991810736,0.0,0.0,4.276615104640583,0.0,0.09536288668638529,0.7593999339290499
compound_proposal_stuck,J-IndependentSafetyProjection,9251,0.24448754458216734,0.7004856910003017,0.812709560868473,9.008189262966333,0.0,0.0,4.003639672429482,0.0,0.1073859571786394,0.7683440614723897
compound_proposal_stuck,J-IndependentSafetyProjection,9252,0.23037471347943467,0.62750313508923,0.7065046233815638,8.371246587807098,0.0,0.0,8.644222020018198,0.0,0.18627129317061594,0.7837846501533535
compound_proposal_stuck,J-IndependentSafetyProjection,9253,0.2008873613822754,0.5174737968610047,0.5632027622100245,5.823475887170155,0.0,0.0,9.099181073703367,0.0,0.27622125426771493,0.7750236872964876
compound_proposal_stuck,J-IndependentSafetyProjection,9254,0.18775667740470184,0.5375670930809072,0.6104627125495496,6.096451319381256,0.0,0.0,9.099181073703367,0.0,0.2076126894313539,0.8085782684848881
compound_proposal_stuck,J-IndependentSafetyProjection,9255,0.28046283658155946,0.7633502261159106,0.8468689892842233,11.101000909918108,0.0,0.0,5.550500454959054,0.0,0.17895685497580852,0.7685565684354507
compound_proposal_stuck,J-IndependentSafetyProjection,9256,0.2551900452841606,0.7207823463023943,0.8284812720971172,9.554140127388536,0.0,0.0,4.094631483166515,0.0,0.11835017369883485,0.7640839984626889
compound_proposal_stuck,J-IndependentSafetyProjection,9257,0.29845022205913757,0.8049920346126829,0.9075632172542335,11.373976342129207,0.0,0.0,4.549590536851683,0.0,0.11852649002650076,0.7542704143770854
compound_proposal_stuck,J-IndependentSafetyProjection,9258,0.2175295237271941,0.6050560072999208,0.7167212572561553,7.461328480436761,0.0,0.0,8.371246587807098,0.0,0.12066889828297096,0.7778477052933869
compound_proposal_stuck,J-IndependentSafetyProjection,9259,0.24788066039875148,0.6904452704775581,0.7906696170262302,9.281164695177434,0.0,0.6369426751592357,7.916287534121929,0.0,0.14757085154873803,0.77080507374814
compound_proposal_stuck,J-IndependentSafetyProjection,9260,0.2631939531729116,0.7206768108876478,0.8317359721572711,9.463148316651502,0.0,0.0,4.45859872611465,0.0,0.1275156636271984,0.759150540924208
compound_proposal_stuck,J-IndependentSafetyProjection,9261,0.23836351913248172,0.6459740357385811,0.7252112566600876,9.008189262966333,0.0,0.0,9.099181073703367,0.0,0.1920713490694983,0.7760867057779023
compound_proposal_stuck,J-IndependentSafetyProjection,9262,0.26568484146391097,0.7369626915334422,0.8345114355594482,10.009099181073704,0.0,0.0,5.550500454959054,0.0,0.16811532457327155,0.7669432905236396
compound_proposal_stuck,J-IndependentSafetyProjection,9263,0.2471759325041602,0.7000184581865225,0.789219806293866,9.64513193812557,0.0,0.0,7.097361237488626,0.0,0.1486860052071656,0.7669200884479961
compound_proposal_stuck,J-IndependentSafetyProjection,9264,0.21901830502364,0.5738523283935312,0.6406946711317083,7.279344858962693,0.0,0.0,8.735213830755233,0.0,0.2188443787373805,0.7769852105940837
compound_proposal_stuck,J-IndependentSafetyProjection,9265,0.268226986279754,0.7559002605354628,0.8611586168130444,10.555050045495905,0.0,0.0,5.004549590536852,0.0,0.12330971386074706,0.7788993442258132
compound_proposal_stuck,J-IndependentSafetyProjection,9266,0.25652878150690367,0.6879009981131201,0.7698699965607853,9.463148316651502,0.0,0.0,5.641492265696088,0.0,0.16679608376885155,0.778823201504455
compound_proposal_stuck,J-IndependentSafetyProjection,9267,0.23496773907168286,0.6199335357663078,0.7312307286341222,7.734303912647862,0.0,0.0,8.644222020018198,0.0,0.1193096955102392,0.7522995189847356
compound_proposal_stuck,J-IndependentSafetyProjection,9268,0.22362017767407796,0.6087620898975196,0.7144263370583515,7.552320291173794,0.0,0.0,8.644222020018198,0.0,0.14821888119986074,0.7811997200960582
compound_proposal_stuck,J-IndependentSafetyProjection,9269,0.24003364862690763,0.6510842440792587,0.750360757528367,9.008189262966333,0.0,1.6378525932666061,9.099181073703367,0.0,0.12615030031819818,0.7662459542820784
compound_proposal_stuck,J-IndependentSafetyProjection,9270,0.2544457079218016,0.7067680059727074,0.822272535704543,9.1901728844404,0.0,0.0,7.188353048225659,0.0,0.09546097266446896,0.7725378062668867
compound_proposal_stuck,J-IndependentSafetyProjection,9271,0.2458554360713526,0.6882155757994818,0.8080730761784576,8.9171974522293,0.0,0.0,4.549590536851683,0.0,0.07714219528083248,0.7551379422681108
compound_proposal_stuck,J-IndependentSafetyProjection,9272,0.24567470782580944,0.6395649341219193,0.7233553779775208,9.281164695177434,0.0,0.0,7.097361237488626,0.0,0.18867229434316224,0.7729961969096021
compound_proposal_stuck,J-IndependentSafetyProjection,9273,0.23632556650705897,0.6349131257973758,0.6684095588802751,9.918107370336669,0.0,0.0,7.461328480436761,0.0,0.3019891611634807,0.7821531425826022
compound_proposal_stuck,J-IndependentSafetyProjection,9274,0.26207431567446005,0.691029172716466,0.7817743283876205,9.827115559599637,0.0,0.0,9.099181073703367,0.0,0.1831665429632297,0.764745271786533
compound_proposal_stuck,J-IndependentSafetyProjection,9275,0.24260991132295873,0.6471893352806672,0.7507197042931002,8.644222020018198,0.0,0.0,9.099181073703367,0.0,0.17211440557906685,0.7557497918072821
compound_proposal_stuck,J-IndependentSafetyProjection,9276,0.22667134962566793,0.5860275477236836,0.6563618632322163,7.734303912647862,0.0,0.0,9.099181073703367,0.0,0.25372579666411954,0.7840872986405816
compound_proposal_stuck,J-IndependentSafetyProjection,9277,0.21589662111541907,0.6062506622931408,0.712797690307707,7.825295723384896,0.0,0.0,7.188353048225659,0.0,0.12489473953605659,0.7712785536055611
compound_proposal_stuck,J-IndependentSafetyProjection,9278,0.22337418443913148,0.6250331801157084,0.7329939528244008,7.825295723384896,0.0,0.0,7.097361237488626,0.0,0.13725656215009158,0.7878066251452983
compound_proposal_stuck,J-IndependentSafetyProjection,9279,0.213821550314209,0.5823128231817881,0.6584676871887454,7.643312101910828,0.0,0.0,9.099181073703367,0.0,0.19227000746428644,0.7697610336922045
compound_proposal_stuck,J-IndependentSafetyProjection,9280,0.22843553886428133,0.6342845421894565,0.6880283271499197,9.008189262966333,0.0,0.0,7.006369426751593,0.0,0.24129013196434607,0.7836339665895227
compound_proposal_stuck,J-IndependentSafetyProjection,9281,0.1802911195532771,0.460348428621264,0.5364492530409111,3.2757051865332123,0.0,0.0,9.099181073703367,0.0,0.20945717514572354,0.7997330278507879
compound_proposal_stuck,J-IndependentSafetyProjection,9282,0.24128761628687426,0.6769293649531952,0.7894100229845366,8.735213830755233,0.0,0.0,5.914467697907188,0.0,0.10562744985948284,0.775779422370151
compound_proposal_stuck,J-IndependentSafetyProjection,9283,0.2522121691347684,0.6701216727089551,0.7023147027616973,10.737033666969973,0.0,0.0,7.370336669699727,0.0,0.2867809643675196,0.7587041270322871
compound_proposal_stuck,J-IndependentSafetyProjection,9284,0.24415914142268566,0.6335016809503171,0.6982273036180865,9.099181073703367,0.0,0.0,6.278434940855323,0.0,0.2384656768061467,0.7623348221541686
compound_proposal_stuck,J-IndependentSafetyProjection,9285,0.22948502977129853,0.6423616884988647,0.7149025356180259,9.008189262966333,0.0,0.0,5.914467697907188,0.0,0.2130031798502366,0.7816545715342086
compound_proposal_stuck,J-IndependentSafetyProjection,9286,0.21146665505901094,0.5949768775130794,0.6820504021307388,7.734303912647862,0.0,0.0,9.099181073703367,0.0,0.19822808067713502,0.7785982054700005
compound_proposal_stuck,J-IndependentSafetyProjection,9287,0.18084450916599953,0.4016712240448891,0.4786824600642182,0.0,0.0,0.18198362147406735,9.099181073703367,0.0,0.2168575034456291,0.7783279532290931
compound_proposal_stuck,J-IndependentSafetyProjection,9288,0.22808080639461667,0.6240819959221747,0.6802041727610891,8.9171974522293,0.0,0.0,7.552320291173794,0.0,0.23059071089402364,0.7907563384611443
compound_proposal_stuck,J-IndependentSafetyProjection,9289,0.22962025257305393,0.6561950656518214,0.7431647753173555,8.553230209281166,0.0,0.0,6.1874431301182895,0.0,0.14425213581148782,0.7918732683674422
compound_proposal_stuck,J-IndependentSafetyProjection,9290,0.20432718651406684,0.5812530825771529,0.6504241594212706,7.370336669699727,0.0,0.0,8.46223839854413,0.0,0.19920362353543145,0.7857225303335488
compound_proposal_stuck,J-IndependentSafetyProjection,9291,0.23168667947342783,0.6342085363703185,0.7009491654312009,8.644222020018198,0.0,0.0,6.278434940855323,0.0,0.21055351140482842,0.7840219674860832
compound_proposal_stuck,J-IndependentSafetyProjection,9292,0.26215655841441265,0.7073341209941032,0.8155650525210348,9.463148316651502,0.0,0.0,4.367606915377617,0.0,0.10838901095098213,0.7493787962762394
compound_proposal_stuck,J-IndependentSafetyProjection,9293,0.2471401747547879,0.6812144548905534,0.7914071388028562,8.735213830755233,0.0,0.0,3.912647861692448,0.0,0.10482923613479726,0.7642299939810172
compound_proposal_stuck,J-IndependentSafetyProjection,9294,0.2829832743508941,0.7640873549859758,0.8591229631845664,11.101000909918108,0.0,0.0,5.45950864422202,0.0,0.14709369955478988,0.7603298962740569
compound_proposal_stuck,J-IndependentSafetyProjection,9295,0.22835217365380212,0.5870828551172408,0.6561430917232315,7.552320291173794,0.0,0.0,8.644222020018198,0.0,0.20555023965229682,0.7949133362909083
compound_proposal_stuck,J-IndependentSafetyProjection,9296,0.27638454161083675,0.7866259074294465,0.8969514756183474,10.737033666969973,0.0,0.0,4.367606915377617,0.0,0.1033565995635927,0.7635799576701193
compound_proposal_stuck,J-IndependentSafetyProjection,9297,0.2158202283509846,0.5887854956110903,0.6847193409454139,7.370336669699727,0.0,0.0,9.099181073703367,0.0,0.146995633348812,0.7643438122829186
compound_proposal_stuck,J-IndependentSafetyProjection,9298,0.19912686199547747,0.5452295472149796,0.6358462210579697,6.278434940855323,0.0,0.8189262966333031,9.099181073703367,0.0,0.18254077456868137,0.7761754468239249
compound_proposal_stuck,J-IndependentSafetyProjection,9299,0.2251461873616168,0.6017272039812082,0.691313878265107,7.734303912647862,0.0,0.0,7.461328480436761,0.0,0.14133239849499882,0.76917239273599
