Scenario,Controller,n,rmse_mean,rmse_sd,p95_mean,max_mean,exc_gt0p5_pct,exc_gt1m_pct,saturation_pct,projection_active_pct,projection_infeasible_pct,projection_correction_mean
wind3_proposal_impulse,Nominal-Geo,100,0.1692275294432535,0.01114838753634792,0.20921675853494073,0.2156059962766092,0.0,0.0,0.0,0.0,0.0,0.0
wind3_proposal_impulse,CurrentOnly-AE-CeNN-494,100,0.11928419092668124,0.010349227829667892,0.1535105361376834,0.15938904681915742,0.0,0.0,0.0,0.0,0.0,0.0
wind3_proposal_impulse,I-RiskGovernor-unprojected,100,0.34696467894121374,0.03411533817468436,0.8219283583204908,0.9324015927291319,16.958143767060964,0.5004549590536852,3.9663330300272976,0.0,0.0,0.0
wind3_proposal_impulse,J-IndependentSafetyProjection,100,0.260717578638445,0.03267898155724004,0.5979348318741446,0.6881710622938335,9.833484986351229,0.0,2.0,9.108280254777073,0.0,0.24462606724647157
compound_proposal_stuck,Nominal-Geo,100,0.1478532265293321,0.018296179961664494,0.22922727484373276,0.24123306773451467,0.0,0.0,0.0,0.0,0.0,0.0
compound_proposal_stuck,CurrentOnly-AE-CeNN-494,100,0.10786050391152592,0.01585612843587173,0.17481886452093265,0.18462918809881784,0.0,0.0,0.0,0.0,0.0,0.0
compound_proposal_stuck,I-RiskGovernor-unprojected,100,0.3163856459114809,0.03360533564773941,0.885090018729447,1.0301154871796936,11.805277525022747,2.08098271155596,0.6733393994540492,0.0,0.0,0.0
compound_proposal_stuck,J-IndependentSafetyProjection,100,0.23707161879120026,0.028770734374601575,0.6425541232472533,0.7301520430273366,8.393994540491356,0.0,0.04913557779799818,7.26660600545951,0.0,0.17223840646787014
severe_compound,Nominal-Geo,100,0.2513109039186112,0.029175001990169817,0.3811666908543684,0.40055580886211795,0.6223839854413104,0.0,0.0,0.0,0.0,0.0
severe_compound,CurrentOnly-AE-CeNN-494,100,0.19988612449896095,0.027151904007830307,0.3163965667970223,0.33326210223045516,0.03548680618744313,0.0,0.0,0.0,0.0,0.0
severe_compound,I-RiskGovernor-unprojected,100,0.19948840436306842,0.0271923025737574,0.31619780705015915,0.3330907399691827,0.03548680618744313,0.0,0.0,0.0,0.0,0.0
severe_compound,J-IndependentSafetyProjection,100,0.19948840436306842,0.0271923025737574,0.31619780705015915,0.3330907399691827,0.03548680618744313,0.0,0.0,0.0,0.0,0.0
