Scenario,Controller,n,rmse_mean,rmse_sd,p95_mean,max_mean,exc_gt0p5_pct,exc_gt1m_pct,projection_active_pct,projection_infeasible_pct,projection_correction_mean
nominal,CurrentOnly-AE-CeNN-494,100,0.009681571115620423,0.0003400899495352951,0.012522767112567437,0.013195521166569666,0.0,0.0,0.0,0.0,0.0
nominal,I-RiskGovernor-unprojected,100,0.00968120965227659,0.0003400577271471591,0.012522518479494947,0.013194880307664551,0.0,0.0,0.0,0.0,0.0
nominal,J-IndependentSafetyProjection,100,0.00968120965227659,0.0003400577271471591,0.012522518479494947,0.013194880307664551,0.0,0.0,0.0,0.0,0.0
wind3,CurrentOnly-AE-CeNN-494,100,0.12002448580343711,0.012368624957734787,0.15565653607806676,0.1623843194374329,0.0,0.0,0.0,0.0,0.0
wind3,I-RiskGovernor-unprojected,100,0.11941061524718893,0.012390842891105971,0.15504771265634912,0.1617670536096453,0.0,0.0,0.0,0.0,0.0
wind3,J-IndependentSafetyProjection,100,0.11941061524718893,0.012390842891105971,0.15504771265634912,0.1617670536096453,0.0,0.0,0.0,0.0,0.0
force_step,CurrentOnly-AE-CeNN-494,100,0.08784530471107005,0.005150690665056015,0.1656695852540629,0.17076472032645962,0.0,0.0,0.0,0.0,0.0
force_step,I-RiskGovernor-unprojected,100,0.08753961671553094,0.005158695943459579,0.1652135358124764,0.17021294833969156,0.0,0.0,0.0,0.0,0.0
force_step,J-IndependentSafetyProjection,100,0.08753961671553094,0.005158695943459579,0.1652135358124764,0.17021294833969156,0.0,0.0,0.0,0.0,0.0
model20,CurrentOnly-AE-CeNN-494,100,0.013742639565564397,0.004450768795194291,0.018949322826270282,0.019893872112724014,0.0,0.0,0.0,0.0,0.0
model20,I-RiskGovernor-unprojected,100,0.013728906635280614,0.004423472347549658,0.018930914237815847,0.019874027876218215,0.0,0.0,0.0,0.0,0.0
model20,J-IndependentSafetyProjection,100,0.013728906635280614,0.004423472347549658,0.018930914237815847,0.019874027876218215,0.0,0.0,0.0,0.0,0.0
latency40,CurrentOnly-AE-CeNN-494,100,0.011857479677612234,0.0002988815239175503,0.015289741325069774,0.016016418768804476,0.0,0.0,0.0,0.0,0.0
latency40,I-RiskGovernor-unprojected,100,0.011856672659718837,0.0002989235221599497,0.01528953493767262,0.01601343706527701,0.0,0.0,0.0,0.0,0.0
latency40,J-IndependentSafetyProjection,100,0.011856672659718837,0.0002989235221599497,0.01528953493767262,0.01601343706527701,0.0,0.0,0.0,0.0,0.0
payload50,CurrentOnly-AE-CeNN-494,100,0.03407052157928702,0.004679857310706198,0.04522411714839058,0.04650958564234227,0.0,0.0,0.0,0.0,0.0
payload50,I-RiskGovernor-unprojected,100,0.03380135630128751,0.004646368856249391,0.04497904095193082,0.04626777062022735,0.0,0.0,0.0,0.0,0.0
payload50,J-IndependentSafetyProjection,100,0.03380135630128751,0.004646368856249391,0.04497904095193082,0.04626777062022735,0.0,0.0,0.0,0.0,0.0
rotoreff30,CurrentOnly-AE-CeNN-494,100,0.04027434566309441,0.021931429411762807,0.059038560920637355,0.06117493718497096,0.0,0.0,0.0,0.0,0.0
rotoreff30,I-RiskGovernor-unprojected,100,0.04008052691793962,0.02185725758935198,0.05881317409648465,0.06093717557148387,0.0,0.0,0.0,0.0,0.0
rotoreff30,J-IndependentSafetyProjection,100,0.04008052691793962,0.02185725758935198,0.05881317409648465,0.06093717557148387,0.0,0.0,0.0,0.0,0.0
compound,CurrentOnly-AE-CeNN-494,100,0.1085012710217979,0.018448750343196388,0.1720154667537123,0.18051832115222635,0.0,0.0,0.0,0.0,0.0
compound,I-RiskGovernor-unprojected,100,0.1080648717974677,0.018452352521734414,0.17153391762608003,0.1800543610723082,0.0,0.0,0.0,0.0,0.0
compound,J-IndependentSafetyProjection,100,0.1080648717974677,0.018452352521734414,0.17153391762608003,0.1800543610723082,0.0,0.0,0.0,0.0,0.0
