Scenario,Comparator,Comparator_RMSE_m,J_RMSE_m,Improvement_m,Relative_improvement_pct,CI95_low_m,CI95_high_m,Wilcoxon_p,Holm_adjusted_p
nominal,I-RiskGovernor-unprojected,0.00968120965227659,0.00968120965227659,0.0,0.0,0.0,0.0,,1.0
nominal,CurrentOnly-AE-CeNN-494,0.009681571115620421,0.00968120965227659,3.614633438320941e-07,0.003733519482689154,-4.0807755647496306e-08,8.01630486818909e-07,0.12308281405493564,1.0
wind3,I-RiskGovernor-unprojected,0.11941061524718892,0.11941061524718892,0.0,0.0,0.0,0.0,,1.0
wind3,CurrentOnly-AE-CeNN-494,0.12002448580343708,0.11941061524718892,0.0006138705562481592,0.5114544354336905,0.0005714642818028793,0.0006572317709827508,3.896559845095909e-18,6.234495752153455e-17
force_step,I-RiskGovernor-unprojected,0.08753961671553094,0.08753961671553094,0.0,0.0,0.0,0.0,,1.0
force_step,CurrentOnly-AE-CeNN-494,0.08784530471107005,0.08753961671553094,0.0003056879955390998,0.3479844444100127,0.0002779220379617438,0.00033344558435849516,3.896559845095909e-18,6.234495752153455e-17
model20,I-RiskGovernor-unprojected,0.013728906635280615,0.013728906635280615,0.0,0.0,0.0,0.0,,1.0
model20,CurrentOnly-AE-CeNN-494,0.013742639565564397,0.013728906635280615,1.3732930283782003e-05,0.09992934922191568,6.88053980735979e-06,2.2241227413210834e-05,5.3809967242995776e-08,5.919096396729535e-07
latency40,I-RiskGovernor-unprojected,0.011856672659718837,0.011856672659718837,0.0,0.0,0.0,0.0,,1.0
latency40,CurrentOnly-AE-CeNN-494,0.011857479677612234,0.011856672659718837,8.070178933979738e-07,0.00680598167013249,3.209921755892623e-07,1.3153148900992036e-06,0.0018290161905831432,0.01829016190583143
payload50,I-RiskGovernor-unprojected,0.033801356301287507,0.033801356301287507,0.0,0.0,0.0,0.0,,1.0
payload50,CurrentOnly-AE-CeNN-494,0.03407052157928702,0.033801356301287507,0.00026916527799950333,0.790023943053284,0.00026171846266674913,0.0002765726892797836,3.896559845095909e-18,6.234495752153455e-17
rotoreff30,I-RiskGovernor-unprojected,0.04008052691793961,0.04008052691793961,0.0,0.0,0.0,0.0,,1.0
rotoreff30,CurrentOnly-AE-CeNN-494,0.04027434566309441,0.04008052691793961,0.00019381874515479088,0.4812461679107989,0.0001745088690945369,0.0002125684156464546,6.311606041551026e-18,7.573927249861231e-17
compound,I-RiskGovernor-unprojected,0.1080648717974677,0.1080648717974677,0.0,0.0,0.0,0.0,,1.0
compound,CurrentOnly-AE-CeNN-494,0.1085012710217979,0.1080648717974677,0.0004363992243302095,0.4022065550204817,0.0004011378112124073,0.00047285411459311417,3.896559845095909e-18,6.234495752153455e-17
