Scenario,Comparator,Selected,Comparator_RMSE_m,Selected_RMSE_m,Improvement_m,Relative_improvement_pct,CI95_low_m,CI95_high_m,Wilcoxon_p,Holm_adjusted_p
nominal,CurrentOnly-AE-CeNN-494,SelectiveLag10-AE-CeNN-496,0.0096245339166133,0.0097126505161042,-8.811659949092888e-05,-0.9155414719753509,-0.0001831570803767,7.219620704831247e-06,0.0766043976360189,0.3064175905440756
wind3,CurrentOnly-AE-CeNN-494,SelectiveLag10-AE-CeNN-496,0.1211519100570466,0.1300621095642499,-0.0089101995072032,-7.354567916434623,-0.0093490384161052,-0.0084526741267588,3.896559845095909e-18,1.246899150430691e-16
force_step,CurrentOnly-AE-CeNN-494,SelectiveLag10-AE-CeNN-496,0.0873947503310567,0.0957490613803521,-0.0083543110492954,-9.559282471371308,-0.0087790742042668,-0.0079283312180855,3.896559845095909e-18,1.246899150430691e-16
model20,CurrentOnly-AE-CeNN-494,SelectiveLag10-AE-CeNN-496,0.0148582828724168,0.0163641450800848,-0.001505862207668,-10.13483334917198,-0.001799967275956,-0.001210905736131,8.35509864372985e-14,1.0861628236848805e-12
latency40,CurrentOnly-AE-CeNN-494,SelectiveLag10-AE-CeNN-496,0.0117937593249737,0.0122608671189698,-0.000467107793996,-3.960635291301717,-0.0005537584278947,-0.0003815259485988,5.49371749717897e-14,7.691204496050558e-13
payload50,CurrentOnly-AE-CeNN-494,SelectiveLag10-AE-CeNN-496,0.0337267535029018,0.0390659572492118,-0.0053392037463099,-15.830766948412585,-0.0054971011057283,-0.0051822023672942,3.896559845095909e-18,1.246899150430691e-16
rotoreff30,CurrentOnly-AE-CeNN-494,SelectiveLag10-AE-CeNN-496,0.0402003792917535,0.0469696582130724,-0.0067692789213189,-16.83884341535938,-0.0074497393027647,-0.0061282451814823,3.896559845095909e-18,1.246899150430691e-16
compound,CurrentOnly-AE-CeNN-494,SelectiveLag10-AE-CeNN-496,0.1106014819929956,0.1213591661489601,-0.0107576841559645,-9.72652803752286,-0.0111404175859895,-0.0103754515727603,3.896559845095909e-18,1.246899150430691e-16
nominal,ZeroHistory6D-AE-CeNN-496,SelectiveLag10-AE-CeNN-496,0.0102614727912101,0.0097126505161042,0.0005488222751058,5.348377238557527,0.000475028889448,0.000623016210421,7.132581379887996e-17,1.2838646483798393e-15
wind3,ZeroHistory6D-AE-CeNN-496,SelectiveLag10-AE-CeNN-496,0.1223852536923812,0.1300621095642499,-0.0076768558718686,-6.272696783523164,-0.0088713771990351,-0.0064460769119271,1.631012778441796e-15,2.7727217233510532e-14
force_step,ZeroHistory6D-AE-CeNN-496,SelectiveLag10-AE-CeNN-496,0.0888413101765028,0.0957490613803521,-0.0069077512038492,-7.775381959277115,-0.0075660800995867,-0.0062382448003515,4.670683307897806e-18,1.246899150430691e-16
model20,ZeroHistory6D-AE-CeNN-496,SelectiveLag10-AE-CeNN-496,0.0167983949401594,0.0163641450800848,0.0004342498600745,2.5850675711663667,0.0002024345106257,0.0006575098445579,6.845862261106332e-05,0.00047921035827744324
latency40,ZeroHistory6D-AE-CeNN-496,SelectiveLag10-AE-CeNN-496,0.0124288895053036,0.0122608671189698,0.0001680223863337,1.3518696602947708,7.773425102125913e-05,0.0002586565494662,0.0003826207334198,0.0022957244005188003
payload50,ZeroHistory6D-AE-CeNN-496,SelectiveLag10-AE-CeNN-496,0.03777173741749,0.0390659572492118,-0.0012942198317218,-3.426423882536381,-0.0014367146503523,-0.0011541844491134,5.4302963826347156e-18,1.2489681680059846e-16
rotoreff30,ZeroHistory6D-AE-CeNN-496,SelectiveLag10-AE-CeNN-496,0.0446636422570463,0.0469696582130724,-0.0023060159560261,-5.163071884631903,-0.0030649098146829,-0.0015845533383595,1.3828387401551853e-07,1.2445548661396667e-06
compound,ZeroHistory6D-AE-CeNN-496,SelectiveLag10-AE-CeNN-496,0.1161926344021249,0.1213591661489601,-0.0051665317468352,-4.446522598803181,-0.0061215784825983,-0.0041872436956881,1.3692995468790791e-13,1.643159456254895e-12
nominal,SelectiveLag10-shuffled-at-test,SelectiveLag10-AE-CeNN-496,0.0096757011711991,0.0097126505161042,-3.6949344905160274e-05,-0.3818776980746816,-0.0001133402075434,3.411806084875246e-05,0.5018970672833105,1.0
wind3,SelectiveLag10-shuffled-at-test,SelectiveLag10-AE-CeNN-496,0.1422896312615036,0.1300621095642499,0.0122275216972537,8.593403179731096,0.0110150492114492,0.0134961332318549,3.896559845095909e-18,1.246899150430691e-16
force_step,SelectiveLag10-shuffled-at-test,SelectiveLag10-AE-CeNN-496,0.1027935974350626,0.0957490613803521,0.0070445360547105,6.8530883542243375,0.0063563006086737,0.0077502495183086,8.59141661178098e-18,1.749383469432041e-16
model20,SelectiveLag10-shuffled-at-test,SelectiveLag10-AE-CeNN-496,0.0193834257800279,0.0163641450800848,0.003019280699943,15.576610317532344,0.0024450212820362,0.0036089523482044,3.1651556228786645e-14,4.747733434317997e-13
latency40,SelectiveLag10-shuffled-at-test,SelectiveLag10-AE-CeNN-496,0.0122523858707857,0.0122608671189698,-8.481248184141597e-06,-0.0692211971903699,-0.0001012746052741,8.448369309963126e-05,0.9944303485801912,1.0
payload50,SelectiveLag10-shuffled-at-test,SelectiveLag10-AE-CeNN-496,0.0389735853381971,0.0390659572492118,-9.237191101476062e-05,-0.2370115815960843,-0.0002499044202007,5.676524751526394e-05,0.3461409289190746,1.0
rotoreff30,SelectiveLag10-shuffled-at-test,SelectiveLag10-AE-CeNN-496,0.0491273103589878,0.0469696582130724,0.0021576521459154,4.3919606633231805,0.001704692686337,0.0026045643960977,1.3193090881309365e-12,1.4512399969440301e-11
compound,SelectiveLag10-shuffled-at-test,SelectiveLag10-AE-CeNN-496,0.1299675946881773,0.1213591661489601,0.0086084285392171,6.623519162504126,0.0079038570609919,0.0093112224102864,8.33039747348591e-18,1.749383469432041e-16
nominal,LQR-outer,SelectiveLag10-AE-CeNN-496,0.0096325557879202,0.0097126505161042,-8.009472818407257e-05,-0.8315002783011749,-0.000137417084637,-2.3408129775434367e-05,0.010115174724622,0.05057587362311
wind3,LQR-outer,SelectiveLag10-AE-CeNN-496,0.1413976187772431,0.1300621095642499,0.0113355092129932,8.016761039555483,0.0103951444695808,0.0122717209252919,4.139373908714419e-18,1.246899150430691e-16
force_step,LQR-outer,SelectiveLag10-AE-CeNN-496,0.0981967168699343,0.0957490613803521,0.0024476554895822,2.492604200631527,0.0018725409136574,0.0030184971953006,5.753368264474777e-11,5.753368264474777e-10
model20,LQR-outer,SelectiveLag10-AE-CeNN-496,0.0196612059612144,0.0163641450800848,0.0032970608811295,16.769372578842017,0.002814331985681,0.0037813187246171,1.114771959554844e-17,2.1180667231542037e-16
latency40,LQR-outer,SelectiveLag10-AE-CeNN-496,0.0129494594132063,0.0122608671189698,0.0006885922942364,5.317536989491927,0.0006177859990133,0.0007594843280063,7.333806979251821e-18,1.6134375354354005e-16
payload50,LQR-outer,SelectiveLag10-AE-CeNN-496,0.0488526129472323,0.0390659572492118,0.0097866556980204,20.033024044366755,0.0096369072824828,0.0099339658382424,3.896559845095909e-18,1.246899150430691e-16
rotoreff30,LQR-outer,SelectiveLag10-AE-CeNN-496,0.0499523503212094,0.0469696582130724,0.0029826921081369,5.971074612019869,0.0025743543518277,0.0033605922315475,2.8379592703006497e-15,4.5407348324810395e-14
compound,LQR-outer,SelectiveLag10-AE-CeNN-496,0.1230502171690891,0.1213591661489601,0.0016910510201289,1.374277152071371,0.0010371987493287,0.0023069200117679,1.7593146167295487e-06,1.407451693383639e-05
