scenario,seed,architecture,rmse_m,p95_m,max_m,excursion_gt1m_pct,control_effort_mean,command_saturation_pct,residual_rms_mps2,residual_bound_violation_pct,latent_max,latent_p999,finite
nominal,16000,LinearCeNN-494,0.007425646479245066,0.010772664981894763,0.010878254099600387,0.0,0.6723163126197633,0.0,0.13242830286676177,0.0,0.6737673822221814,0.6572217048432925,True
nominal,16001,LinearCeNN-494,0.007453521000767492,0.01039409827616808,0.010945339562979483,0.0,0.6703753834904315,0.0,0.12638648776334097,0.0,0.6414978775902939,0.619632825154083,True
nominal,16002,LinearCeNN-494,0.00705742770073137,0.010795560050883283,0.011529637449784509,0.0,0.668587902584036,0.0,0.12950192291371154,0.0,0.6429631332279857,0.6365567132242177,True
nominal,16003,LinearCeNN-494,0.0081839159650426,0.01264419732782403,0.01363935753934512,0.0,0.6707523935678953,0.0,0.13215071816999335,0.0,0.6454154067769251,0.5998251862245678,True
nominal,16004,LinearCeNN-494,0.007821727344930512,0.01173005547732236,0.012191476659245479,0.0,0.6702654275719128,0.0,0.1303386527614177,0.0,0.6660137864765439,0.6115703544201565,True
nominal,16005,LinearCeNN-494,0.007887650677028407,0.012755343413238654,0.013250369464138058,0.0,0.6709018487159706,0.0,0.1297620707999912,0.0,0.6636044156291694,0.6562464257070268,True
nominal,16006,LinearCeNN-494,0.00683103753914648,0.009360821752065053,0.009679294178039166,0.0,0.6720800325528101,0.0,0.13413498029236504,0.0,0.6153524640054294,0.6034903449229722,True
nominal,16007,LinearCeNN-494,0.008001207849777309,0.01269710583188284,0.013661064732894709,0.0,0.6708841780514129,0.0,0.13080626366187864,0.0,0.6589341963507721,0.6344892595855856,True
nominal,16008,LinearCeNN-494,0.009115186387724121,0.012196460036746778,0.013039956415587375,0.0,0.6696929379082447,0.0,0.1260573820341171,0.0,0.5597552527392549,0.5550541086668158,True
nominal,16009,LinearCeNN-494,0.007602658708049181,0.009958807771119044,0.010479472824744653,0.0,0.6717467027592902,0.0,0.12725607898091607,0.0,0.6211676917173325,0.5987951557954752,True
nominal,16010,LinearCeNN-494,0.0070247892149125635,0.00929419170081314,0.01026256261426615,0.0,0.6703195719616835,0.0,0.12857231110608047,0.0,0.6622966716941907,0.6164995812663898,True
nominal,16011,LinearCeNN-494,0.007142133729648388,0.010689507550624729,0.011103987233210922,0.0,0.672180495367125,0.0,0.13125371045699724,0.0,0.6293260010129463,0.5909241575745489,True
nominal,16012,LinearCeNN-494,0.006894198728593412,0.009963907395374356,0.010845696384813837,0.0,0.6715954429730232,0.0,0.12549620639743647,0.0,0.6631937982317571,0.6343170162510924,True
nominal,16013,LinearCeNN-494,0.006973219773018346,0.009970722498523968,0.011969234893154145,0.0,0.6723883532945639,0.0,0.12906820096219151,0.0,0.6495445218504946,0.6212207691841798,True
nominal,16014,LinearCeNN-494,0.0075964154663456076,0.011631163797628642,0.011860936312627149,0.0,0.6711448186761545,0.0,0.12622191778932737,0.0,0.6884605552410219,0.6677755372979098,True
nominal,16015,LinearCeNN-494,0.007459619683419838,0.011259624668058474,0.012108766930227482,0.0,0.6720120525254398,0.0,0.13335743536954178,0.0,0.6651566209939614,0.6242294393295997,True
nominal,16016,LinearCeNN-494,0.006941981099588868,0.010867084345902524,0.01211968040743237,0.0,0.6691226166961838,0.0,0.12861274112009902,0.0,0.5926975628963213,0.586775586239878,True
nominal,16017,LinearCeNN-494,0.007028124563101337,0.010394557747804489,0.011686914710520798,0.0,0.6703844095078711,0.0,0.1306685800091667,0.0,0.628476267566539,0.6187474367615211,True
nominal,16018,LinearCeNN-494,0.007219258864761858,0.011367330782870616,0.0120407348953851,0.0,0.6690265736805678,0.0,0.1268199459728537,0.0,0.616834478661418,0.6075195919496632,True
nominal,16019,LinearCeNN-494,0.007472801314425148,0.01154752032640851,0.01239625942040419,0.0,0.670626541979686,0.0,0.1265548775272025,0.0,0.6009916760915245,0.5946194741831328,True
nominal,16020,LinearCeNN-494,0.008002696074933804,0.012214592289133824,0.013073405936743861,0.0,0.6718454108616809,0.0,0.12739567094326093,0.0,0.6895682750088661,0.5996283737775399,True
nominal,16021,LinearCeNN-494,0.008052619951852635,0.0138068322726841,0.014483498883055283,0.0,0.6712436751173667,0.0,0.12941066498889542,0.0,0.5970457712503918,0.5955590067555947,True
nominal,16022,LinearCeNN-494,0.007570685750283205,0.011053969083537242,0.011458550021502199,0.0,0.6719002861473677,0.0,0.13145572412434312,0.0,0.6355304688170123,0.6320424427003529,True
nominal,16023,LinearCeNN-494,0.007717632968761193,0.01181723953908947,0.0131087476558998,0.0,0.6710303231990556,0.0,0.13327996992301863,0.0,0.68931033734853,0.6399126074957359,True
nominal,16024,LinearCeNN-494,0.007388396164365552,0.010124574552430883,0.011250004823741102,0.0,0.6697105954890126,0.0,0.12307738495280043,0.0,0.6570741177851134,0.6276128119108412,True
nominal,16025,LinearCeNN-494,0.0066557366329868485,0.009159484365098476,0.010491005174230489,0.0,0.6705755863023299,0.0,0.1257906025645015,0.0,0.6411806341862539,0.6386940350935502,True
nominal,16026,LinearCeNN-494,0.00729608941861105,0.010253216342317063,0.010556408096988483,0.0,0.6705112328293663,0.0,0.13033942877462193,0.0,0.6566449414446887,0.6323158568391595,True
nominal,16027,LinearCeNN-494,0.007710932160097988,0.010603069883543214,0.011931898553956221,0.0,0.6695442357164446,0.0,0.12861506273153195,0.0,0.6039070319047745,0.5987289834897337,True
nominal,16028,LinearCeNN-494,0.008105900800170911,0.011888821111753626,0.012916271824287654,0.0,0.6715123448308032,0.0,0.1334051529087492,0.0,0.6131322799649811,0.5890037608001387,True
nominal,16029,LinearCeNN-494,0.007210579361347995,0.011760352155721835,0.012367150780508663,0.0,0.6700744668901455,0.0,0.12514125470824797,0.0,0.6641217575196496,0.6482220240003561,True
nominal,16030,LinearCeNN-494,0.008067860252315541,0.011666513906077555,0.011995800456490773,0.0,0.6720638974257078,0.0,0.12468059231735643,0.0,0.6527956383182622,0.6445950982048607,True
nominal,16031,LinearCeNN-494,0.007589628056295346,0.0113660774047478,0.012219184037975193,0.0,0.6705109997593975,0.0,0.1279920935402097,0.0,0.672284247495194,0.6368251918488178,True
nominal,16032,LinearCeNN-494,0.007719313502298883,0.011202317563062473,0.01220943293944055,0.0,0.6695621932338124,0.0,0.13087247665247537,0.0,0.6526598188368575,0.6494115129204794,True
nominal,16033,LinearCeNN-494,0.00736498272532856,0.01240608261726246,0.013645486743152652,0.0,0.6711643364178318,0.0,0.13437047821437817,0.0,0.6361287636108631,0.6345287106608384,True
nominal,16034,LinearCeNN-494,0.007146886313633518,0.010660903042073006,0.01158561332073787,0.0,0.6738653494148449,0.0,0.1305861391514652,0.0,0.6203420177193143,0.6122557848476371,True
nominal,16035,LinearCeNN-494,0.0074151462297257715,0.00979161937070131,0.012046981933816493,0.0,0.6710905871537455,0.0,0.12466698342402548,0.0,0.6208541022065327,0.5863063103153472,True
nominal,16036,LinearCeNN-494,0.007973828038717783,0.01165614815524969,0.012389324165410035,0.0,0.6715874619507569,0.0,0.12822940269051492,0.0,0.6415945319868889,0.6372195683398814,True
nominal,16037,LinearCeNN-494,0.00729686382061081,0.013054827658532886,0.014556136689511901,0.0,0.6710240557246369,0.0,0.1300070059943361,0.0,0.6336811797793325,0.6283247969432695,True
nominal,16038,LinearCeNN-494,0.009034192448242676,0.012942003094988748,0.013989903266030352,0.0,0.6689249412312511,0.0,0.12869758964068134,0.0,0.6283282309915664,0.5615644112610485,True
nominal,16039,LinearCeNN-494,0.006659528244171033,0.009549296002098182,0.014267214960141545,0.0,0.6702200408177661,0.0,0.1283398299588211,0.0,0.6586708324997027,0.617546580862387,True
nominal,16040,LinearCeNN-494,0.008079075785652937,0.011227094116216786,0.011337427222830017,0.0,0.670220529528237,0.0,0.12739440693797768,0.0,0.6791761688879637,0.6265780329535211,True
nominal,16041,LinearCeNN-494,0.007989737437768566,0.011706500176547967,0.012341550530475085,0.0,0.6724533809465908,0.0,0.128544137649017,0.0,0.5816079555829551,0.5767998082395317,True
nominal,16042,LinearCeNN-494,0.007710007329197337,0.012032597241595949,0.013694162011872943,0.0,0.669912872781913,0.0,0.12350089038003355,0.0,0.6400410315851056,0.6235148770422618,True
nominal,16043,LinearCeNN-494,0.008158216442760774,0.011896109852322923,0.012125908484652172,0.0,0.6700373428442998,0.0,0.12871151410919224,0.0,0.6404783783985624,0.6257769182813234,True
nominal,16044,LinearCeNN-494,0.0063972136036214294,0.008718594307295727,0.010786343617499746,0.0,0.6711682117513726,0.0,0.12739911185735675,0.0,0.6243257843213278,0.5984158045572491,True
nominal,16045,LinearCeNN-494,0.008002720809566492,0.011647640722608219,0.01310421965826502,0.0,0.6709767408463556,0.0,0.13061694873022228,0.0,0.6609679219836063,0.6398570622350845,True
nominal,16046,LinearCeNN-494,0.007942877616901843,0.011535881835755409,0.011815505909279116,0.0,0.6731565520635724,0.0,0.13036741216220948,0.0,0.6279020631479773,0.6048277273281606,True
nominal,16047,LinearCeNN-494,0.008437728277075025,0.011671850167084243,0.012129482607585326,0.0,0.6713414829242453,0.0,0.1280907005288258,0.0,0.6542448594839803,0.6390756374508767,True
nominal,16048,LinearCeNN-494,0.007205232988137421,0.010323874397047569,0.011247936702791301,0.0,0.6708458314515893,0.0,0.1328091417962751,0.0,0.6712415900176458,0.6637871570613916,True
nominal,16049,LinearCeNN-494,0.007510047018967172,0.010220150190356098,0.011395577789589476,0.0,0.6719017204711425,0.0,0.12377967501572845,0.0,0.70290978868725,0.642142661019646,True
nominal,16050,LinearCeNN-494,0.0072424571652926935,0.010149483152841525,0.010949564929982992,0.0,0.672547991658105,0.0,0.13841543179919572,0.0,0.5923463616269111,0.5880415126456977,True
nominal,16051,LinearCeNN-494,0.008441871098658446,0.01310623445833233,0.014974139894046315,0.0,0.6696120188188744,0.0,0.12766902853881984,0.0,0.6683043744995649,0.6426828936470219,True
nominal,16052,LinearCeNN-494,0.006258251388458461,0.008666129903301142,0.009349438163117875,0.0,0.6714597319232627,0.0,0.12906659813036112,0.0,0.6534766857503996,0.594232473545051,True
nominal,16053,LinearCeNN-494,0.007018072235444907,0.01095152364829738,0.012110151793070838,0.0,0.6703885663450918,0.0,0.1299108842436237,0.0,0.6562732573264553,0.6151394893774836,True
nominal,16054,LinearCeNN-494,0.007027722535774684,0.011977881522254959,0.013229392163180906,0.0,0.6694600934607918,0.0,0.1292886653272978,0.0,0.6846275747096462,0.6220538282870103,True
nominal,16055,LinearCeNN-494,0.00839605909848072,0.01332488026046083,0.013621608185781758,0.0,0.6703055403377564,0.0,0.13079572931153377,0.0,0.6435334494519644,0.6032380025908285,True
nominal,16056,LinearCeNN-494,0.00771576139818503,0.011187421984083307,0.011704460856412108,0.0,0.6703312500177558,0.0,0.12458009139181363,0.0,0.6290186077411923,0.6250446712913481,True
nominal,16057,LinearCeNN-494,0.00626270495831282,0.00990228784794602,0.010811400045677958,0.0,0.6719093216908067,0.0,0.12709706470883864,0.0,0.6289849115944041,0.625117871448575,True
nominal,16058,LinearCeNN-494,0.007838435206577414,0.01164021893801291,0.012456542880676515,0.0,0.6708679546333525,0.0,0.12479765998712711,0.0,0.6915887772151895,0.6247975785695947,True
nominal,16059,LinearCeNN-494,0.006838242213020027,0.010097115098244437,0.011206848829518425,0.0,0.6702602580932739,0.0,0.12354339180507348,0.0,0.6682939249428994,0.6353237928938182,True
nominal,16060,LinearCeNN-494,0.007341289272541609,0.009752240215191834,0.009960200117352347,0.0,0.6721139352039334,0.0,0.12380567252673089,0.0,0.671004101070885,0.6441702375367635,True
nominal,16061,LinearCeNN-494,0.006722965412209729,0.010427886748687347,0.010829401664280255,0.0,0.6712825242191339,0.0,0.12719753720736662,0.0,0.6583501643350382,0.6512863817105626,True
nominal,16062,LinearCeNN-494,0.0071822353508606785,0.009652613425796033,0.010523918961818084,0.0,0.6722545277874523,0.0,0.12774245210784962,0.0,0.6695145274202557,0.6467738920201738,True
nominal,16063,LinearCeNN-494,0.008567473681747838,0.013439598105089184,0.013960055658082697,0.0,0.6686495821974742,0.0,0.1305479160491228,0.0,0.6323442258037375,0.5999277828476725,True
nominal,16064,LinearCeNN-494,0.007126017946304356,0.011042908041400904,0.012147379977198927,0.0,0.672311224935956,0.0,0.13313998623074774,0.0,0.6640288171570082,0.6495122313180601,True
nominal,16065,LinearCeNN-494,0.008657630448333741,0.013641155372561924,0.013836391944988567,0.0,0.6711907296231719,0.0,0.12520770403497106,0.0,0.6109418017182611,0.5911169107566133,True
nominal,16066,LinearCeNN-494,0.007472684159011079,0.009933104573582532,0.010426716592793466,0.0,0.6702452280345256,0.0,0.12915273567507615,0.0,0.6249424525120713,0.624281601614632,True
nominal,16067,LinearCeNN-494,0.007944347249914559,0.011687891903161007,0.012405935688389534,0.0,0.670590567020636,0.0,0.12848614070387235,0.0,0.658276092400084,0.6125477733318373,True
nominal,16068,LinearCeNN-494,0.007670737142884099,0.013116916179820706,0.014117133000950431,0.0,0.6732524658398388,0.0,0.1347076793024661,0.0,0.6693318065967784,0.6537337900599007,True
nominal,16069,LinearCeNN-494,0.0073198277033820125,0.009833337876900154,0.010720830741127087,0.0,0.6719642113939994,0.0,0.12810499515251542,0.0,0.6841345245667839,0.6569777011131662,True
nominal,16070,LinearCeNN-494,0.00803895628190119,0.010789592394567548,0.011441896890177976,0.0,0.6708687998898428,0.0,0.13020581919374097,0.0,0.6419895735228482,0.6180373788635951,True
nominal,16071,LinearCeNN-494,0.008329519364642414,0.012404390892889089,0.013212753017954758,0.0,0.6712022787945383,0.0,0.13192181005633877,0.0,0.611957842764948,0.6063531394869796,True
nominal,16072,LinearCeNN-494,0.007546789677742376,0.011510566040469199,0.012605269038834747,0.0,0.671778830021539,0.0,0.132102557950333,0.0,0.6307689696847191,0.6268851571134909,True
nominal,16073,LinearCeNN-494,0.006402184901492026,0.009365678897172906,0.010102403085451388,0.0,0.6710164688325593,0.0,0.1262004114032251,0.0,0.6550688136020408,0.6430300606529404,True
nominal,16074,LinearCeNN-494,0.007219932470095418,0.011328160887356324,0.01234209979021612,0.0,0.6733231410105118,0.0,0.12766468281534324,0.0,0.7205934568081406,0.6879560576533712,True
nominal,16075,LinearCeNN-494,0.007878250768177383,0.010831841572481363,0.011236744996435063,0.0,0.6720650505616391,0.0,0.12916125732757094,0.0,0.6655139868337111,0.6249073367196071,True
nominal,16076,LinearCeNN-494,0.008759421590700023,0.013084000063577182,0.013611637365805458,0.0,0.6689721141527754,0.0,0.1278731301848676,0.0,0.592507552412272,0.5756587513118303,True
nominal,16077,LinearCeNN-494,0.00776096804182194,0.011987626185049652,0.012893614745857245,0.0,0.6721593414154031,0.0,0.13447019353003925,0.0,0.6430849264312613,0.6087186779470742,True
nominal,16078,LinearCeNN-494,0.007696526639925106,0.010593509841750701,0.01130632792752047,0.0,0.671089206490398,0.0,0.12368477563130088,0.0,0.6578308620190648,0.6419769194540662,True
nominal,16079,LinearCeNN-494,0.006574330482888867,0.009820157682859607,0.010281648511179445,0.0,0.6722067029280262,0.0,0.13227509059911216,0.0,0.686706766116164,0.6644486191827018,True
nominal,16080,LinearCeNN-494,0.007409430023014544,0.010657049052143208,0.012164226984654214,0.0,0.6692897442678252,0.0,0.12246957610860464,0.0,0.6264158367242035,0.6040429788342545,True
nominal,16081,LinearCeNN-494,0.007915464918568146,0.010560429714738691,0.011507100230059715,0.0,0.6700192279540134,0.0,0.12594861778235258,0.0,0.668108567860029,0.6338318546039383,True
nominal,16082,LinearCeNN-494,0.008079443073796969,0.011764047739746165,0.012624496070453278,0.0,0.6703380802987378,0.0,0.12795339398594924,0.0,0.6495511864371658,0.618861550437617,True
nominal,16083,LinearCeNN-494,0.006850984097135918,0.011040900261780014,0.0116224715278586,0.0,0.6715127165688926,0.0,0.12391794530017716,0.0,0.700283516496622,0.663407511823747,True
nominal,16084,LinearCeNN-494,0.008304143834048979,0.011965409900075689,0.012288443991561149,0.0,0.6701266895721445,0.0,0.12704112329939254,0.0,0.6064790925353616,0.5895801797321869,True
nominal,16085,LinearCeNN-494,0.007077626888926021,0.01040672912698463,0.011846186268207848,0.0,0.6707742501516403,0.0,0.13020799942253977,0.0,0.6397204382849618,0.6321137358475291,True
nominal,16086,LinearCeNN-494,0.006972502596835633,0.01060390726213203,0.01114885653660667,0.0,0.6706738144867379,0.0,0.1290611920327706,0.0,0.6776136694646626,0.6522222743897226,True
nominal,16087,LinearCeNN-494,0.007910351115201124,0.013057640172669378,0.013853698045975724,0.0,0.6715354518940088,0.0,0.13298692718373079,0.0,0.6159739425180126,0.6037514065065405,True
nominal,16088,LinearCeNN-494,0.006827924097748085,0.0096087760570885,0.009894036930882557,0.0,0.6707724202640725,0.0,0.12612257769801982,0.0,0.6388238128524751,0.6320346624666561,True
nominal,16089,LinearCeNN-494,0.008679732074996827,0.012811083612994687,0.013420559538515975,0.0,0.6719580992800585,0.0,0.13803410348622358,0.0,0.7336654667557495,0.6735576755676953,True
nominal,16090,LinearCeNN-494,0.006827109818063484,0.009689558923222097,0.01008411189149308,0.0,0.6694421826425708,0.0,0.12450540297858938,0.0,0.6486408295858348,0.623883338003523,True
nominal,16091,LinearCeNN-494,0.008101783505271019,0.012261385594084013,0.013174068760332154,0.0,0.6690865678031979,0.0,0.1300747689725292,0.0,0.628806070247682,0.6195200441107798,True
nominal,16092,LinearCeNN-494,0.007342259295179381,0.009968744918497583,0.010129240871822816,0.0,0.671492137849264,0.0,0.1271485485565801,0.0,0.633702275976331,0.6264574314595778,True
nominal,16093,LinearCeNN-494,0.008107556905738314,0.01125195538648724,0.011554056424447193,0.0,0.6702518724133227,0.0,0.12560923201473692,0.0,0.6231166460535856,0.6104487609315962,True
nominal,16094,LinearCeNN-494,0.00654300499301625,0.009034304758872978,0.012049961598484905,0.0,0.6727613185038077,0.0,0.13260659367042518,0.0,0.6181302197679034,0.5890136068947983,True
nominal,16095,LinearCeNN-494,0.0071234724038969155,0.00845478199387597,0.010680188275975895,0.0,0.6707061995417044,0.0,0.12616131443131368,0.0,0.6275873685839862,0.6108100970125079,True
nominal,16096,LinearCeNN-494,0.009105709659668672,0.012587345089897136,0.013476038566558294,0.0,0.670302060498246,0.0,0.1235862040716158,0.0,0.6902198202252078,0.6429637453635865,True
nominal,16097,LinearCeNN-494,0.008517791453621814,0.012611877736408338,0.013631220858883838,0.0,0.6701993706599793,0.0,0.12558666581143463,0.0,0.6812355137734164,0.6109058546151148,True
nominal,16098,LinearCeNN-494,0.007748319135034903,0.010518792181640584,0.010813108009172545,0.0,0.6705811983690402,0.0,0.12840610229529598,0.0,0.6537879245981884,0.6254700744597966,True
nominal,16099,LinearCeNN-494,0.007913346781272456,0.0111070297547627,0.011252639962869787,0.0,0.6722341819350025,0.0,0.1241325415582873,0.0,0.6329103419500544,0.6245403674038468,True
