scenario,seed,architecture,rmse_m,p95_m,max_m,latent_max
nominal,18000,LinearCeNN-494,0.10713210969900698,0.13181108048076948,0.13382516923386686,0.7724800366381472
nominal,18000,QCeNN-XX-503,0.10714610729228739,0.13185629358323897,0.13387705388145132,0.7999785578214592
nominal,18000,QCeNN-XXXY-512,0.1071476441931395,0.13194139191766968,0.13395453503102686,0.8484377930631857
nominal,18001,LinearCeNN-494,0.10737994220044283,0.13335400828584254,0.13598988165189146,0.7802132398759034
nominal,18001,QCeNN-XX-503,0.1073758482009268,0.13321112585530215,0.13581944659484985,0.8103001686449942
nominal,18001,QCeNN-XXXY-512,0.10734263042484217,0.13278796460681763,0.1354326476716643,0.8636319213884827
nominal,18002,LinearCeNN-494,0.10531336646047353,0.1301929696520886,0.13138560186993475,0.7634553751565182
nominal,18002,QCeNN-XX-503,0.10530847250676677,0.12999710680845766,0.13118758035646166,0.7876165155865085
nominal,18002,QCeNN-XXXY-512,0.10528786466373828,0.1296021402725116,0.13078992667699774,0.8373778845569662
nominal,18003,LinearCeNN-494,0.10575475553401002,0.1311133204910994,0.1327724580368924,0.7738078726243725
nominal,18003,QCeNN-XX-503,0.10578298525972227,0.13100824228448157,0.13265784234114636,0.8030319547201706
nominal,18003,QCeNN-XXXY-512,0.10581604398808758,0.13075889360263282,0.1323843569370026,0.8549339786039608
nominal,18004,LinearCeNN-494,0.10546214277912139,0.12809393265075278,0.1295692939342131,0.7657339502406084
nominal,18004,QCeNN-XX-503,0.10546647406316396,0.12790819844302218,0.1294046033397759,0.7908741275695972
nominal,18004,QCeNN-XXXY-512,0.10545928509985834,0.1275415562060456,0.1290412146301569,0.8336379555710454
nominal,18005,LinearCeNN-494,0.10731750027670467,0.13289102556023108,0.1338363204235085,0.7875302599921797
nominal,18005,QCeNN-XX-503,0.10732812150566703,0.13298506271214833,0.13392563980943648,0.8165907117171889
nominal,18005,QCeNN-XXXY-512,0.10733140930488551,0.13317334171188827,0.134111926810656,0.8684710265220512
nominal,18006,LinearCeNN-494,0.10729911028537843,0.13674036333428016,0.1385057298894751,0.7862750567186246
nominal,18006,QCeNN-XX-503,0.10731163087491716,0.13680547968568912,0.13854549721232282,0.80564050405624
nominal,18006,QCeNN-XXXY-512,0.10731874644897799,0.13690424979008198,0.13862530318410018,0.847015156795587
nominal,18007,LinearCeNN-494,0.10617256460523505,0.12898009473529232,0.13056756981851397,0.8005423746289925
nominal,18007,QCeNN-XX-503,0.10616344959759691,0.12873906419789868,0.13032816236274966,0.8252952046213453
nominal,18007,QCeNN-XXXY-512,0.10611979043349822,0.12847305828539743,0.12982558510371542,0.8672218039131598
nominal,18008,LinearCeNN-494,0.10600477644532104,0.1358545658596512,0.1379696259050018,0.7966815696876344
nominal,18008,QCeNN-XX-503,0.10600249979633962,0.13566320743125238,0.13778220913029868,0.8221693582211564
nominal,18008,QCeNN-XXXY-512,0.10597286427301512,0.1352475664931202,0.13737280262604923,0.873398256495943
nominal,18009,LinearCeNN-494,0.10523441034066414,0.1285097141091369,0.13070839485092006,0.7841160703188393
nominal,18009,QCeNN-XX-503,0.10529376391235387,0.1285703315043729,0.13079488563822828,0.8140427763442819
nominal,18009,QCeNN-XXXY-512,0.1053831692170122,0.12876409223696433,0.13094890429499106,0.8664644409188403
