architecture,replicate_seed,train_subsample_normalized_mse,active_inference_params
LinearCeNN-494,12,0.006272082217037678,494
LinearCeNN-494,112,0.0032303794287145138,494
LinearCeNN-494,212,0.00585703132674098,494
LinearCeNN-494,312,0.004074102267622948,494
LinearCeNN-494,412,0.00530988397076726,494
QCeNN-XX-503,12,0.006227507721632719,503
QCeNN-XX-503,112,0.0032282632309943438,503
QCeNN-XX-503,212,0.005852777045220137,503
QCeNN-XX-503,312,0.004052645526826382,503
QCeNN-XX-503,412,0.005291101988404989,503
QCeNN-XXXY-512,12,0.006161607336252928,512
QCeNN-XXXY-512,112,0.0032261586748063564,512
QCeNN-XXXY-512,212,0.005841539707034826,512
QCeNN-XXXY-512,312,0.004016637336462736,512
QCeNN-XXXY-512,412,0.005254045594483614,512
LinearCeNN-Capacity-515,12,0.012970504350960255,515
LinearCeNN-Capacity-515,112,0.003327077254652977,515
LinearCeNN-Capacity-515,212,0.006561592221260071,515
LinearCeNN-Capacity-515,312,0.0031287618912756443,515
LinearCeNN-Capacity-515,412,0.00527817290276289,515
