n,admission_rate,unsafe_admission_rate,false_rejection_rate,reserve_violation_rate_admitted,completion_rate_all,delivery_success_rate_all,diversion_rate_admitted,mean_terminal_soc,mean_reserve_margin_Wh,energy_per_delivered_Wh,n_admitted,n_true_feasible,n_true_infeasible,scenario,policy,admission_rate_ci_low,admission_rate_ci_high,unsafe_admission_rate_ci_low,unsafe_admission_rate_ci_high,false_rejection_rate_ci_low,false_rejection_rate_ci_high,reserve_violation_rate_admitted_ci_low,reserve_violation_rate_admitted_ci_high,completion_rate_all_ci_low,completion_rate_all_ci_high,delivery_success_rate_all_ci_low,delivery_success_rate_all_ci_high,diversion_rate_admitted_ci_low,diversion_rate_admitted_ci_high
6000,0.9951666666666666,1.0,0.004834139023170528,0.00016747613465081226,0.9951666666666666,0.9951666666666666,0.0,0.5166566427389354,10.416141646242403,8.355981744429837,5971,5999,1,nominal,GEO,0.9930671593929495,0.9966325255096492,0.20654931437723745,1.0,0.003368036168941094,0.006933994835030044,2.956426189565191e-05,0.0009481116916763621,0.9930671593929495,0.9966325255096492,0.9930671593929495,0.9966325255096492,0.0,0.000642939038160244
6000,1.0,1.0,0.0,0.00016666666666666666,1.0,1.0,0.0,0.5152530544780994,10.37606368499354,8.370089176493199,6000,5999,1,nominal,DET,0.9993601665122168,0.9999999999999999,0.20654931437723745,1.0,0.0,0.0006399400762199724,2.9421365020464553e-05,0.0009435321782667252,0.9993601665122168,0.9999999999999999,0.9993601665122168,0.9999999999999999,0.0,0.0006398334877831174
6000,0.995,0.0,0.004834139023170528,0.0,0.995,0.995,0.0,0.5167740098567711,10.419427582549673,8.352185029148215,5970,5999,1,nominal,RISK,0.9928712444479643,0.9964953203991304,0.0,0.7934506856227626,0.003368036168941094,0.006933994835030044,0.0,0.0006430466638886117,0.9928712444479643,0.9964953203991304,0.9928712444479643,0.9964953203991304,0.0,0.0006430466638886117
6000,0.995,0.0,0.004834139023170528,0.0,0.994,0.9941666666666666,0.0010050251256281408,0.516945344092224,10.424226230882475,8.348189060261364,5970,5999,1,nominal,ADAPT,0.9928712444479643,0.9964953203991304,0.0,0.7934506856227626,0.003368036168941094,0.006933994835030044,0.0,0.0006430466638886117,0.9917050660063851,0.995662778507685,0.9918984160810749,0.9958025484884994,0.0004606908688027738,0.0021911134902338003
6000,0.9501666666666667,0.32786885245901637,0.016505706760316066,0.01754078231889142,0.9501666666666667,0.9501666666666667,0.0,0.42145282468715384,7.605124303342307,11.067593799254762,5701,5695,305,heavy_payload,GEO,0.9443669147060569,0.9553903552104424,0.277611203697807,0.3824085345816949,0.013507661595845927,0.020155576837250153,0.01444370147955406,0.021287608547566707,0.9443669147060569,0.9553903552104424,0.9443669147060569,0.9553903552104424,0.0,0.0006733681993483886
6000,0.951,0.26885245901639343,0.012467076382791922,0.014370837714686295,0.951,0.951,0.0,0.42153607580945107,7.607363583096098,11.058557405888696,5706,5695,305,heavy_payload,DET,0.945243449142342,0.9561794210516774,0.22219703925030335,0.321258037867885,0.00989622817866497,0.01569519419630916,0.011593336483387043,0.017801780707022645,0.945243449142342,0.9561794210516774,0.945243449142342,0.9561794210516774,0.0,0.0006727785435723003
6000,0.8545,0.01639344262295082,0.10061457418788411,0.0009752291788570314,0.8545,0.8545,0.0,0.44626209124201716,8.30170749160991,10.730797194880767,5127,5695,305,heavy_payload,RISK,0.8453511957663921,0.8631951622907698,0.007022104524481206,0.03779525540364341,0.09306902379558146,0.1086985577610109,0.00041662929162706143,0.0022810683339541302,0.8453511957663921,0.8631951622907698,0.8453511957663921,0.8631951622907698,0.0,0.0007486995752110163
6000,0.8545,0.01639344262295082,0.10061457418788411,0.0,0.8481666666666666,0.8481666666666666,0.007411741759313439,0.44781116022173845,8.345430266631503,10.697035062911178,5127,5695,305,heavy_payload,ADAPT,0.8453511957663921,0.8631951622907698,0.007022104524481206,0.03779525540364341,0.09306902379558146,0.1086985577610109,0.0,0.0007486995752110163,0.8388638448533444,0.8570239510946623,0.8388638448533444,0.8570239510946623,0.005404820845591679,0.010156263912432672
6000,0.9323333333333333,0.49673202614379086,0.018188567186340016,0.05434393993564533,0.9323333333333333,0.9323333333333333,0.0,0.3834115521211665,6.530502372748443,12.181420603933264,5594,5388,612,headwind,GEO,0.9256972887953692,0.9384161351821942,0.4572635673521374,0.5362412544770718,0.014948442310591411,0.0221152325668972,0.04870335328901032,0.060596179990303325,0.9256972887953692,0.9384161351821942,0.9256972887953692,0.9384161351821942,0.0,0.0006862393029443551
6000,0.9188333333333333,0.3954248366013072,0.021714922048997772,0.043896245238527115,0.9188333333333333,0.9188333333333333,0.0,0.38768652456972036,6.650015119676618,12.076933208600897,5513,5388,612,headwind,DET,0.9116523383970148,0.9254783610847188,0.35745533191710205,0.43469896661759916,0.018150410659892674,0.025960949185749913,0.03879860318739675,0.04962907095587604,0.9116523383970148,0.9254783610847188,0.9116523383970148,0.9254783610847188,0.0,0.000696314884045135
6000,0.7555,0.0457516339869281,0.16388270230141055,0.006176924773880432,0.7555,0.7555,0.0,0.4261196899536501,7.728695397854238,11.464100956371626,4533,5388,612,headwind,RISK,0.7444637764885462,0.7662092685991964,0.03184120760772835,0.06532902665238065,0.15423875251379118,0.1740055907847958,0.004277151460599116,0.00891296315192457,0.7444637764885462,0.7662092685991964,0.7444637764885462,0.7662092685991964,0.0,0.0008467253827495822
6000,0.7555,0.0457516339869281,0.16388270230141055,0.0,0.7173333333333334,0.7191666666666666,0.05051842047209354,0.43662079214542726,8.021717917098714,11.218612661912655,4533,5388,612,headwind,ADAPT,0.7444637764885462,0.7662092685991964,0.03184120760772835,0.06532902665238065,0.15423875251379118,0.1740055907847958,0.0,0.0008467253827495822,0.7058032289998083,0.728585323377502,0.7076578720761217,0.7303950009117333,0.04451471950695323,0.05728329636216315
6000,0.7935,0.05218617771509168,0.10716310716310716,0.007771476580550304,0.7935,0.7935,0.0,0.4119632317021815,5.68047886729788,9.139529534300252,4761,5291,709,aged_battery,GEO,0.7830712645207984,0.8035531532218727,0.038095612714572374,0.07110322505992094,0.09911160415715846,0.11578462411898006,0.0056435929252327925,0.010693038522723089,0.7830712645207984,0.8035531532218727,0.7830712645207984,0.8035531532218727,0.0,0.0008062091580366858
6000,0.8638333333333333,0.12411847672778561,0.03704403704403705,0.016978583831757668,0.8638333333333333,0.8638333333333333,0.0,0.3954629603608214,5.321902317044591,9.32892002739779,5183,5291,709,aged_battery,DET,0.8549221304765801,0.8722789506888097,0.10185516860648311,0.15043298971446958,0.032281579651808584,0.042478252516775145,0.01380232688621737,0.02087030775058214,0.8549221304765801,0.8722789506888097,0.8549221304765801,0.8722789506888097,0.0,0.000740616201823824
6000,0.71,0.0014104372355430183,0.19504819504819504,0.00023474178403755868,0.71,0.71,0.0,0.43363363775601177,6.154895223904367,8.860953835079268,4260,5291,709,aged_battery,RISK,0.6983869691436779,0.7213443007914531,0.00024902020842097966,0.007945591297983376,0.18459436856048947,0.20594451251891846,4.1438890846304255e-05,0.0013285601762179232,0.6983869691436779,0.7213443007914531,0.6983869691436779,0.7213443007914531,0.0,0.0009009384747988748
6000,0.71,0.0014104372355430183,0.19504819504819504,0.0,0.7036666666666667,0.704,0.00892018779342723,0.4356227122358533,6.197756453253336,8.82872784800834,4260,5291,709,aged_battery,ADAPT,0.6983869691436779,0.7213443007914531,0.00024902020842097966,0.007945591297983376,0.18459436856048947,0.20594451251891846,0.0,0.0009009384747988748,0.6919849475400093,0.7150877602859671,0.6923218292491956,0.7154171186877888,0.006505944165151821,0.012219296815730455
6000,0.887,0.05732484076433121,0.06718255364052057,0.0033821871476888386,0.887,0.887,0.0,0.4348288051668374,6.951431875639187,9.504934615798998,5322,5686,314,cold_temperature,GEO,0.8787403644839727,0.894764404396483,0.03656487806152191,0.08878522248395206,0.06096354724162715,0.07398598771076514,0.0021405204343092022,0.00534026154704483,0.8787403644839727,0.894764404396483,0.8787403644839727,0.894764404396483,0.0,0.0007212867394563305
6000,0.939,0.21019108280254778,0.02075272599366866,0.011714589989350373,0.939,0.939,0.0,0.4222991211387972,6.644764271664579,9.635419539394332,5634,5686,314,cold_temperature,DET,0.9326587566903703,0.9447794695073559,0.16876391383176997,0.2586235620649073,0.017358089565205286,0.024794483675456662,0.009219014303111835,0.014875572217792041,0.9326587566903703,0.9447794695073559,0.9326587566903703,0.9447794695073559,0.0,0.0006813704941425702
6000,0.8336666666666667,0.0,0.12029546253957088,0.0,0.8336666666666667,0.8336666666666667,0.0,0.448413624408686,7.287442893954803,9.316046368032895,5002,5686,314,cold_temperature,RISK,0.8240314408820985,0.8428749102370542,0.0,0.012086084788772732,0.11209531680111881,0.12900831829120746,0.0,0.0007673952226203981,0.8240314408820985,0.8428749102370542,0.8240314408820985,0.8428749102370542,0.0,0.0007673952226203981
6000,0.8336666666666667,0.0,0.12029546253957088,0.0,0.829,0.8293333333333334,0.005597760895641743,0.44957940138555313,7.315376583233106,9.29484468649128,5002,5686,314,cold_temperature,ADAPT,0.8240314408820985,0.8428749102370542,0.0,0.012086084788772732,0.11209531680111881,0.12900831829120746,0.0,0.0007673952226203981,0.8192634007329503,0.8383155888320882,0.8196038885695225,0.8386413411065243,0.0038758312080960805,0.00807849441587043
6000,0.9875,0.6,0.007263513513513514,0.00810126582278481,0.9875,0.9875,0.0,0.4469724240099159,8.129650959007503,9.902586875006767,5925,5920,80,vertical_motion,GEO,0.9843604959914803,0.990015666357931,0.4904546500516039,0.7003817240412906,0.005397156982184275,0.009768923920760682,0.006116051818735373,0.01072390916085095,0.9843604959914803,0.990015666357931,0.9843604959914803,0.990015666357931,0.0,0.0006479273981899036
6000,0.9823333333333333,0.2125,0.007263513513513514,0.0028842891075670173,0.9823333333333333,0.9823333333333333,0.0,0.4487685578506412,8.17879320066363,9.872765606578266,5894,5920,80,vertical_motion,DET,0.9786781896025213,0.9853712510262637,0.13712386717696146,0.31422155730596657,0.005397156982184275,0.009768923920760682,0.0018016443402605184,0.0046145096179133135,0.9786781896025213,0.9853712510262637,0.9786781896025213,0.9853712510262637,0.0,0.0006513330084431001
6000,0.9103333333333333,0.0,0.07736486486486487,0.0,0.9103333333333333,0.9103333333333333,0.0,0.46660116866139684,8.67052895936331,9.660994744442668,5462,5920,80,vertical_motion,RISK,0.9028391679249412,0.9173024087260846,0.0,0.0458181295355271,0.0708299013266523,0.08444796443240436,0.0,0.0007028119731674316,0.9028391679249412,0.9173024087260846,0.9028391679249412,0.9173024087260846,0.0,0.0007028119731674316
6000,0.9103333333333333,0.0,0.07736486486486487,0.0,0.9085,0.9086666666666666,0.0020139143170999634,0.46694647276187534,8.679924014978631,9.654148902997894,5462,5920,80,vertical_motion,ADAPT,0.9028391679249412,0.9173024087260846,0.0,0.0458181295355271,0.0708299013266523,0.08444796443240436,0.0,0.0007028119731674316,0.9009409411589216,0.9155363148815595,0.9011134703137628,0.9156969057822223,0.00112493516610585,0.0036028746350715256
6000,0.32666666666666666,0.015145778114350625,0.42840130991366476,0.02040816326530612,0.32666666666666666,0.32666666666666666,0.0,0.3294403166833645,4.924852583448504,15.51696314734161,1960,3359,2641,long_route,GEO,0.31491387735937815,0.3386412649163866,0.011142450643817591,0.020557543524482438,0.4117579075684601,0.4452082902466814,0.015022867630884118,0.027669712487595366,0.31491387735937815,0.3386412649163866,0.31491387735937815,0.3386412649163866,0.0,0.0019560941660743624
6000,0.5383333333333333,0.08557364634608103,0.10568621613575468,0.06996904024767801,0.5383333333333333,0.5383333333333333,0.0,0.2861705920055139,3.7244169447571647,15.900440271577395,3230,3359,2641,long_route,DET,0.5256985417642903,0.5509190710016463,0.07549772398623265,0.09685342292294687,0.09573609120304719,0.11653721027784666,0.061672988795564765,0.07928675354966719,0.5256985417642903,0.5509190710016463,0.5256985417642903,0.5509190710016463,0.0,0.0011878933675663291
6000,0.29833333333333334,0.0007572889057175312,0.4676987198571003,0.0011173184357541898,0.29833333333333334,0.29833333333333334,0.0,0.34752640150547287,5.42545078746929,15.078574408771281,1790,3359,2641,long_route,RISK,0.28688854470903025,0.31003618813104217,0.00020770050380818734,0.002757111921731507,0.4508717276766528,0.4845995091755005,0.0003064625099449233,0.004064859594433938,0.28688854470903025,0.31003618813104217,0.28688854470903025,0.31003618813104217,0.0,0.0021414706421266313
6000,0.29833333333333334,0.0007572889057175312,0.4676987198571003,0.0,0.2856666666666667,0.28683333333333333,0.042458100558659215,0.3580548788879448,5.710978208232421,14.955742539866346,1790,3359,2641,long_route,ADAPT,0.28688854470903025,0.31003618813104217,0.00020770050380818734,0.002757111921731507,0.4508717276766528,0.4845995091755005,0.0,0.0021414706421266313,0.2743764682140831,0.29723114040767984,0.2755284429755482,0.2984110060347433,0.03405588772925096,0.052819938478460435
6000,0.189,0.16250215405824572,0.030456852791878174,0.8315696649029982,0.189,0.189,0.0,0.013294991786510215,-2.806112665279297,18.444289777581382,1134,197,5803,compound,GEO,0.1792938060617314,0.19910417036766964,0.15323425329797802,0.17221659157569968,0.014031887518315155,0.06484355440344941,0.8086760969315763,0.8522244126872276,0.1792938060617314,0.19910417036766964,0.1792938060617314,0.19910417036766964,-2.168404344971009e-19,0.003376093207814358
6000,0.025166666666666667,0.011028778218163018,0.5583756345177665,0.423841059602649,0.025166666666666667,0.025166666666666667,0.0,0.16304209652142437,0.27202419456736276,16.70765336241282,151,197,5803,compound,DET,0.02149687632782694,0.02944408554107109,0.008646674848100788,0.014057829787620688,0.48857304466051565,0.625945143641103,0.34787216182198166,0.5035888088045357,0.02149687632782694,0.02944408554107109,0.02149687632782694,0.02944408554107109,-1.734723475976807e-18,0.02480898106974387
6000,0.0016666666666666668,0.0,0.949238578680203,0.0,0.0016666666666666668,0.0016666666666666668,0.0,0.25632372233028633,2.3196361548803517,14.934395868687357,10,197,5803,compound,RISK,0.0009055737915231784,0.0030654602513006625,0.0,0.0006615401587826859,0.9090952985266889,0.9721968462292447,0.0,0.2775327998628892,0.0009055737915231784,0.0030654602513006625,0.0009055737915231784,0.0030654602513006625,0.0,0.2775327998628892
6000,0.0016666666666666668,0.0,0.949238578680203,0.0,0.001,0.001,0.4,0.36230782903807557,4.580916509355033,14.238330288030463,10,197,5803,compound,ADAPT,0.0009055737915231784,0.0030654602513006625,0.0,0.0006615401587826859,0.9090952985266889,0.9721968462292447,0.0,0.2775327998628892,0.0004583870220833732,0.002180166798724178,0.0004583870220833732,0.002180166798724178,0.16818032970623614,0.6873262302663417
48000,0.7576666666666667,0.14247491638795987,0.07081390702011456,0.040997580290365154,0.7576666666666667,0.7576666666666667,0.0,0.4184192309386685,7.170101937385378,10.592643198773986,36368,37535,10465,POOLED,GEO,0.7538128421468846,0.7614792521580966,0.13590919297277443,0.14930302182344107,0.0682625691982529,0.07345308456416931,0.039007715397028846,0.04308440144564437,0.7538128421468846,0.7614792521580966,0.7538128421468846,0.7614792521580966,0.0,0.00010561628629783101
48000,0.7773125,0.07510750119445772,0.026908218995604104,0.021066173514513148,0.7773125,0.7773125,0.0,0.4196357376151949,7.1727453886345005,10.576234912037169,37311,37535,10465,POOLED,DET,0.7735684181181146,0.7810121985776812,0.07021222982119506,0.08031459447156784,0.025318997663725796,0.028594266043168438,0.01965758662545418,0.022573370206018246,0.7735684181181146,0.7810121985776812,0.7735684181181146,0.7810121985776812,0.0,0.00010294721002455337
48000,0.669875,0.003440038222646918,0.14431863593978952,0.0011196118678857996,0.669875,0.669875,0.0,0.4530752771189323,8.072583152091019,9.986346463652193,32154,37535,10465,POOLED,RISK,0.6656546389647225,0.6740681728854404,0.0024859580298374293,0.0047585359401035,0.1407999678615176,0.14791009983488623,0.0008088733229245841,0.0015495392875055007,0.6656546389647225,0.6740681728854404,0.6656546389647225,0.6740681728854404,0.0,0.00011945636418455682
48000,0.669875,0.003440038222646918,0.14431863593978952,0.0,0.6609166666666667,0.6614166666666667,0.013373141755302607,0.4559571263004008,8.149973881365636,9.9106982839145,32154,37535,10465,POOLED,ADAPT,0.6656546389647225,0.6740681728854404,0.0024859580298374293,0.0047585359401035,0.1407999678615176,0.14791009983488623,0.0,0.00011945636418455682,0.6566689331915627,0.6651386457550474,0.6571704160749903,0.6656370828476321,0.012174481922465593,0.01468806293854055
