engine,pressure_slope,agents,seed,scale,n_candidates,ref_obj,gap_pct,raw_feasible,repaired_feasible,total_time,steps,restarts
ballistic,0.01,8,31000,small,75,2667.089065008053,0.0,False,True,0.09830230299940013,900,1
ballistic,0.01,8,31001,small,60,2245.7985912780514,0.02341496376112254,False,True,0.09827138700075011,1200,2
ballistic,0.01,8,31002,small,75,2040.5144481205361,0.0,False,True,0.09944173400072032,1050,2
ballistic,0.01,8,31100,medium,150,4512.667845262099,0.07832986307388815,False,True,0.2514912399997229,1400,2
ballistic,0.01,8,31101,medium,150,3528.504213338299,2.783583009584878,False,True,0.2503020439999091,1400,2
ballistic,0.01,8,31102,medium,150,3130.6113421264818,0.0,False,True,0.2486618500001896,1450,2
ballistic,0.01,8,31200,large,224,4824.44651118914,8.489365515962769,False,True,0.5020731159993375,1850,2
ballistic,0.01,8,31201,large,217,4703.986744742861,2.44619407054469,True,True,0.5023801319998711,2150,3
ballistic,0.01,8,31202,large,224,5778.613161100583,2.324183947820393,True,True,0.5052927249998902,1850,2
ballistic,0.01,16,31000,small,75,2667.089065008053,0.0,False,True,0.09957330099996398,1050,2
ballistic,0.01,16,31001,small,60,2245.7985912780514,0.0,False,True,0.09840486799976134,1250,2
ballistic,0.01,16,31002,small,75,2040.5144481205361,3.7860647985776823,False,True,0.09908232100042369,1100,2
ballistic,0.01,16,31100,medium,150,4512.667845262099,0.07259224707142273,True,True,0.2483704420005779,1700,2
ballistic,0.01,16,31101,medium,150,3528.504213338299,2.820166300491705,False,True,0.24976708499980305,1700,2
ballistic,0.01,16,31102,medium,150,3130.6113421264818,0.722683800046494,True,True,0.2501469599997108,1800,2
ballistic,0.01,16,31200,large,224,4824.44651118914,10.501005321487444,False,True,0.49973770399901696,2350,3
ballistic,0.01,16,31201,large,217,4703.986744742861,2.461089002564227,True,True,0.5025585010002942,2850,3
ballistic,0.01,16,31202,large,224,5778.613161100583,2.324183947820393,True,True,0.5010955789998661,2300,3
ballistic,0.02,8,31000,small,75,2667.089065008053,4.197146727082844,True,True,0.09955920999982482,1000,1
ballistic,0.02,8,31001,small,60,2245.7985912780514,0.03949195493694215,False,True,0.09822369699986666,1200,2
ballistic,0.02,8,31002,small,75,2040.5144481205361,0.0,False,True,0.09905044500010263,1050,2
ballistic,0.02,8,31100,medium,150,4512.667845262099,0.07259224707142273,True,True,0.2487795399993047,1350,2
ballistic,0.02,8,31101,medium,150,3528.504213338299,2.704770086778331,False,True,0.25054852499988556,1400,2
ballistic,0.02,8,31102,medium,150,3130.6113421264818,0.722683800046494,True,True,0.2486089710005217,1400,2
ballistic,0.02,8,31200,large,224,4824.44651118914,10.542033990013353,False,True,0.5002411599994048,1800,2
ballistic,0.02,8,31201,large,217,4703.986744742861,2.44619407054469,True,True,0.5010249249999106,2100,3
ballistic,0.02,8,31202,large,224,5778.613161100583,5.81922286554313,False,True,0.5024943139997049,1750,2
ballistic,0.02,16,31000,small,75,2667.089065008053,4.175598552780044,False,True,0.09843324000030407,1000,1
ballistic,0.02,16,31001,small,60,2245.7985912780514,0.0,False,True,0.09852693900029408,1200,2
ballistic,0.02,16,31002,small,75,2040.5144481205361,3.7860647985776823,False,True,0.09870126700025139,1100,2
ballistic,0.02,16,31100,medium,150,4512.667845262099,0.07259224707142273,True,True,0.24926968699946883,1650,2
ballistic,0.02,16,31101,medium,150,3528.504213338299,2.76862175858455,False,True,0.2503949970005124,1650,2
ballistic,0.02,16,31102,medium,150,3130.6113421264818,0.722683800046494,True,True,0.25121724900054687,1800,2
ballistic,0.02,16,31200,large,224,4824.44651118914,7.709287951882689,False,True,0.5020679319995907,2350,3
ballistic,0.02,16,31201,large,217,4703.986744742861,2.2143588297554055,False,True,0.5008408310004597,2750,3
ballistic,0.02,16,31202,large,224,5778.613161100583,5.4369554656120345,True,True,0.5039572949999638,2250,3
ballistic,0.04,8,31000,small,75,2667.089065008053,4.197146727082844,True,True,0.09876411099958204,950,1
ballistic,0.04,8,31001,small,60,2245.7985912780514,0.03949195493694215,False,True,0.09857277599985537,1150,2
ballistic,0.04,8,31002,small,75,2040.5144481205361,0.0,False,True,0.09876929800020662,1000,1
ballistic,0.04,8,31100,medium,150,4512.667845262099,0.07259224707142273,True,True,0.2503240839996579,1350,2
ballistic,0.04,8,31101,medium,150,3528.504213338299,2.8853865038156066,False,True,0.2503726450004251,1350,2
ballistic,0.04,8,31102,medium,150,3130.6113421264818,0.722683800046494,True,True,0.24969935500075735,1450,2
ballistic,0.04,8,31200,large,224,4824.44651118914,6.287712871956601,True,True,0.5044527899995046,1800,2
ballistic,0.04,8,31201,large,217,4703.986744742861,2.4423364836496706,True,True,0.5048338570004489,2150,3
ballistic,0.04,8,31202,large,224,5778.613161100583,2.09544692408747,True,True,0.49961869700018724,1800,2
ballistic,0.04,16,31000,small,75,2667.089065008053,4.175598552780044,False,True,0.10008339900014107,1050,2
ballistic,0.04,16,31001,small,60,2245.7985912780514,0.6823439077013385,True,True,0.09900983500028815,1300,2
ballistic,0.04,16,31002,small,75,2040.5144481205361,0.0,True,True,0.09871928300026411,1100,2
ballistic,0.04,16,31100,medium,150,4512.667845262099,0.07259224707142273,True,True,0.2496078199992553,1700,2
ballistic,0.04,16,31101,medium,150,3528.504213338299,2.76862175858455,True,True,0.25120382799968866,1700,2
ballistic,0.04,16,31102,medium,150,3130.6113421264818,0.722683800046494,True,True,0.24965672300049846,1800,2
ballistic,0.04,16,31200,large,224,4824.44651118914,10.012812752947815,True,True,0.5036049029995411,2350,3
ballistic,0.04,16,31201,large,217,4703.986744742861,0.7019572764903035,True,True,0.5021504540004571,2800,3
ballistic,0.04,16,31202,large,224,5778.613161100583,2.324183947820393,True,True,0.5031510290000369,2300,3
discrete,0.01,8,31000,small,75,2667.089065008053,0.0,False,True,0.09967182700029298,950,1
discrete,0.01,8,31001,small,60,2245.7985912780514,0.0,False,True,0.09866696700009925,1150,2
discrete,0.01,8,31002,small,75,2040.5144481205361,0.0,False,True,0.09995948400000998,1000,1
discrete,0.01,8,31100,medium,150,4512.667845262099,0.07259224707142273,False,True,0.25186757299979945,1350,2
discrete,0.01,8,31101,medium,150,3528.504213338299,2.7539621667051155,False,True,0.2504584020002767,1350,2
discrete,0.01,8,31102,medium,150,3130.6113421264818,0.722683800046494,False,True,0.2506786890003241,1400,2
discrete,0.01,8,31200,large,224,4824.44651118914,6.3192773825099495,False,True,0.5014286230002654,1800,2
discrete,0.01,8,31201,large,217,4703.986744742861,2.1115152347276807,False,True,0.5024049219996414,2100,3
discrete,0.01,8,31202,large,224,5778.613161100583,2.324183947820393,True,True,0.5028735089999827,1750,2
discrete,0.01,16,31000,small,75,2667.089065008053,4.197146727082844,False,True,0.09924465400035842,1000,1
discrete,0.01,16,31001,small,60,2245.7985912780514,0.02341496376112254,False,True,0.09914476600033595,1200,2
discrete,0.01,16,31002,small,75,2040.5144481205361,0.0,False,True,0.09950475900041056,1100,2
discrete,0.01,16,31100,medium,150,4512.667845262099,0.07259224707142273,True,True,0.25023390999967887,1650,2
discrete,0.01,16,31101,medium,150,3528.504213338299,2.811686366434171,False,True,0.25159837499995774,1650,2
discrete,0.01,16,31102,medium,150,3130.6113421264818,0.722683800046494,True,True,0.2503540990005604,1750,2
discrete,0.01,16,31200,large,224,4824.44651118914,5.987212909340153,False,True,0.49896997799942255,2050,3
discrete,0.01,16,31201,large,217,4703.986744742861,2.44619407054469,True,True,0.5028624430005948,2550,3
discrete,0.01,16,31202,large,224,5778.613161100583,5.503190729335011,True,True,0.5012761300004058,2200,3
discrete,0.02,8,31000,small,75,2667.089065008053,0.0,False,True,0.10158443699992858,850,1
discrete,0.02,8,31001,small,60,2245.7985912780514,0.0,False,True,0.09944545199959975,1100,2
discrete,0.02,8,31002,small,75,2040.5144481205361,0.0,False,True,0.0995710180009155,950,1
discrete,0.02,8,31100,medium,150,4512.667845262099,0.07259224707142273,True,True,0.2502774650001811,1250,2
discrete,0.02,8,31101,medium,150,3528.504213338299,5.407604640908373,True,True,0.2508741790006752,1300,2
discrete,0.02,8,31102,medium,150,3130.6113421264818,0.722683800046494,True,True,0.25197306099971684,1400,2
discrete,0.02,8,31200,large,224,4824.44651118914,8.429042131847874,False,True,0.5010116769994966,1750,2
discrete,0.02,8,31201,large,217,4703.986744742861,2.2505801941152863,True,True,0.5047040979998201,2150,3
discrete,0.02,8,31202,large,224,5778.613161100583,7.198403434763235,False,True,0.5016064309998001,1800,2
discrete,0.02,16,31000,small,75,2667.089065008053,0.0,True,True,0.09880842800066603,1000,1
discrete,0.02,16,31001,small,60,2245.7985912780514,0.02341496376112254,False,True,0.09843719699983922,1200,2
discrete,0.02,16,31002,small,75,2040.5144481205361,0.0,True,True,0.09842713000034564,1050,2
discrete,0.02,16,31100,medium,150,4512.667845262099,0.002479651000223683,False,True,0.24850134799999068,1650,2
discrete,0.02,16,31101,medium,150,3528.504213338299,2.9142846120293804,False,True,0.2496902930001852,1650,2
discrete,0.02,16,31102,medium,150,3130.6113421264818,0.0628542227569025,False,True,0.2496228930003781,1600,2
discrete,0.02,16,31200,large,224,4824.44651118914,5.987212909340153,False,True,0.501264276999791,2300,3
discrete,0.02,16,31201,large,217,4703.986744742861,0.7019572764903035,False,True,0.5003493239996715,2750,3
discrete,0.02,16,31202,large,224,5778.613161100583,5.534565466085154,False,True,0.5032383620000473,2300,3
discrete,0.04,8,31000,small,75,2667.089065008053,0.0,False,True,0.0989488860000165,950,1
discrete,0.04,8,31001,small,60,2245.7985912780514,0.0,False,True,0.09955463400046938,1200,2
discrete,0.04,8,31002,small,75,2040.5144481205361,0.0,False,True,0.09816704400054732,1000,2
discrete,0.04,8,31100,medium,150,4512.667845262099,0.07259224707142273,True,True,0.2498653729999205,1350,2
discrete,0.04,8,31101,medium,150,3528.504213338299,2.820166300491705,False,True,0.25032370300004914,1300,2
discrete,0.04,8,31102,medium,150,3130.6113421264818,0.722683800046494,True,True,0.2491365009996116,1450,2
discrete,0.04,8,31200,large,224,4824.44651118914,10.631286337546486,False,True,0.5061145009995016,1850,2
discrete,0.04,8,31201,large,217,4703.986744742861,2.4888481219624268,True,True,0.49888691500018467,2100,3
discrete,0.04,8,31202,large,224,5778.613161100583,9.214691686310049,False,True,0.5057322140000906,1800,2
discrete,0.04,16,31000,small,75,2667.089065008053,4.197146727082844,False,True,0.09904446600103256,1000,1
discrete,0.04,16,31001,small,60,2245.7985912780514,0.03949195493694215,True,True,0.09917361500038169,1250,2
discrete,0.04,16,31002,small,75,2040.5144481205361,3.7860647985776823,False,True,0.09955763700008902,1100,2
discrete,0.04,16,31100,medium,150,4512.667845262099,0.07259224707142273,True,True,0.2500832220002849,1700,2
discrete,0.04,16,31101,medium,150,3528.504213338299,2.842164663871183,False,True,0.2487688430005619,1650,2
discrete,0.04,16,31102,medium,150,3130.6113421264818,0.722683800046494,True,True,0.24897237299956032,1700,2
discrete,0.04,16,31200,large,224,4824.44651118914,8.241419321114268,False,True,0.49997227499989094,2300,3
discrete,0.04,16,31201,large,217,4703.986744742861,0.7019572764903035,True,True,0.5021002990001762,2750,3
discrete,0.04,16,31202,large,224,5778.613161100583,4.294495726992254,True,True,0.5015645979997316,2200,3
