scale,solver_A,solver_B,n,mean_gap_A,mean_gap_B,mean_improvement_pp_B_minus_A,ci95_low,ci95_high,p_raw
small,SB-QI,GRASP-LS,48,1.052347307418304,0.1488537794292025,-0.9034935279891018,-1.3713255450253086,-0.49282707129351544,9.067222017758301e-05
small,SB-QI,MILP-HIGHS,48,1.052347307418304,0.0,-1.052347307418304,-1.5220962538457534,-0.611164944580977,8.29809930635731e-06
small,GRASP-LS,MILP-HIGHS,48,0.1488537794292025,0.0,-0.1488537794292025,-0.323539222522882,-0.01664595020394333,0.06788915486182899
medium,SB-QI,GRASP-LS,48,2.6138734413125264,0.17748976942238648,-2.4363836718901397,-3.0932554524063325,-1.804674556677997,6.538886335515506e-08
medium,SB-QI,MILP-HIGHS,48,2.6138734413125264,0.0,-2.6138734413125264,-3.2328280967387446,-1.9998304666355817,2.4249905341003518e-08
medium,GRASP-LS,MILP-HIGHS,48,0.17748976942238648,0.0,-0.17748976942238648,-0.3290593816264127,-0.058142437106291744,0.00043777719457466354
large,SB-QI,GRASP-LS,48,4.3649244997974534,0.8172931082630998,-3.547631391534354,-4.253691829527596,-2.8695829691555135,1.075353387848128e-08
large,SB-QI,MILP-HIGHS,48,4.3649244997974534,0.0,-4.3649244997974534,-5.014934851521064,-3.700092007573671,3.5229504763988177e-09
large,GRASP-LS,MILP-HIGHS,48,0.8172931082630998,0.0,-0.8172931082630998,-1.1103568162046653,-0.5396256394832133,7.952884142692727e-07
