scale,tightness,reserve_level,solver,n,mean_gap_pct,median_gap_pct,raw_feasible_rate,repaired_feasible_rate,mean_obj,mean_total_time,p95_total_time,mean_first_feasible
large,loose,high,GRASP-LS,12,0.9347416385985065,0.33071888618492407,1.0,1.0,5055.829845447591,0.5008384626668203,0.5013186166499282,0.25110519758341826
large,loose,high,MILP-HIGHS,12,0.0,0.0,1.0,1.0,5107.7821116693685,0.28491309583337926,0.36228908785017205,0.28491309583337926
large,loose,high,SB-QI,12,5.162245125464849,5.501344106150691,0.25,1.0,4835.260361567327,0.5025140301668595,0.5078931850505342,0.25912333725015435
large,loose,standard,GRASP-LS,12,1.158667896149917,0.7558165118294988,1.0,1.0,6344.5206610724335,0.500863196500139,0.5012143245000515,0.23795885091677363
large,loose,standard,MILP-HIGHS,12,0.0,0.0,1.0,1.0,6418.057742012387,0.32917688583332466,0.41958426434980534,0.32917688583332466
large,loose,standard,SB-QI,12,3.705509693743641,3.490233666404319,0.25,1.0,6179.909673261295,0.5038929050000434,0.505913730199677,0.24580173091673407
large,tight,high,GRASP-LS,12,0.48838394438767474,0.012117523236787749,1.0,1.0,5749.391320314517,0.5006077168333908,0.5009051623000005,0.212283055750125
large,tight,high,MILP-HIGHS,12,0.0,0.0,1.0,1.0,5778.221356083835,0.24295802391668528,0.3177735000999064,0.24295802391668528
large,tight,high,SB-QI,12,4.417532738541678,4.6930886344461555,0.16666666666666666,1.0,5523.67132903955,0.502531446000224,0.5059198822996678,0.22009304008345978
large,tight,standard,GRASP-LS,12,0.6873789539163003,0.2845126277488923,1.0,1.0,5671.490938522682,0.5010046776667423,0.5012023084498878,0.2236397940834346
large,tight,standard,MILP-HIGHS,12,0.0,0.0,1.0,1.0,5712.735951052346,0.28910185333340144,0.42105873905034047,0.28910185333340144
large,tight,standard,SB-QI,12,4.174410441439646,3.898981505595409,0.3333333333333333,1.0,5475.653526613438,0.5026797173333838,0.5058521273004317,0.2310800801666346
medium,loose,high,GRASP-LS,12,0.10197702676094005,0.00780669598872525,1.0,1.0,3824.621935200495,0.2502013992499693,0.25043519119992647,0.15227408691669095
medium,loose,high,MILP-HIGHS,12,0.0,0.0,1.0,1.0,3828.465832933603,0.169504702999878,0.20500333059997042,0.169504702999878
medium,loose,high,SB-QI,12,2.6191564226397186,1.4178509168432254,0.25,1.0,3722.098748086341,0.2506463719166731,0.25278017499986155,0.15706916533330662
medium,loose,standard,GRASP-LS,12,0.1347314919038636,0.0,1.0,1.0,4299.380290450099,0.2502622074167675,0.25045397855026297,0.15745962991676754
medium,loose,standard,MILP-HIGHS,12,0.0,0.0,1.0,1.0,4304.2133807054115,0.19127457225003275,0.25599691220004384,0.19127457225003275
medium,loose,standard,SB-QI,12,2.661967272187043,2.4355827791469045,0.08333333333333333,1.0,4188.99919954298,0.2507956801665235,0.2528489845494505,0.16251747700005123
medium,tight,high,GRASP-LS,12,0.17361075514452784,0.0,1.0,1.0,3599.7176168886344,0.25014209191681397,0.2504205593503229,0.14239014891662308
medium,tight,high,MILP-HIGHS,12,0.0,0.0,1.0,1.0,3606.3255191922835,0.15901647858333942,0.20810700979986896,0.15901647858333942
medium,tight,high,SB-QI,12,2.511097921363657,2.5738719814889963,0.25,1.0,3520.4289064012205,0.250332799500029,0.25172533545044184,0.14689656733332865
medium,tight,standard,GRASP-LS,12,0.29963980388021444,0.0,1.0,1.0,4110.167399972671,0.25024283849991963,0.2504557984497296,0.14385698099996108
medium,tight,standard,MILP-HIGHS,12,0.0,0.0,1.0,1.0,4122.523591000391,0.16781699249997925,0.21390932315034653,0.16781699249997925
medium,tight,standard,SB-QI,12,2.6632721490596887,2.6807556765167053,0.3333333333333333,1.0,4013.298496908237,0.2512534871665745,0.2524752822998152,0.14857310374994384
small,loose,high,GRASP-LS,12,0.08476272044630047,0.0,1.0,1.0,2156.242619302681,0.09934509749996319,0.09946811209986203,0.07117987325007862
small,loose,high,MILP-HIGHS,12,0.0,0.0,1.0,1.0,2157.65083208234,0.07618762466669671,0.0848121135999008,0.07618762466669671
small,loose,high,SB-QI,12,2.1646775167805576,1.8386791019425153,0.08333333333333333,1.0,2109.566813100199,0.09879130424985756,0.09954797414961826,0.07366906591660907
small,loose,standard,GRASP-LS,12,0.5106523972705096,0.0,1.0,1.0,2687.3127411379246,0.09935710175011532,0.09943532765028064,0.07118656350003975
small,loose,standard,MILP-HIGHS,12,0.0,0.0,1.0,1.0,2701.5878844827216,0.07745494433337774,0.0916233974496435,0.07745494433337774
small,loose,standard,SB-QI,12,1.157089882856977,0.07570973185227715,0.0,1.0,2671.5754893178905,0.09918954224993583,0.0998171974999877,0.07388325883334795
small,tight,high,GRASP-LS,12,0.0,0.0,1.0,1.0,2272.278265005304,0.09931711683331433,0.09943974109962707,0.06525283141661471
small,tight,high,MILP-HIGHS,12,0.0,0.0,1.0,1.0,2272.278265005304,0.07040637066666018,0.0811619184503115,0.07040637066666018
small,tight,high,SB-QI,12,0.268794742450485,0.0327668747825954,0.0,1.0,2265.705180761752,0.09917297233319759,0.09993011810029197,0.06769459199991461
small,tight,standard,GRASP-LS,12,0.0,0.0,1.0,1.0,2627.7603076724877,0.09936325183328636,0.09945815674961972,0.06463857491670899
small,tight,standard,MILP-HIGHS,12,0.0,0.0,1.0,1.0,2627.7603076724877,0.06862610616659968,0.07375237159994866,0.06862610616659968
small,tight,standard,SB-QI,12,0.6188270875851969,0.0,0.0,1.0,2610.190503258269,0.09911743616673141,0.09987099975021459,0.06702661691675375
