seed,scale,tightness,reserve_level,D,R,n_candidates,n_conflicts,conflict_density,common_pre_time,deadline,ref_obj,ref_status,ref_gap,ref_dual,solver,obj,raw_feasible,repaired_feasible,total_time,encode_time,solve_time,post_time,first_feasible_time,raw_count,sel_count,status,mip_gap,gap_pct,deadline_met,instance_id,restarts,steps,agents,engine,pressure_slope
43100,large,loose,high,7,28,224,11420,0.45723894939141574,0.24574569700007487,0.5,4822.593722619572,0,0.0,-4822.593722619572,MILP-HIGHS,4822.593722619572,True,True,0.27031915400038997,0.0007992260002538387,0.018699260000175855,0.005074970999885409,0.27031915400038997,7,7,0,0.0,0.0,True,large_0_1_0,,,,,
43100,large,loose,high,7,28,224,11420,0.45723894939141574,0.24574569700007487,0.5,4822.593722619572,0,0.0,-4822.593722619572,GRASP-LS,4735.292141402025,True,True,0.5015092449998519,0.0008896399999684945,0.2532488669999111,0.0016250409998974646,0.24735042800011797,7,7,0,,1.8102619925886292,True,large_0_1_0,359.0,,,,
43100,large,loose,high,7,28,224,11420,0.45723894939141574,0.24574569700007487,0.5,4822.593722619572,0,0.0,-4822.593722619572,SB-QI,4553.686539025417,False,True,0.5023568950000481,0.004515230999913911,0.25113620199999787,0.0009597650000614522,0.2565292499998577,92,7,0,,5.575986679800345,True,large_0_1_0,2.0,1500.0,8.0,discrete,0.01
43101,large,loose,high,7,28,224,10917,0.43709961563100574,0.24157486300009623,0.5,3724.053570659713,0,0.0,-3724.0535706597134,MILP-HIGHS,3724.053570659713,True,True,0.25066998100010096,0.0007782249999763735,0.0033224710000467894,0.004994421999981569,0.25066998100010096,7,7,0,0.0,0.0,True,large_0_1_1,,,,,
43101,large,loose,high,7,28,224,10917,0.43709961563100574,0.24157486300009623,0.5,3724.053570659713,0,0.0,-3724.0535706597134,GRASP-LS,3724.053570659713,True,True,0.5011626479999904,0.0007699230000071111,0.25727194799992503,0.0015459139999620675,0.2432684860000336,7,7,0,,0.0,True,large_0_1_1,377.0,,,,
43101,large,loose,high,7,28,224,10917,0.43709961563100574,0.24157486300009623,0.5,3724.053570659713,0,0.0,-3724.0535706597134,SB-QI,3524.4303683506505,False,True,0.5019935609998356,0.003982909999649564,0.2555727969997861,0.0008629910003037367,0.25141304299950207,68,7,0,,5.360374079519467,True,large_0_1_1,2.0,1550.0,8.0,discrete,0.01
43102,large,loose,high,7,28,224,9296,0.3721973094170404,0.2380240729999059,0.5,5415.293852289031,0,0.0,-5415.293852289031,MILP-HIGHS,5415.293852289031,True,True,0.2695764589989267,0.0007715349997852172,0.026647906999642146,0.004132943999593408,0.2695764589989267,7,7,0,0.0,0.0,True,large_0_1_2,,,,,
43102,large,loose,high,7,28,224,9296,0.3721973094170404,0.2380240729999059,0.5,5415.293852289031,0,0.0,-5415.293852289031,GRASP-LS,5316.374140831506,True,True,0.500407004000408,0.0008729050000511052,0.2602461310002582,0.0012638950001928606,0.2394125929999973,7,7,0,,1.8266730145347772,True,large_0_1_2,365.0,,,,
43102,large,loose,high,7,28,224,9296,0.3721973094170404,0.2380240729999059,0.5,5415.293852289031,0,0.0,-5415.293852289031,SB-QI,5127.042966256883,False,True,0.5002186960000472,0.0033625999999458145,0.2578842070001883,0.0009478160000071512,0.24722198300014497,79,7,0,,5.322903869940591,True,large_0_1_2,2.0,1650.0,8.0,discrete,0.01
43103,large,loose,high,7,28,224,11160,0.44682895579756565,0.23819629900026484,0.5,5635.6918436877095,0,0.0,-5635.6918436877095,MILP-HIGHS,5635.6918436877095,True,True,0.2587900610005818,0.0007047760000205017,0.014775957999972889,0.0051130280003235384,0.2587900610005818,7,7,0,0.0,0.0,True,large_0_1_3,,,,,
43103,large,loose,high,7,28,224,11160,0.44682895579756565,0.23819629900026484,0.5,5635.6918436877095,0,0.0,-5635.6918436877095,GRASP-LS,5635.017623786767,True,True,0.5007747420004307,0.00104998799997702,0.2600637909999932,0.0014646640001956257,0.24001559900034408,7,7,0,,0.011963391889452332,True,large_0_1_3,384.0,,,,
43103,large,loose,high,7,28,224,11160,0.44682895579756565,0.23819629900026484,0.5,5635.6918436877095,0,0.0,-5635.6918436877095,SB-QI,5055.06197393712,False,True,0.5008557020005355,0.004109619000246312,0.2576243409998824,0.0009254430001419678,0.24859358900039297,57,7,0,,10.302725660930662,True,large_0_1_3,2.0,1550.0,8.0,discrete,0.01
43104,large,loose,high,7,28,168,4519,0.32214143142286855,0.23740701799988528,0.5,3920.9824516515696,0,0.0,-3920.9824516515696,MILP-HIGHS,3920.9824516515696,True,True,0.24311925499978315,0.0004855209999732324,0.003130394999971031,0.0020963209999536048,0.24311925499978315,7,7,0,0.0,0.0,True,large_0_1_4,,,,,
43104,large,loose,high,7,28,168,4519,0.32214143142286855,0.23740701799988528,0.5,3920.9824516515696,0,0.0,-3920.9824516515696,GRASP-LS,3920.9824516515696,True,True,0.49999298100055967,0.0003196040001967049,0.26165685400019356,0.0006095050002841162,0.2381862040001579,7,7,0,,0.0,True,large_0_1_4,499.0,,,,
43104,large,loose,high,7,28,168,4519,0.32214143142286855,0.23740701799988528,0.5,3920.9824516515696,0,0.0,-3920.9824516515696,SB-QI,3913.4222548917314,False,True,0.5012802239998564,0.001648036000005959,0.26183640299996114,0.0003887670000040089,0.24291092599969488,3,7,0,,0.19281383819133668,True,large_0_1_4,3.0,2800.0,8.0,discrete,0.01
43105,large,loose,high,7,28,224,11199,0.4483904548366432,0.24290916100017057,0.5,5619.679333412017,0,0.0,-5619.679333412017,MILP-HIGHS,5619.679333412017,True,True,0.4133267740003248,0.0007493620000786905,0.16434661299990694,0.005321638000168605,0.4133267740003248,7,7,0,0.0,0.0,True,large_0_1_5,,,,,
43105,large,loose,high,7,28,224,11199,0.4483904548366432,0.24290916100017057,0.5,5619.679333412017,0,0.0,-5619.679333412017,GRASP-LS,5521.852722142437,True,True,0.500892673999715,0.0007720650000919704,0.2556899899996097,0.0015214579998428235,0.24414243999990504,7,7,0,,1.7407863592491366,True,large_0_1_5,427.0,,,,
43105,large,loose,high,7,28,224,11199,0.4483904548366432,0.24290916100017057,0.5,5619.679333412017,0,0.0,-5619.679333412017,SB-QI,5521.852722142437,True,True,0.49922029300023496,0.003737736999937624,0.2516251580000244,0.000948237000102381,0.25240456400024414,0,7,0,,1.7407863592491366,True,large_0_1_5,2.0,1500.0,8.0,discrete,0.01
43106,large,loose,high,7,28,224,10193,0.4081117873158232,0.25609976800024015,0.5,6567.561263665848,0,0.0,-6567.561263665848,MILP-HIGHS,6567.561263665848,True,True,0.28445138500046596,0.000850902999900427,0.02173221300017758,0.005768501000147808,0.28445138500046596,7,7,0,0.0,0.0,True,large_0_1_6,,,,,
43106,large,loose,high,7,28,224,10193,0.4081117873158232,0.25609976800024015,0.5,6567.561263665848,0,0.0,-6567.561263665848,GRASP-LS,6342.010464130115,True,True,0.5010562269999355,0.0011997899996458727,0.24202620100004424,0.001730468000005203,0.258045834999848,7,7,0,,3.434315881963104,True,large_0_1_6,381.0,,,,
43106,large,loose,high,7,28,224,10193,0.4081117873158232,0.25609976800024015,0.5,6567.561263665848,0,0.0,-6567.561263665848,SB-QI,6145.272347799646,False,True,0.5073955260004368,0.003512893000333861,0.2468380430000252,0.0009448219998375862,0.2688273970006776,75,7,0,,6.429919705545173,True,large_0_1_6,2.0,1400.0,8.0,discrete,0.01
43107,large,loose,high,7,28,224,8858,0.3546604740550929,0.28852106500016816,0.5,4938.282691436909,0,0.0,-4938.282691436909,MILP-HIGHS,4938.282691436909,True,True,0.29916870700026266,0.000807849000011629,0.004576051000185544,0.00526374199989732,0.29916870700026266,7,7,0,0.0,0.0,True,large_0_1_7,,,,,
43107,large,loose,high,7,28,224,8858,0.3546604740550929,0.28852106500016816,0.5,4938.282691436909,0,0.0,-4938.282691436909,GRASP-LS,4929.243292352101,True,True,0.5005817930004923,0.0009273670002585277,0.20980035299999145,0.0013330080000741873,0.290122132000306,7,7,0,,0.18304742052297654,True,large_0_1_7,295.0,,,,
43107,large,loose,high,7,28,224,8858,0.3546604740550929,0.28852106500016816,0.5,4938.282691436909,0,0.0,-4938.282691436909,SB-QI,4627.0842526898405,True,True,0.4990832270000283,0.003055775000120775,0.20668451799974719,0.000821868999992148,0.2972919020003246,1,7,0,,6.301754237089209,True,large_0_1_7,2.0,1350.0,8.0,discrete,0.01
43108,large,loose,high,7,28,224,8491,0.3399663677130045,0.23853201099973376,0.5,4826.937980907847,0,0.0,-4826.937980907847,MILP-HIGHS,4826.937980907847,True,True,0.26632136099942727,0.0007436239998241945,0.021892859000217868,0.005152866999651451,0.26632136099942727,7,7,0,0.0,0.0,True,large_0_1_8,,,,,
43108,large,loose,high,7,28,224,8491,0.3399663677130045,0.23853201099973376,0.5,4826.937980907847,0,0.0,-4826.937980907847,GRASP-LS,4803.846375317552,True,True,0.5005774259998361,0.0010939230000985845,0.2596425189999536,0.0013089730000501731,0.2404186609996941,7,7,0,,0.4783903518468716,True,large_0_1_8,365.0,,,,
43108,large,loose,high,7,28,224,8491,0.3399663677130045,0.23853201099973376,0.5,4826.937980907847,0,0.0,-4826.937980907847,SB-QI,4544.360012824753,False,True,0.5050498330001574,0.0029242499999782012,0.2628110200002993,0.0007825520001460973,0.24707075300011638,59,7,0,,5.854186840617903,True,large_0_1_8,2.0,1700.0,8.0,discrete,0.01
43109,large,loose,high,7,28,224,9918,0.39710121716848173,0.2700942000001305,0.5,5910.978378422305,0,0.0,-5910.978378422304,MILP-HIGHS,5910.978378422305,True,True,0.3205309810000472,0.002195136999944225,0.042853426999954536,0.005388217000017903,0.3205309810000472,7,7,0,0.0,0.0,True,large_0_1_9,,,,,
43109,large,loose,high,7,28,224,9918,0.39710121716848173,0.2700942000001305,0.5,5910.978378422305,0,0.0,-5910.978378422304,GRASP-LS,5910.792387009496,True,True,0.5011539360002644,0.0008054049999373092,0.22858976099996653,0.0016645700002300146,0.2716414960000293,7,7,0,,0.0031465419242110325,True,large_0_1_9,297.0,,,,
43109,large,loose,high,7,28,224,9918,0.39710121716848173,0.2700942000001305,0.5,5910.978378422305,0,0.0,-5910.978378422304,SB-QI,5499.497518843271,False,True,0.5029020249999121,0.0036833859999205742,0.22797606499989342,0.001148373999967589,0.27981300300007206,89,7,0,,6.961298675717061,True,large_0_1_9,2.0,1400.0,8.0,discrete,0.01
43110,large,loose,high,7,28,224,10878,0.43553811659192826,0.2483121650002431,0.5,5234.09902788584,0,0.0,-5234.099027885839,MILP-HIGHS,5234.09902788584,True,True,0.2584964780003247,0.0006742199998370779,0.004429924000305618,0.0050801689999389055,0.2584964780003247,7,7,0,0.0,0.0,True,large_0_1_10,,,,,
43110,large,loose,high,7,28,224,10878,0.43553811659192826,0.2483121650002431,0.5,5234.09902788584,0,0.0,-5234.099027885839,GRASP-LS,5234.09902788584,True,True,0.501126000000113,0.0009643610001148772,0.25026862799995797,0.0015808459997970203,0.25036937800041414,7,7,0,,0.0,True,large_0_1_10,344.0,,,,
43110,large,loose,high,7,28,224,10878,0.43553811659192826,0.2483121650002431,0.5,5234.09902788584,0,0.0,-5234.099027885839,SB-QI,4950.060095726937,True,True,0.5085014350006531,0.003961689000334445,0.2552228199997444,0.0010047610003312002,0.25888957200049845,0,7,0,,5.426701532501037,True,large_0_1_10,2.0,1450.0,8.0,discrete,0.01
43111,large,loose,high,7,28,224,10541,0.4220451633568226,0.24866420700027447,0.5,4677.231223394062,0,0.0,-4677.231223394062,MILP-HIGHS,4677.231223394062,True,True,0.2841865539999162,0.000719637999736733,0.030013462000169966,0.004789246999735042,0.2841865539999162,7,7,0,0.0,0.0,True,large_0_1_11,,,,,
43111,large,loose,high,7,28,224,10541,0.4220451633568226,0.24866420700027447,0.5,4677.231223394062,0,0.0,-4677.231223394062,GRASP-LS,4596.393948201968,True,True,0.5008268760002466,0.0011246690000916715,0.24949060399967493,0.001547396000205481,0.2502891190001719,7,7,0,,1.7283147086629207,True,large_0_1_11,366.0,,,,
43111,large,loose,high,7,28,224,10541,0.4220451633568226,0.24866420700027447,0.5,4677.231223394062,0,0.0,-4677.231223394062,SB-QI,4561.35328631924,False,True,0.5013109450005686,0.0035576599998421443,0.24820992300010403,0.0008791550003479642,0.2585140650003268,13,7,0,,2.4774900264762634,True,large_0_1_11,2.0,1450.0,8.0,discrete,0.01
