scale,solver,n,mean_gap_pct,median_gap_pct,raw_feasible_rate,repaired_feasible_rate,mean_total_time,p95_total_time
large,GRASP-LS,48,0.8172931082630996,0.22159928073576815,1.0,1.0,0.500828513416773,0.5012172446500017
large,MILP-HIGHS,48,0.0,0.0,1.0,1.0,0.28653746472919767,0.41326212830022085
large,SB-QI,48,4.3649244997974534,4.2858367136445175,0.25,1.0,0.5029045246251277,0.506284384699893
medium,GRASP-LS,48,0.17748976942238648,0.0,1.0,1.0,0.2502121342708676,0.2504531175997954
medium,MILP-HIGHS,48,0.0,0.0,1.0,1.0,0.17190318658330736,0.25517903599993585
medium,SB-QI,48,2.6138734413125264,2.497021968857096,0.22916666666666666,1.0,0.25075708468745,0.25268290390010856
small,GRASP-LS,48,0.1488537794292025,0.0,1.0,1.0,0.0993456419791698,0.0994453665496621
small,MILP-HIGHS,48,0.0,0.0,1.0,1.0,0.07316876145833358,0.08706541749959337
small,SB-QI,48,1.052347307418304,0.04919745086969835,0.020833333333333332,1.0,0.09906781374993061,0.0999063550001892
