Scenario,Controller,n,rmse_mean,rmse_sd,p95_mean,max_mean,authority_scale_mean,authority_active_pct
soft_history_shift,CurrentOnly-AE-CeNN-494,100,0.08759634687162958,0.005944431397922565,0.1654718862409374,0.16994969621967865,0.0,0.0
soft_history_shift,G-DetectorGate-noRTA,100,0.08734245152317419,0.0059693633342025555,0.165128203473468,0.16952298218092307,1.0,100.0
soft_history_shift,I-ContinuousRiskGovernor,100,0.08735222416587848,0.005968246118578328,0.16514699710156897,0.16954505558109406,0.5814438776015964,61.982711555959966
soft_history_shift,H-RTA-SupervisedGate,100,0.08733677626911326,0.005969572591045277,0.16512801849874223,0.1695229376038305,0.6264240218380346,62.64240218380346
soft_deadline_erosion,CurrentOnly-AE-CeNN-494,100,0.08759629941427774,0.0059444241818762756,0.16547215950647767,0.16994947970246307,0.0,0.0
soft_deadline_erosion,G-DetectorGate-noRTA,100,0.08730718955314025,0.00596598968986296,0.16504288583660892,0.16945920858857508,1.0,100.0
soft_deadline_erosion,I-ContinuousRiskGovernor,100,0.08734550094190674,0.005964564732504185,0.16511041723540187,0.1695444538151824,0.564355636873412,60.24112829845314
soft_deadline_erosion,H-RTA-SupervisedGate,100,0.08731487459719903,0.005965908210312671,0.1650548621452306,0.16948354538650073,0.6149499545040946,61.49499545040946
deadline_bursts,CurrentOnly-AE-CeNN-494,100,0.08759797360910843,0.005942944171730375,0.16547270682138518,0.16994988569225197,0.0,0.0
deadline_bursts,G-DetectorGate-noRTA,100,0.08730882113345573,0.005964493485086472,0.16504358357668938,0.16945967255966926,1.0,100.0
deadline_bursts,I-ContinuousRiskGovernor,100,0.08734323706864972,0.005962873011277547,0.16511301692526473,0.16952206123158248,0.582054679956313,59.415832575068244
deadline_bursts,H-RTA-SupervisedGate,100,0.08733771180959451,0.005962537882195343,0.16510314699050585,0.16951688083875247,0.5973703366696997,59.73703366696997
history_corruption,CurrentOnly-AE-CeNN-494,100,0.08759842917832476,0.005944061465434564,0.16547231415586405,0.16994973242833045,0.0,0.0
history_corruption,G-DetectorGate-noRTA,100,0.08735079329849721,0.005970775937163711,0.16510725717166516,0.16951469793823962,1.0,100.0
history_corruption,I-ContinuousRiskGovernor,100,0.08736237311836989,0.005962549673998649,0.16509706943291463,0.16954905441053636,0.5402649907897863,55.339399454049136
history_corruption,H-RTA-SupervisedGate,100,0.08735649997119894,0.00596230108314323,0.16508660001436865,0.16954388996284764,0.5568880800727934,55.68880800727935
severe_compound,CurrentOnly-AE-CeNN-494,100,0.20109440054139935,0.03464845505378617,0.3092319902522796,0.324318150145449,0.0,0.0
severe_compound,G-DetectorGate-noRTA,100,0.2005709551804038,0.0346681014299854,0.30880657364804376,0.3239354894619734,1.0,100.0
severe_compound,I-ContinuousRiskGovernor,100,0.200692275121945,0.03471171888379223,0.3090149758028146,0.32413308293350995,0.787972502494467,91.24476797088262
severe_compound,H-RTA-SupervisedGate,100,0.20059500375248607,0.03469107995910226,0.30882277213080467,0.3239553524796528,0.9538216560509554,95.38216560509554
