Scenario,Controller,SeedIndex,pos_rmse_m,pos_max_m,heading_mae_deg,success,control_effort,residual_rms_ms2
payload50,Geo,0,0.8680341757130443,1.433554925498438,3.437440203942179,1.0,7810.140084032708,0.0
payload50,Geo,1,1.2444929498851232,2.5733796880086506,2.4627419596831035,1.0,7486.053477203821,0.0
payload50,Geo,2,1.2079412178248328,2.059547446676555,4.041094923614318,1.0,11175.617779028402,0.0
payload50,Geo,3,0.5565112631366672,1.3444487058936851,2.474266168302848,1.0,6072.505482331526,0.0
payload50,Geo,4,1.0741036684969723,2.1233142655374166,4.9237317244358705,1.0,9431.89043308789,0.0
payload50,Geo,5,3.6749186515266237,7.088354621554514,11.148853896552307,0.0,18931.09841755017,0.0
payload50,Geo,6,0.5632779823219559,1.2814596376416456,2.6176625160843994,1.0,6549.354488620532,0.0
payload50,Geo,7,0.6420819543356379,1.0555852717646776,1.4180144046630319,1.0,7593.274484908096,0.0
payload50,Geo,8,0.5865368372610192,1.3989790894525296,2.7788806481887836,1.0,6275.052478303162,0.0
payload50,Geo,9,3.305016567538453,6.7705040173841695,7.66788242240707,0.0,17296.144342144755,0.0
payload50,Geo,10,0.3538907693660295,0.5250353142048984,1.8890135106399446,1.0,8278.327733254659,0.0
payload50,Geo,11,0.6965081926954526,1.2937531761568415,3.3656571708282246,1.0,5968.321698345693,0.0
payload50,Geo,12,0.825380458792319,1.7845475297114133,4.403180839665344,1.0,7224.271960959205,0.0
payload50,Geo,13,0.8022191855804248,1.448572378411046,2.838928852168081,1.0,9595.699276075207,0.0
payload50,Geo,14,0.5232977804197796,1.192354890836499,2.4439690875203417,1.0,6993.747914339779,0.0
payload50,Geo,15,0.8250843568601255,1.693725281182256,3.257071849421665,1.0,8289.157603540374,0.0
payload50,Geo,16,1.7760305582481248,3.5596051525491896,7.00988244266011,1.0,20638.858550115863,0.0
payload50,Geo,17,0.553842763004712,0.9649659883066635,2.2223615371869894,1.0,9356.255312265926,0.0
payload50,Geo,18,0.8441648258102218,1.5791126852741018,1.380524959713165,1.0,10293.965650993492,0.0
payload50,Geo,19,0.43492771358643545,0.8630714302424605,2.413191996461717,1.0,5877.0829217136015,0.0
payload50,Geo,20,1.064272115994051,2.155829648616423,4.980496719317584,1.0,9915.595088418579,0.0
payload50,Geo,21,0.5086109721143941,0.9520326092267869,1.8761250853693692,1.0,6659.9195869296045,0.0
payload50,Geo,22,0.7374693980717635,1.4028107121732118,2.060416918456071,1.0,8986.99597734361,0.0
payload50,Geo,23,1.0986094251677654,2.290554800642187,2.079617398564143,1.0,8866.801296508404,0.0
payload50,Geo,24,0.47185378157061686,0.9590068140178297,1.5417024410568139,1.0,5448.305254812969,0.0
payload50,Geo,25,0.3700568550964335,0.6516804817296805,1.9301080884469008,1.0,5939.931359533345,0.0
payload50,Geo,26,0.8160847197431844,1.687298132624329,1.9186048706650891,1.0,7854.799613138489,0.0
payload50,Geo,27,8.176331546293381,14.758205132632716,12.563041839238641,0.0,44642.66836151885,0.0
payload50,Geo,28,0.5703830914199517,1.1567259471392142,2.2247410412466766,1.0,6197.975139135431,0.0
payload50,Geo,29,1.9238011817658163,3.6894212232116335,6.664931717260637,1.0,18287.671434727323,0.0
payload50,Geo,30,0.28213145706739345,0.5017272785600645,1.8794432939438024,1.0,7693.2594765125405,0.0
payload50,Geo,31,0.8283708928671616,1.819610177167187,2.941816654358489,1.0,10171.093882365192,0.0
payload50,Geo,32,3.9360306509920946,9.042432729056424,15.402643789766811,0.0,24059.732375568048,0.0
payload50,Geo,33,3.103344540251071,10.033874585840882,2.055543715424029,0.0,16351.30635563057,0.0
payload50,Geo,34,1.075852038887914,2.2251404153210865,3.462992466646052,1.0,8377.049095250015,0.0
payload50,Geo,35,0.8322083196219129,1.4484513840991857,1.7268230105067068,1.0,8514.037377129865,0.0
payload50,Geo,36,1.349062443956213,2.4504349517618786,3.3458932118558153,1.0,9367.537859135988,0.0
payload50,Geo,37,1.3992729340396561,2.5016970576195656,5.476158911060258,1.0,12751.866093951314,0.0
payload50,Geo,38,0.4530489017508194,0.723245716739651,2.107012236397577,1.0,7338.694077582063,0.0
payload50,Geo,39,0.4254211474798024,0.7241629558111168,1.585575822485785,1.0,6976.84380508269,0.0
payload50,Geo,40,0.6561281821262476,1.1874007890902527,2.074337830331606,1.0,7523.189130278801,0.0
payload50,Geo,41,0.8268332035181403,1.5678047589975848,2.4108955591547243,1.0,5287.180602598496,0.0
payload50,Geo,42,4.8706079086021985,10.059837960534265,9.896957080003894,0.0,21561.66392042108,0.0
payload50,Geo,43,1.671737225329354,3.328163303998129,5.265265061558887,1.0,13658.446545802708,0.0
payload50,Geo,44,0.569883935199759,1.3064931528029697,2.7802708752893013,1.0,6141.405175793966,0.0
payload50,Geo,45,2.5440475533247686,4.4187773205696,10.441965492478625,1.0,15490.5468031929,0.0
payload50,Geo,46,0.6518895982824385,1.107560857202843,2.4119673866525675,1.0,8857.360719562364,0.0
payload50,Geo,47,1.0274008052718386,1.8635702393765132,3.425903852109296,1.0,9830.238042511291,0.0
payload50,Geo,48,1.0859355715706853,1.942583116647818,3.275910283507023,1.0,11328.723912243218,0.0
payload50,Geo,49,2.106926845310592,3.9239185520330078,3.865550899492837,1.0,12500.979793541297,0.0
payload50,Geo,50,1.4000253140982142,2.5913995426039773,4.404831111565331,1.0,10498.217130156194,0.0
payload50,Geo,51,12.424398432320228,35.83585318063519,8.711860479553131,0.0,12969.69132872959,0.0
payload50,Geo,52,1.4740403133223834,3.452722136185476,3.469521967935752,1.0,14208.256794435825,0.0
payload50,Geo,53,1.0200015781519467,2.1532318101521013,2.3967518894841113,1.0,7087.424015468773,0.0
payload50,Geo,54,4.266149513836031,9.916439913972534,9.27855428325811,0.0,21576.09113726348,0.0
payload50,Geo,55,1.751787054058569,3.655078416427614,4.8889965247325105,1.0,7276.38518299223,0.0
payload50,Geo,56,0.8191115098934574,1.9288465628620157,3.6534431560247316,1.0,9106.250164013263,0.0
payload50,Geo,57,2.300873956107187,4.675375863443161,4.131994203918244,1.0,9829.42518001101,0.0
payload50,Geo,58,2.3175014386542725,4.317778971279368,7.266980366768533,1.0,28309.180941289513,0.0
payload50,Geo,59,2.926728344561041,5.753272848453292,9.590966536346135,0.0,12791.30848247865,0.0
payload50,Geo,60,0.5626093801768526,1.166276763185782,1.9470188477996409,1.0,6048.701370074977,0.0
payload50,Geo,61,0.9922369467301873,1.765806994631966,2.3609819999917394,1.0,10568.09104892954,0.0
payload50,Geo,62,0.6805846728247157,1.3863476734475255,2.5534766042835493,1.0,7926.517313742059,0.0
payload50,Geo,63,0.6722178049144883,1.0335663733824894,2.9873097191255975,1.0,7247.573409773001,0.0
payload50,Geo,64,3.270534045970022,9.636354785265503,7.032627728402383,0.0,31681.12785571405,0.0
payload50,Geo,65,1.579060923514102,3.3522663359233573,6.076195187331324,1.0,8529.043016916521,0.0
payload50,Geo,66,5.625377255934745,16.956786648756047,7.554705924748716,0.0,15554.293021079618,0.0
payload50,Geo,67,1.3466522394840295,2.4973555560130323,2.6911274905084563,1.0,9980.277599896688,0.0
payload50,Geo,68,0.9191961637563394,1.895257540215676,2.1379868211753204,1.0,5842.548818995095,0.0
payload50,Geo,69,0.7366207806925782,1.3889760872070893,1.7290440160243843,1.0,5964.508795417617,0.0
payload50,Geo,70,0.8721378145287054,1.6422168722999826,1.3570850889143606,1.0,7865.292192674218,0.0
payload50,Geo,71,1.906343594108873,4.607453446399233,10.528442621546121,1.0,11721.081452978422,0.0
payload50,Geo,72,2.65496752057917,6.552885581394346,10.081342333975451,0.0,21897.694987239312,0.0
payload50,Geo,73,1.2843291863666872,2.8528855293639355,5.975918841451442,1.0,11308.56126253903,0.0
payload50,Geo,74,1.045807486041601,1.9011051982313498,3.906770150470389,1.0,10685.884191491761,0.0
payload50,Geo,75,0.4783847803119127,0.967703286918892,2.10223720874484,1.0,6905.564288283619,0.0
payload50,Geo,76,5.53102267307155,14.97423637979917,5.678789644644185,0.0,28651.972726363085,0.0
payload50,Geo,77,4.411326610501581,13.31959360262092,8.872278840055836,0.0,17123.72054922407,0.0
payload50,Geo,78,1.1681672785973949,2.1024383822992,3.850648478312409,1.0,9224.87912371721,0.0
payload50,Geo,79,2.1895553081108603,5.104758959381759,7.8304397743892995,0.0,32608.992365945982,0.0
payload50,Geo,80,2.5142225296717693,5.004640909719407,10.802883700263983,0.0,13653.738593314289,0.0
payload50,Geo,81,0.9653330923740553,1.535842391817591,2.545353408617667,1.0,8361.812477720014,0.0
payload50,Geo,82,0.9480650101581081,2.0984301805597214,4.75539818974998,1.0,10664.961274802765,0.0
payload50,Geo,83,0.32151799270881765,0.5285099212268212,1.9438176907147147,1.0,7527.004908558063,0.0
payload50,Geo,84,2.1476869254844018,4.3927664721180815,4.040809534064592,1.0,24044.193708887997,0.0
payload50,Geo,85,0.5777508552109601,0.9308083787966603,2.7178477707994597,1.0,7444.009675897636,0.0
payload50,Geo,86,1.5534219457797915,2.956003261795571,6.006093394724271,1.0,10866.08291803841,0.0
payload50,Geo,87,0.5325684403038622,1.2783556058016639,2.7772183445407403,1.0,7074.552128895634,0.0
payload50,Geo,88,2.713290490708875,6.661055030063312,3.306501267640065,0.0,19155.703202694556,0.0
payload50,Geo,89,1.2003416553930821,1.9967655319707682,5.1771928581599225,1.0,8947.718154625087,0.0
payload50,Geo,90,12.110156855460758,29.91023874452355,10.050158523171241,0.0,12135.029359639997,0.0
payload50,Geo,91,0.7845317717794534,1.3693998637820743,1.974863393292704,1.0,9715.558647101807,0.0
payload50,Geo,92,1.442174676753083,3.2416098910835953,2.3785833879524434,1.0,7540.310033484699,0.0
payload50,Geo,93,0.46724844258206116,0.8051310680862037,2.125343061983759,1.0,8921.353719492761,0.0
payload50,Geo,94,1.537693618966818,3.3958576058634375,3.753927843661781,1.0,11356.71557448172,0.0
payload50,Geo,95,5.292324108213398,16.992105761140348,6.948470150144422,0.0,9844.444102397025,0.0
payload50,Geo,96,7.033344824869366,22.281832289161052,8.022687325405458,0.0,17289.628481943517,0.0
payload50,Geo,97,3.2409068320200825,6.5204683381009465,9.351110990818592,0.0,12405.982016613829,0.0
payload50,Geo,98,0.4784750450631218,1.1239837810077353,2.5427020597513477,1.0,7286.485857911808,0.0
payload50,Geo,99,1.1691568407829924,2.1143915714849917,3.896890834838239,1.0,8804.595353067718,0.0
payload50,LQR-outer,0,1.1435287260768543,1.9446605512918693,3.135406367245435,1.0,7296.88760942841,0.0
payload50,LQR-outer,1,1.5885382909773267,3.9619826396228435,2.132448932796079,1.0,8097.371724527883,0.0
payload50,LQR-outer,2,1.507729508066357,2.447619701383357,3.6006629882067074,1.0,9509.939230635815,0.0
payload50,LQR-outer,3,0.8503481632207047,1.9758684598296914,2.3641160009590667,1.0,6312.563274844837,0.0
payload50,LQR-outer,4,1.5708529572302548,3.25949619203505,4.77819678379407,1.0,11235.80150923986,0.0
payload50,LQR-outer,5,3.8563003880093114,7.493379065559188,9.25582382496919,0.0,11668.677347449673,0.0
payload50,LQR-outer,6,0.8814613288455534,1.8743422778405847,2.671221960480245,1.0,6803.9074464684,0.0
payload50,LQR-outer,7,0.9915222172851073,1.7471899162589057,1.350127887198867,1.0,7177.568041710339,0.0
payload50,LQR-outer,8,0.787157841919191,1.9161595420453494,2.5523568672022154,1.0,6264.051390116858,0.0
payload50,LQR-outer,9,3.149272233537764,6.570913088838007,4.30243531803472,0.0,12343.06812732395,0.0
payload50,LQR-outer,10,0.7762630297479683,1.1812207208488585,1.8827440016963526,1.0,8171.3145439354175,0.0
payload50,LQR-outer,11,0.904218704902184,1.7610843601726043,3.4180385637944757,1.0,5640.458852442216,0.0
payload50,LQR-outer,12,1.117883522459802,2.6736165297381933,4.187904853591807,1.0,7988.2243636013445,0.0
payload50,LQR-outer,13,1.2472159745119877,2.113162331475648,2.9831925791578207,1.0,10057.435470118104,0.0
payload50,LQR-outer,14,0.8168828999123351,1.658134550818872,2.3838681028122184,1.0,7084.813029047496,0.0
payload50,LQR-outer,15,1.1296683456492467,2.3512885510202812,3.047901049293412,1.0,8571.734635399416,0.0
payload50,LQR-outer,16,2.0346609615281492,3.895038453042972,6.41112231102194,1.0,15078.538050252118,0.0
payload50,LQR-outer,17,0.8483102578380516,1.5240402411207645,2.277487358478605,1.0,8719.150812454685,0.0
payload50,LQR-outer,18,1.2613892076454776,2.4087463575738135,1.3883689456364323,1.0,9384.414933030233,0.0
payload50,LQR-outer,19,0.6502039833217219,1.287898840158259,2.3536583093047794,1.0,5683.314202601991,0.0
payload50,LQR-outer,20,1.3110356207725669,2.58416663182812,4.82043459612649,1.0,8412.144761422578,0.0
payload50,LQR-outer,21,0.7828943068833751,1.396875613510166,1.7058265386907823,1.0,6091.837760153025,0.0
payload50,LQR-outer,22,1.0375004124936271,2.149896554020763,1.7380319510290876,1.0,7563.021872877584,0.0
payload50,LQR-outer,23,1.5212398476231888,3.6403456639778105,1.7040073402147158,1.0,9977.922570396096,0.0
payload50,LQR-outer,24,0.7656515920516529,1.634271709302665,1.501399810251886,1.0,5281.856739289481,0.0
payload50,LQR-outer,25,0.6057464147923726,1.1953032766192768,1.9531992618601395,1.0,5467.696591103039,0.0
payload50,LQR-outer,26,1.1413629423299978,2.702273816170582,1.9329642098480149,1.0,7831.413548322263,0.0
payload50,LQR-outer,27,5.787838219717143,10.46870753003973,9.637647794133205,0.0,33334.384946196784,0.0
payload50,LQR-outer,28,0.9045030921370948,1.8679440113382249,2.2433226381698494,1.0,6532.64328634183,0.0
payload50,LQR-outer,29,1.9342661790129991,3.6147963351048165,5.057330003244012,1.0,9925.960007232228,0.0
payload50,LQR-outer,30,0.6393019545326243,1.213433757768171,1.840781148520509,1.0,7336.4942642592705,0.0
payload50,LQR-outer,31,1.2469204620506065,2.5297193422274034,2.98221988400294,1.0,10692.30221444768,0.0
payload50,LQR-outer,32,4.194108918192159,11.050351797788366,8.513226313343925,0.0,20042.26042637529,0.0
payload50,LQR-outer,33,2.781845277241077,8.689854041025635,1.9138070144106807,0.0,11859.705922625259,0.0
payload50,LQR-outer,34,1.5194121305377386,3.4748457250104017,3.094165303268184,1.0,9457.72540060648,0.0
payload50,LQR-outer,35,1.1931515400353003,2.081179025272862,1.5488133179766292,1.0,8100.850319476326,0.0
payload50,LQR-outer,36,1.8402783239421885,3.42699765717358,3.0493236689721903,1.0,9657.741452289647,0.0
payload50,LQR-outer,37,1.9085196151268933,3.4597996425516184,6.442131787635867,1.0,13274.369220027787,0.0
payload50,LQR-outer,38,0.7575345766638933,1.2318732820049325,2.2112439871770975,1.0,7184.947619789449,0.0
payload50,LQR-outer,39,0.7866964487360361,1.389789624427749,1.5843196806073476,1.0,6671.505188825124,0.0
payload50,LQR-outer,40,0.9280359764373349,1.675833556239625,1.8060955193073294,1.0,6645.266072090697,0.0
payload50,LQR-outer,41,1.0460697638340393,2.0033640031868996,2.059778351321255,1.0,4572.459097519647,0.0
payload50,LQR-outer,42,4.18816046772881,8.644868975213381,8.090067796377294,0.0,13736.111431457153,0.0
payload50,LQR-outer,43,2.189344056151566,4.960934522969641,4.261216553663962,1.0,14535.942673882268,0.0
payload50,LQR-outer,44,0.8615579045782217,1.8250288641874872,2.8666096091638695,1.0,6400.476380066334,0.0
payload50,LQR-outer,45,3.6330949459634856,7.16223254196102,9.215040104977316,0.0,19335.095886700587,0.0
payload50,LQR-outer,46,1.0648319143479115,1.7495748657703831,2.4415812940746466,1.0,9120.254742041834,0.0
payload50,LQR-outer,47,1.3743273394977098,2.392060775124809,3.7949053083249487,1.0,9720.569731685946,0.0
payload50,LQR-outer,48,1.6256428989900529,2.754445150042129,3.711047709102949,1.0,11833.041751664718,0.0
payload50,LQR-outer,49,2.7172783617158958,4.432539564866943,3.489890105030555,1.0,11837.946685920806,0.0
payload50,LQR-outer,50,1.9141377814652567,3.418790738363668,4.535895344267055,1.0,10788.969542226818,0.0
payload50,LQR-outer,51,9.889641729405271,27.87473307475652,8.009326512912954,0.0,10738.591881887198,0.0
payload50,LQR-outer,52,1.75723774805174,3.2709446516145553,2.1854983515404145,1.0,10164.437207471205,0.0
payload50,LQR-outer,53,1.2794312710594755,2.7596824560395388,1.9371247768194049,1.0,6451.6911999643235,0.0
payload50,LQR-outer,54,3.916583197777256,9.79501521250926,8.316857637549644,0.0,16164.579277571383,0.0
payload50,LQR-outer,55,2.0515183274957596,4.219989734708622,4.060542152495543,1.0,6354.8902499961205,0.0
payload50,LQR-outer,56,1.172762612500711,2.7345949872970983,3.6683436073010225,1.0,9760.863062105458,0.0
payload50,LQR-outer,57,2.6818368886952926,5.435751024667668,3.1322243141486177,0.0,9275.395335768844,0.0
payload50,LQR-outer,58,2.751554938110218,5.0706498173134325,5.629748111865681,0.0,18100.3160434582,0.0
payload50,LQR-outer,59,3.3128715193263876,6.48743288808237,7.886328838048192,0.0,11023.052477709745,0.0
payload50,LQR-outer,60,0.8812871413117634,1.803963441089004,1.89600806407394,1.0,6078.245638752786,0.0
payload50,LQR-outer,61,1.4517610038688777,2.358152462882629,2.228612889883642,1.0,10003.394798171757,0.0
payload50,LQR-outer,62,0.9580122157261411,1.8855472723303992,2.5583831821274132,1.0,7915.800320251184,0.0
payload50,LQR-outer,63,0.9283490628664207,1.4565043913175961,2.728282413225063,1.0,6756.752375878914,0.0
payload50,LQR-outer,64,2.9084382972466285,8.119771999441934,4.9501316758787315,0.0,14517.45983255188,0.0
payload50,LQR-outer,65,1.8762985387870204,4.050680103230911,5.96175235719722,1.0,7430.271116278587,0.0
payload50,LQR-outer,66,4.711719163509075,14.029905661708815,6.860129492209718,0.0,12596.537515643671,0.0
payload50,LQR-outer,67,1.9896460772945797,3.6469784714603164,3.133128579873462,1.0,11491.965031580214,0.0
payload50,LQR-outer,68,1.13143453841591,2.388809312124091,2.164414979451223,1.0,5189.710054183889,0.0
payload50,LQR-outer,69,1.0058922123114165,1.8842441310782267,1.4561489940925136,1.0,5358.435534580327,0.0
payload50,LQR-outer,70,1.2233507223966755,2.3324360085310856,1.3248066218110437,1.0,6977.80266817762,0.0
payload50,LQR-outer,71,2.225303277166004,6.222030753484443,6.605030051722874,0.0,11406.606260884239,0.0
payload50,LQR-outer,72,2.925173537206372,7.58059710978947,8.04874655985477,0.0,12910.942190239019,0.0
payload50,LQR-outer,73,1.7996789639035187,4.220231080337191,5.584013243899932,1.0,12806.357509494415,0.0
payload50,LQR-outer,74,1.4614350989360492,2.6779065163061193,4.01599378544244,1.0,11171.29256105162,0.0
payload50,LQR-outer,75,0.8138979053865429,1.4204722320620733,1.9983156126067596,1.0,6917.930454212791,0.0
payload50,LQR-outer,76,4.440265354197067,11.595531444630463,3.245501835574234,0.0,23710.555213362793,0.0
payload50,LQR-outer,77,4.070562572246469,12.418506907445051,6.603683547541884,0.0,13540.536486923902,0.0
payload50,LQR-outer,78,1.626305890298456,3.103090347236717,3.992615667272455,1.0,10166.460677002457,0.0
payload50,LQR-outer,79,2.2387039987305535,5.516302763522296,6.2483058162657805,0.0,16995.575328472656,0.0
payload50,LQR-outer,80,3.314430327055776,7.915061877110751,8.338670930076791,0.0,15531.331081162689,0.0
payload50,LQR-outer,81,1.4235876284080007,2.361566934492049,2.351482027596222,1.0,8760.775911165316,0.0
payload50,LQR-outer,82,1.296149906377018,2.6838491730241123,4.680643067293909,1.0,10548.469442491192,0.0
payload50,LQR-outer,83,0.6607023757413186,1.161723007940779,1.8569316596741794,1.0,7092.152371725918,0.0
payload50,LQR-outer,84,2.416386291671867,4.6306214116720446,5.332799071816151,1.0,18279.372313183867,0.0
payload50,LQR-outer,85,0.8423549446833618,1.3516214888065914,2.5333168293901758,1.0,7006.249129562985,0.0
payload50,LQR-outer,86,2.291707041829341,4.353330266660734,8.573416526017757,1.0,13608.53105320594,0.0
payload50,LQR-outer,87,0.8290340008152378,1.877173308710691,2.778925354175131,1.0,7294.798061237559,0.0
payload50,LQR-outer,88,2.820376958837056,7.721065208587762,2.5891104749686376,0.0,15704.41797759235,0.0
payload50,LQR-outer,89,1.627164516228435,2.883682242981326,5.890786720195091,1.0,9373.003117631422,0.0
payload50,LQR-outer,90,8.75475018044098,19.97481842087917,10.180789793501841,0.0,11118.949459177495,0.0
payload50,LQR-outer,91,1.2107988943992218,2.107348779127358,1.7465339678479248,1.0,9446.988271291571,0.0
payload50,LQR-outer,92,1.6439693709089147,3.631321305096765,2.31269066252333,1.0,6649.027459730692,0.0
payload50,LQR-outer,93,0.8749865784606867,1.540782606180258,2.1479509972636737,1.0,9015.250602336733,0.0
payload50,LQR-outer,94,1.8125404772335973,3.0730894392635375,2.4855865190391695,1.0,7838.830596170667,0.0
payload50,LQR-outer,95,4.157833840259452,12.668220162341695,7.369069723330484,0.0,10497.513863099497,0.0
payload50,LQR-outer,96,5.703195543665704,17.38161777771295,7.377079118140496,0.0,13282.828698517922,0.0
payload50,LQR-outer,97,3.1902228433004587,7.085834290007081,5.18816294240022,0.0,10141.20469120581,0.0
payload50,LQR-outer,98,0.7889355175298238,1.6495290785752226,2.5338992935632234,1.0,7395.272272552289,0.0
payload50,LQR-outer,99,1.4911533087094169,2.6368354383728976,3.5056435758372952,1.0,7467.139597411285,0.0
payload50,LMPC-H100,0,2.4154225345097946,5.378196061712699,3.4325939169876105,0.0,7090.758771157294,0.0
payload50,LMPC-H100,1,1.7002073738698744,4.867792217429029,1.7950849454105076,1.0,3475.4845786723017,0.0
payload50,LMPC-H100,2,5.134548897089336,9.63041039074145,2.0519290501708856,0.0,8659.416191194105,0.0
payload50,LMPC-H100,3,0.7606980580559632,1.9318350671395195,2.0794535125681026,1.0,6026.605320675916,0.0
payload50,LMPC-H100,4,1.8253739088753107,4.623529715143268,2.8036101198355308,1.0,6172.68981546585,0.0
payload50,LMPC-H100,5,5.958973053479968,14.760789601866213,3.6450296088581484,0.0,4319.034050654232,0.0
payload50,LMPC-H100,6,0.7562581290212728,1.709189164061254,2.304623093682402,1.0,7018.756328196166,0.0
payload50,LMPC-H100,7,0.7045282195505401,1.2458262165129856,1.4411024242546113,1.0,7156.212240979618,0.0
payload50,LMPC-H100,8,0.9367701958926646,3.131552137555902,2.198345399687298,1.0,5493.7733222412735,0.0
payload50,LMPC-H100,9,4.120658068177771,10.825280173366947,2.4807772285036434,0.0,4115.890146860232,0.0
payload50,LMPC-H100,10,0.4204784235676023,0.6967777644038914,1.8758606407825391,1.0,8382.964766101715,0.0
payload50,LMPC-H100,11,1.3459094009613626,2.948299846315291,3.9187822809404937,1.0,5328.144692048103,0.0
payload50,LMPC-H100,12,1.3359068357354282,4.2488788086486196,2.5294276406256166,1.0,6084.520372638776,0.0
payload50,LMPC-H100,13,1.6024590872180875,3.7223844260989427,2.1438167448147465,1.0,8532.354931941081,0.0
payload50,LMPC-H100,14,0.6966636829450604,2.0725131318808385,2.128605488807502,1.0,6601.36000272241,0.0
payload50,LMPC-H100,15,1.4975649037136145,4.769077212328164,2.1757504177917495,1.0,7311.951518059789,0.0
payload50,LMPC-H100,16,3.6446507432939392,9.294112354526396,3.0614456399786487,0.0,8140.811090151193,0.0
payload50,LMPC-H100,17,0.900948896984357,1.8607976549223386,2.770755710742643,1.0,9179.459773142351,0.0
payload50,LMPC-H100,18,1.2640490224008671,3.1796884430966643,1.378064814959811,1.0,6830.126630604434,0.0
payload50,LMPC-H100,19,0.47342727580972166,1.02385048819021,2.4224239927507876,1.0,5874.083035374084,0.0
payload50,LMPC-H100,20,2.5433093998025336,6.628292921969387,3.5819888711281873,0.0,5882.637672137884,0.0
payload50,LMPC-H100,21,0.5345771522598688,1.016676325502768,1.8280099526964326,1.0,6601.678745439791,0.0
payload50,LMPC-H100,22,0.8519829385717429,1.593429656915196,2.1051891207577738,1.0,7077.418964980849,0.0
payload50,LMPC-H100,23,1.7632463570231058,5.087350420523689,1.6686879409736908,0.0,3834.6212912513433,0.0
payload50,LMPC-H100,24,0.6008307205517276,1.332435590769959,1.5296317961425918,1.0,5155.61020613207,0.0
payload50,LMPC-H100,25,0.3998873406786342,0.7270928697783146,1.9325958684297526,1.0,5978.1880983904575,0.0
payload50,LMPC-H100,26,1.262719984863645,3.5774040938184055,1.7134172507388503,1.0,4395.834131462175,0.0
payload50,LMPC-H100,27,11.0348475901192,26.216264541532787,2.4519511413352744,0.0,6808.4029905778425,0.0
payload50,LMPC-H100,28,0.8942217010848054,2.0766305366241364,1.9567425966378604,1.0,5682.789681168982,0.0
payload50,LMPC-H100,29,6.489390030064883,15.101001573280243,2.003251230569771,0.0,6979.491345752408,0.0
payload50,LMPC-H100,30,0.27528066457573025,0.4631341268915025,1.8561800000686675,1.0,7735.5564776334195,0.0
payload50,LMPC-H100,31,1.609198306390983,4.33515451357797,1.969076094626692,1.0,8269.028953307898,0.0
payload50,LMPC-H100,32,4.74842882922493,13.376371716227816,3.4542050365501455,0.0,4013.629714907071,0.0
payload50,LMPC-H100,33,2.734216983634824,8.71880399620826,1.6328021344224029,0.0,2710.485235559778,0.0
payload50,LMPC-H100,34,1.7444124606210238,4.727760704360786,2.2302318050020196,1.0,5475.964381160515,0.0
payload50,LMPC-H100,35,1.0740321213404187,2.0521367711008374,1.583036522602474,1.0,7080.719137595554,0.0
payload50,LMPC-H100,36,1.975917026559466,4.726286877250435,2.409509970231103,1.0,6715.7035471961635,0.0
payload50,LMPC-H100,37,3.7446215348448417,9.617098946576835,3.1726654786874495,0.0,8353.678273390802,0.0
payload50,LMPC-H100,38,0.48707280033189654,0.7815747361559708,2.1684368932565445,1.0,7412.478271454531,0.0
payload50,LMPC-H100,39,0.4340366655656142,0.7266020100601469,1.5794100755734457,1.0,7017.722135490722,0.0
payload50,LMPC-H100,40,0.7319836829160509,1.3718989443646321,2.0538395945865537,1.0,6853.318549838059,0.0
payload50,LMPC-H100,41,1.7899400133209487,4.116085323993922,2.272287151876856,1.0,4652.132948402006,0.0
payload50,LMPC-H100,42,6.48753604389777,17.762322754246217,3.7073152067739255,0.0,3718.0118801930453,0.0
payload50,LMPC-H100,43,3.1823267636941286,9.964658474022551,2.035540756843818,0.0,6768.213292020277,0.0
payload50,LMPC-H100,44,0.7427758005000124,2.0373173612954965,2.552388737934417,1.0,5911.551803834055,0.0
payload50,LMPC-H100,45,4.301620279040146,10.505839384888944,3.293215948453875,0.0,5685.6053777692805,0.0
payload50,LMPC-H100,46,1.1997454461436063,2.4308208592402307,2.081441106798532,1.0,9163.407286204778,0.0
payload50,LMPC-H100,47,3.5933173065971853,7.98771289668907,4.353645728776704,0.0,8276.178383695105,0.0
payload50,LMPC-H100,48,2.2084482553343294,4.981391086828095,2.431490527837697,1.0,7865.338672091663,0.0
payload50,LMPC-H100,49,4.172310184310863,10.537955193391703,2.115463754293358,0.0,6239.7063187599615,0.0
payload50,LMPC-H100,50,2.171149386019787,4.985755294378678,2.5107754955387462,1.0,7598.829813244492,0.0
payload50,LMPC-H100,51,8.687108178548609,24.170818785890162,4.507963839522843,0.0,3783.695875450828,0.0
payload50,LMPC-H100,52,2.20507047065334,3.950013138327504,2.4491485395542876,1.0,7026.9400727284665,0.0
payload50,LMPC-H100,53,1.2268197129126397,2.642624100540482,2.0200384079873173,1.0,5230.39075246363,0.0
payload50,LMPC-H100,54,5.534369816940523,16.265026423967836,2.936107320955391,0.0,4017.533339823291,0.0
payload50,LMPC-H100,55,3.774737710868976,10.479969139420465,2.6502368462701216,0.0,4231.54030163237,0.0
payload50,LMPC-H100,56,1.4006366329644346,4.1219289641878545,2.2975722821782747,1.0,7089.311429374245,0.0
payload50,LMPC-H100,57,5.035729357155116,13.989110047102487,2.2596872057410935,0.0,5036.514447753418,0.0
payload50,LMPC-H100,58,4.711521318029855,12.882969659794732,1.9738186484439397,0.0,6461.118298678354,0.0
payload50,LMPC-H100,59,5.408418349856877,13.794068174329395,3.5463043128086253,0.0,5111.644967905231,0.0
payload50,LMPC-H100,60,0.7386315873449522,1.6346497608084671,1.7948193290279024,1.0,5859.620920114547,0.0
payload50,LMPC-H100,61,1.8843897571456056,4.30271773851634,1.8559342189829742,1.0,6953.189429350897,0.0
payload50,LMPC-H100,62,1.3677714134017394,3.8727723391506896,2.1925736650515444,1.0,7260.744487018566,0.0
payload50,LMPC-H100,63,1.3224909417900281,2.5012682017849093,3.2460516827634622,1.0,7129.6361932192785,0.0
payload50,LMPC-H100,64,3.6907960085251874,12.29694313544428,2.4689167871976654,0.0,4425.606347393642,0.0
payload50,LMPC-H100,65,3.760855954381074,11.190386661918469,2.4259453994934352,0.0,5306.449262605337,0.0
payload50,LMPC-H100,66,4.96986713678159,15.514298834248736,3.1798728879158045,0.0,3495.071127915456,0.0
payload50,LMPC-H100,67,2.475398924915595,6.3206674381405215,2.025746086714465,0.0,5397.028396423711,0.0
payload50,LMPC-H100,68,2.1376918774446794,6.015139358527769,1.9234767539502071,0.0,5147.394201409394,0.0
payload50,LMPC-H100,69,0.8523552517140058,1.7033372814066374,1.5874629599738443,1.0,5613.898215641478,0.0
payload50,LMPC-H100,70,1.1266873316704553,2.2968267660926656,1.3610592666659236,1.0,5848.878626452921,0.0
payload50,LMPC-H100,71,2.4371574433981427,7.505268875404014,3.2306791071929437,0.0,4147.174463552589,0.0
payload50,LMPC-H100,72,3.931221983066639,11.870575610506647,2.764553054429027,0.0,4887.379536650104,0.0
payload50,LMPC-H100,73,2.3552821770857273,6.51063840759601,2.696925618519276,0.0,6081.270166788348,0.0
payload50,LMPC-H100,74,1.9994302072071157,5.719066878047137,2.5881234874346446,0.0,9795.950314702146,0.0
payload50,LMPC-H100,75,0.49459531078453617,1.0350398958585565,2.068451482399426,1.0,6905.554392091061,0.0
payload50,LMPC-H100,76,5.095545710746029,15.570033104541631,1.718668901419204,0.0,4516.029334555971,0.0
payload50,LMPC-H100,77,4.286081224073829,13.319022239861887,3.316359426000794,0.0,3216.541843501414,0.0
payload50,LMPC-H100,78,2.725890745133098,8.484894315972427,1.8965808027962285,0.0,7331.54621082402,0.0
payload50,LMPC-H100,79,2.9910932172008295,9.695597914580386,2.482628549657338,0.0,4575.540218012457,0.0
payload50,LMPC-H100,80,4.258232559970059,11.632855437568878,2.927108018771601,0.0,4884.079490064598,0.0
payload50,LMPC-H100,81,2.224843628145947,5.866976211989008,1.5582158289812456,0.0,7706.829091574474,0.0
payload50,LMPC-H100,82,1.592813750847409,3.8453377044406216,3.047151236988741,1.0,7192.967911947786,0.0
payload50,LMPC-H100,83,0.3200940013660066,0.5387752825982,1.9101900702474919,1.0,7551.2307633500595,0.0
payload50,LMPC-H100,84,7.033624165969858,18.398865869156957,2.552903387109835,0.0,7045.236887331703,0.0
payload50,LMPC-H100,85,0.7390592378145289,1.33878835754346,2.9303435685062165,1.0,7460.883550989777,0.0
payload50,LMPC-H100,86,3.208924553917609,8.868523504118876,2.908190887493763,0.0,5343.543540364425,0.0
payload50,LMPC-H100,87,0.7321368038838828,1.7930557826799511,2.369489129577322,1.0,7388.307907689266,0.0
payload50,LMPC-H100,88,3.0072940746889456,8.89621707125031,1.8886251847920899,0.0,3803.5607735172052,0.0
payload50,LMPC-H100,89,3.4652555654335813,8.581204386485881,3.7570846302059095,0.0,6710.518645730555,0.0
payload50,LMPC-H100,90,9.848098437554349,23.367419324955332,5.023538251551586,0.0,3810.4161000116005,0.0
payload50,LMPC-H100,91,1.1128246565887119,2.4888348422349766,1.7633438558481078,1.0,7874.270545261077,0.0
payload50,LMPC-H100,92,3.2532972320165103,10.006792874548188,1.5398725938238815,0.0,3597.6019148198175,0.0
payload50,LMPC-H100,93,0.9525711210382792,1.8781875555313277,2.0764593074431854,1.0,8421.425378954513,0.0
payload50,LMPC-H100,94,3.2012252150532214,6.279152763175955,2.7657587948121725,0.0,5570.454537843659,0.0
payload50,LMPC-H100,95,4.5688017553552305,14.570532713863885,3.4883721849846947,0.0,2852.0332197621556,0.0
payload50,LMPC-H100,96,5.148306544455547,15.462266026427695,3.9238138543850685,0.0,3282.6334725966235,0.0
payload50,LMPC-H100,97,3.426506597079244,8.530674565590804,3.3677547307864764,0.0,3935.7083376661635,0.0
payload50,LMPC-H100,98,0.6306163303712091,1.6474541757410932,2.3935174877362946,1.0,7307.651216899708,0.0
payload50,LMPC-H100,99,3.2395809250718512,6.166679800716815,2.43316102457855,0.0,7708.29115822564,0.0
payload50,Geo+MLP-D2,0,0.7659039630871093,1.267390265370913,3.5405471317848445,1.0,8248.897022120154,1.1322229354992546
payload50,Geo+MLP-D2,1,1.381159649041505,2.9286990523150984,2.7652945650092553,1.0,8205.372593401156,0.9722321103526094
payload50,Geo+MLP-D2,2,1.19794364306893,2.1045376589281064,4.8297660351275455,1.0,13305.491870457263,1.2323067973746757
payload50,Geo+MLP-D2,3,0.6026304484112198,1.375512921960637,2.6370642776535855,1.0,6425.769511167161,0.9764295466091633
payload50,Geo+MLP-D2,4,1.1966844708681719,2.5533472838538476,5.78386386578995,1.0,10882.63323129631,1.0991897462928206
payload50,Geo+MLP-D2,5,3.8787393131281536,7.440127559170192,11.317400733394553,0.0,22430.296358675972,1.1847823259241868
payload50,Geo+MLP-D2,6,0.6024106088537203,1.2698786598655663,2.7531075727085517,1.0,6933.6366393287135,1.0213457233359915
payload50,Geo+MLP-D2,7,0.6344157209014293,1.177918107997301,1.4605868178293997,1.0,8024.156225788772,1.0983745633187045
payload50,Geo+MLP-D2,8,0.5781277872898657,1.2024792060810845,3.1020122746140815,1.0,6712.174428324785,1.0053190921119233
payload50,Geo+MLP-D2,9,3.961604715759965,8.383931354993914,7.891477732745383,0.0,21370.49284633717,1.1778772722781592
payload50,Geo+MLP-D2,10,0.31271664484822076,0.5635261371395824,1.8339012766645093,1.0,8747.425846816815,1.1477706391477154
payload50,Geo+MLP-D2,11,0.6390860556409186,1.2253933531792596,3.5825093501291083,1.0,6462.8739439928795,1.0313027170624713
payload50,Geo+MLP-D2,12,0.8861042733864646,1.8567440399989559,5.0747597512613565,1.0,7903.752247957513,1.0335486563501297
payload50,Geo+MLP-D2,13,0.8324902440606177,1.352082805542053,3.0784859019203408,1.0,10106.024681764844,1.1505657488981638
payload50,Geo+MLP-D2,14,0.5166594066550114,1.0409775936125187,2.6929219376332143,1.0,7319.155724182627,1.0898423085584537
payload50,Geo+MLP-D2,15,0.8081770470661118,1.4776063736763843,3.600602350662036,1.0,8754.0825144117,1.1088335236238391
payload50,Geo+MLP-D2,16,2.2353703676034313,4.340291880756946,9.344042869866854,1.0,40271.03484192354,1.3392365084418971
payload50,Geo+MLP-D2,17,0.4367267270412578,0.7901605565456802,2.3849486982405224,1.0,9747.933240702625,1.0960774566374138
payload50,Geo+MLP-D2,18,0.8906476525684897,2.0002426157485735,1.7432676234062314,1.0,11804.346201257023,1.1436115468961046
payload50,Geo+MLP-D2,19,0.36865115538675347,0.6548605970307642,2.6569210920263577,1.0,6202.8226432700885,1.0320325534167964
payload50,Geo+MLP-D2,20,1.1289442888194563,2.4456304925405874,6.211933887107542,1.0,13371.952705971986,1.1542622393661963
payload50,Geo+MLP-D2,21,0.4182638793711494,0.766705636939339,2.003786612333036,1.0,7030.391544222537,1.0299336852069705
payload50,Geo+MLP-D2,22,0.681008629782933,1.6181671332802647,2.2747612654608984,1.0,10048.311928348365,1.0486762653988455
payload50,Geo+MLP-D2,23,1.2517993187520722,2.725724879522115,2.0415259376613912,1.0,9936.29875499697,1.0162727814747503
payload50,Geo+MLP-D2,24,0.48916268257706463,1.0709443956887765,1.6066906678479889,1.0,5836.937091647965,0.9511085766242694
payload50,Geo+MLP-D2,25,0.26609003347973786,0.48938208807036593,1.9895249691851453,1.0,6243.689243676244,1.0130198855859023
payload50,Geo+MLP-D2,26,0.8668240797647027,1.8029009777817533,2.0522511939037518,1.0,8240.392011424254,0.9638587959789773
payload50,Geo+MLP-D2,27,8.860451718116465,16.13835524876761,10.330805059065732,0.0,49676.99205721485,1.433626995365177
payload50,Geo+MLP-D2,28,0.6182426533806499,1.220318593782486,2.4075371911385237,1.0,6589.0438942689125,0.9728755368256842
payload50,Geo+MLP-D2,29,2.062806853682271,3.958515707796024,7.6247030575379915,1.0,23722.409273252342,1.2619808279580582
payload50,Geo+MLP-D2,30,0.16674599584261032,0.3137679388986529,1.980367486717735,1.0,8008.260386187256,1.0569723276720084
payload50,Geo+MLP-D2,31,0.8502321473615438,1.674711887216068,3.127184392424353,1.0,10565.385849905395,1.1524040354557643
payload50,Geo+MLP-D2,32,4.555861737553667,10.433630439768915,15.134916410362994,0.0,28909.474873119438,1.3419711834723758
payload50,Geo+MLP-D2,33,3.492761754443924,11.493605595185096,2.0232079310586446,0.0,17440.341317906543,1.2358528431161164
payload50,Geo+MLP-D2,34,1.1603149374905803,2.1821739946790935,3.9138729575780813,1.0,8863.404202708081,1.0296726637338516
payload50,Geo+MLP-D2,35,0.8280599150941036,1.5046076795795376,1.7782649155287742,1.0,8989.374757646367,1.0843829854601923
payload50,Geo+MLP-D2,36,1.4101794202613345,2.5692474400274827,3.3623947265286227,1.0,9896.706598647797,1.1011124906740537
payload50,Geo+MLP-D2,37,1.4320194923665897,2.7361672146955405,6.124873285270444,1.0,14870.44576977235,1.2432371715063313
payload50,Geo+MLP-D2,38,0.3957353016059478,0.7197491306800711,2.2813641307848163,1.0,7723.398678126293,1.1081420374063988
payload50,Geo+MLP-D2,39,0.40234811107589175,0.7757832623840468,1.6951486400835942,1.0,7234.808212498074,1.0937522058117997
payload50,Geo+MLP-D2,40,0.564642956302256,1.011773177381122,2.240013221530798,1.0,7978.762681119709,1.036079601186635
payload50,Geo+MLP-D2,41,0.7563660714903373,1.4751604519630375,2.442860274931248,1.0,5737.631850108092,0.9766451889797936
payload50,Geo+MLP-D2,42,5.15653378743446,10.742923936728438,8.985282108545768,0.0,21691.00744626959,1.2766638699921617
payload50,Geo+MLP-D2,43,1.7844618170733033,3.5050090942216947,7.004169981610045,1.0,18481.211824243826,1.2404283779811516
payload50,Geo+MLP-D2,44,0.6012448154543584,1.231786929061816,2.862096314088626,1.0,6489.909865044225,1.0404929912632317
payload50,Geo+MLP-D2,45,3.018663758382355,5.391406148172775,13.399553632162148,0.0,38674.435568951936,1.2956318530291022
payload50,Geo+MLP-D2,46,0.6705909757082451,1.0575432242076233,2.7250845214049053,1.0,9311.689832114102,1.1401663698350961
payload50,Geo+MLP-D2,47,1.0923097867381786,2.2197033252491036,4.073031225429499,1.0,11832.031496817612,1.2085858930313154
payload50,Geo+MLP-D2,48,1.15294110368457,2.000012202816622,3.2983951818767543,1.0,12146.90880167676,1.164600336958273
payload50,Geo+MLP-D2,49,2.2640527657635765,4.41909667135691,4.19309139110417,1.0,13770.891054074267,1.218533604460572
payload50,Geo+MLP-D2,50,1.4761714565502198,2.666961784968417,4.407269995245643,1.0,11303.84034051637,1.16733258680084
payload50,Geo+MLP-D2,51,12.932215722790101,37.136917842500175,8.956566228731521,0.0,13276.454454495946,1.408309108494501
payload50,Geo+MLP-D2,52,1.6715583602224684,4.925998578259951,4.324627732973521,1.0,17651.874371566613,1.294746711128988
payload50,Geo+MLP-D2,53,1.0214272188106925,2.198768277625615,2.507643737909928,1.0,7612.014487845696,0.9418518299982401
payload50,Geo+MLP-D2,54,4.611407280903691,10.936727188902966,8.895272161834614,0.0,22963.86972870452,1.2520236722010976
payload50,Geo+MLP-D2,55,1.7777132748688305,3.747977414571268,4.914793894419068,1.0,8064.865503111474,0.9904532258893731
payload50,Geo+MLP-D2,56,0.8545668246717569,1.7749574509626793,4.044380889899825,1.0,9571.469585660154,1.0885353594538463
payload50,Geo+MLP-D2,57,2.3486254406159524,4.79737956714792,3.9836745137662577,1.0,10573.96914276669,1.09307393708352
payload50,Geo+MLP-D2,58,3.2874494775777365,7.086604548002053,8.700955721226004,0.0,70328.09751983821,1.3325888889162543
payload50,Geo+MLP-D2,59,3.030183725544323,5.946402166712785,9.755190368879026,0.0,14047.915927949862,1.1258428871547055
payload50,Geo+MLP-D2,60,0.5962658637067523,1.2669026964279508,1.9948567173030816,1.0,6386.288613252081,0.9911464069174062
payload50,Geo+MLP-D2,61,1.13227489828083,2.3877433127164465,2.4891041935727016,1.0,13288.994149589767,1.191542583940022
payload50,Geo+MLP-D2,62,0.7507529414753727,1.738668046768588,2.564873111520177,1.0,9437.346966428264,1.078002284286173
payload50,Geo+MLP-D2,63,0.5787841766238654,1.000378057668001,3.1324198831310994,1.0,7762.331614356044,1.1277146131296878
payload50,Geo+MLP-D2,64,3.634692355781014,10.766108692278095,8.763397597649439,0.0,32691.562120722214,1.1881376015244285
payload50,Geo+MLP-D2,65,1.61071541356828,3.466610533692132,7.239528616154054,1.0,10175.2784266426,1.1043246803150677
payload50,Geo+MLP-D2,66,6.0046676377395425,18.1062725493955,7.340707280454945,0.0,16114.071033810375,1.3681846808421185
payload50,Geo+MLP-D2,67,1.479122855831685,2.9857859036657253,2.6985162693690996,1.0,10889.820331778936,1.1053000417220453
payload50,Geo+MLP-D2,68,0.8630348019226435,1.8172083807730275,2.3461705654580696,1.0,6286.141375820246,0.9664290151853221
payload50,Geo+MLP-D2,69,0.703896126228054,1.3310293839440293,1.8634693235668052,1.0,6471.669697716025,0.9810710912997219
payload50,Geo+MLP-D2,70,0.8907015705164778,1.9670911086665335,1.5302302599301962,1.0,9017.768359131796,1.0673460745584449
payload50,Geo+MLP-D2,71,2.133353494420868,4.934789820745776,11.55733782264367,1.0,14060.983240058158,1.0953220260867282
payload50,Geo+MLP-D2,72,2.93386840967636,7.594083378209332,10.18990273738339,0.0,23895.370058472556,1.174945099868598
payload50,Geo+MLP-D2,73,1.3643474952470247,2.696983253864536,6.685558803099293,1.0,11848.380619161906,1.143271703832875
payload50,Geo+MLP-D2,74,1.0101171284490995,1.6849389894333113,4.166441161540828,1.0,11098.206573480584,1.1860012880139694
payload50,Geo+MLP-D2,75,0.48397857423652946,0.8904036666797241,2.273441194053066,1.0,7202.205391299816,1.1097066668438649
payload50,Geo+MLP-D2,76,6.485419130545325,18.17574676270438,4.585535550604596,0.0,30847.84179442687,1.400691715859696
payload50,Geo+MLP-D2,77,4.840377842573268,14.416573575748435,9.302457580371076,0.0,18593.776539790117,1.366434460868348
payload50,Geo+MLP-D2,78,1.214665526039799,2.3347585882806365,4.579821462344267,1.0,10745.788528540317,1.1557348041366948
payload50,Geo+MLP-D2,79,2.6266357661368787,6.290881400973119,10.043198711078032,0.0,32724.245274688066,1.1466513071819056
payload50,Geo+MLP-D2,80,2.7410122427344548,5.082109115763096,12.691415001358019,0.0,15281.885315140502,1.2146968348610019
payload50,Geo+MLP-D2,81,1.0563647577900481,1.9214141328404635,3.2627275655229515,1.0,9869.057138002147,1.1700157121124477
payload50,Geo+MLP-D2,82,1.1338728829178593,2.7001403032115094,6.586412892194681,1.0,14558.218380463853,1.1469568931105052
payload50,Geo+MLP-D2,83,0.17657946883393907,0.30674469048107683,2.0194373677308954,1.0,7804.732630343836,1.0850964557376457
payload50,Geo+MLP-D2,84,2.347421612865091,4.971062585505805,5.13485045049697,1.0,30431.115515719106,1.3712796698338117
payload50,Geo+MLP-D2,85,0.4509868291416973,0.7040232040152449,2.84090381155357,1.0,7792.042123326516,1.1330483537018896
payload50,Geo+MLP-D2,86,1.8002459092677259,3.6601555131652144,8.964330442664613,1.0,20014.02996682476,1.216775808594335
payload50,Geo+MLP-D2,87,0.5588519289286362,1.1941744995202719,2.927846569547459,1.0,7471.005476454115,1.019469223770254
payload50,Geo+MLP-D2,88,3.199083947678311,8.273339343360322,3.3010129108065183,0.0,21955.84492742233,1.1808658304114252
payload50,Geo+MLP-D2,89,1.180273913461138,2.05041009164307,5.354688424254487,1.0,9694.815843734417,1.1645112796661217
payload50,Geo+MLP-D2,90,12.53634612528816,31.149109500074992,9.834616417458745,0.0,12362.933691435392,1.4649835234127129
payload50,Geo+MLP-D2,91,0.8170448169881062,1.4821724860091283,2.1482158724800113,1.0,10355.036029404995,1.146083391426515
payload50,Geo+MLP-D2,92,1.4592193329461882,3.332218114959461,2.740902506598128,1.0,8367.847721131153,1.0268144383840538
payload50,Geo+MLP-D2,93,0.4754531690419594,0.8909054006750537,2.2915039835298203,1.0,9611.397932353859,1.115379017779485
payload50,Geo+MLP-D2,94,1.6449049099665742,4.3015185359798656,4.536176912903349,1.0,14016.300141723286,1.22825370490358
payload50,Geo+MLP-D2,95,5.532782447764008,17.791666126943632,6.837060972588733,0.0,9820.990747867363,1.22411995545583
payload50,Geo+MLP-D2,96,7.692912367415207,24.273846817935475,8.439681747251708,0.0,18160.16938410286,1.5013203116190847
payload50,Geo+MLP-D2,97,3.708571190538331,7.693431930765451,8.940236112101141,0.0,13911.0272758997,1.1320923765035664
payload50,Geo+MLP-D2,98,0.48259316847115097,1.0028044545281203,2.6937295594852286,1.0,7620.674604625698,1.0611079794762257
payload50,Geo+MLP-D2,99,1.104536170369146,2.0602187453197183,4.3122469431918224,1.0,9890.466410584097,1.134852929014225
payload50,Geo+CeNN-V3,0,0.7534644589325906,1.2743817701993019,3.397966332893998,1.0,8316.48134114984,1.215360995459293
payload50,Geo+CeNN-V3,1,1.4394164423469462,3.0579670371853878,2.9202284850069193,1.0,8378.646285895438,1.0708733733471538
payload50,Geo+CeNN-V3,2,1.1879934219495067,2.0831080448442107,4.903255802038443,1.0,13649.461136663589,1.3489240258624784
payload50,Geo+CeNN-V3,3,0.6256838898396535,1.3909786314457482,2.670118480450698,1.0,6450.836482451702,1.0314514921214748
payload50,Geo+CeNN-V3,4,1.2910355663631847,2.798565352752275,6.159788448073264,1.0,11721.691322333856,1.2593630754100202
payload50,Geo+CeNN-V3,5,3.914780065260637,7.5001687882658965,11.248010590847343,0.0,24480.68283977508,1.335698169480688
payload50,Geo+CeNN-V3,6,0.6212297297097492,1.2801077087436405,2.7987990304116512,1.0,6949.955243782781,1.0696718750168577
payload50,Geo+CeNN-V3,7,0.6410293550790467,1.1788207928683203,1.481759164231598,1.0,8032.74454677834,1.1436494051217636
payload50,Geo+CeNN-V3,8,0.5842968720199618,1.21651360805449,3.1673476596785766,1.0,6762.879340023268,1.0574136260755176
payload50,Geo+CeNN-V3,9,4.222174025391971,9.072247194115524,7.564767133673872,0.0,21331.003952721097,1.4189758563515178
payload50,Geo+CeNN-V3,10,0.33544930261637823,0.652707942549033,1.891794194687671,1.0,9004.270287824722,1.2377982606532845
payload50,Geo+CeNN-V3,11,0.6413715858459483,1.243817053593352,3.5560518354090527,1.0,6643.254491560029,1.1067719244914143
payload50,Geo+CeNN-V3,12,0.9183420898377788,1.9442314152753968,5.351323759624638,1.0,8094.065136283506,1.1287974516541683
payload50,Geo+CeNN-V3,13,0.8584372898992468,1.3740491661801613,3.1847702675683625,1.0,10193.431997578407,1.2186961560938911
payload50,Geo+CeNN-V3,14,0.5278031427007833,1.046191473599431,2.7374870486904244,1.0,7345.212995497111,1.1421592576524775
payload50,Geo+CeNN-V3,15,0.8256862000998836,1.495510154039584,3.6409110771041604,1.0,8864.63303510007,1.192021630630422
payload50,Geo+CeNN-V3,16,2.61673001634712,5.131055116361292,10.222823649732286,0.0,62334.49227464816,1.5764768558902265
payload50,Geo+CeNN-V3,17,0.4226030761678281,0.8152294577659415,2.361224117635441,1.0,9959.25240894147,1.19378057352304
payload50,Geo+CeNN-V3,18,0.9321935632476163,2.1558608806979938,1.897977268790576,1.0,12260.615349772688,1.2413930909352624
payload50,Geo+CeNN-V3,19,0.36819970596771806,0.6571313210750602,2.6744501480798784,1.0,6235.229389071462,1.083114608392966
payload50,Geo+CeNN-V3,20,1.2117250955112653,2.6516973127924204,6.916599229863095,1.0,17163.240340400163,1.3975235261533243
payload50,Geo+CeNN-V3,21,0.41601178341576556,0.7618105942515809,2.002363517347048,1.0,7033.931791481868,1.0732664634546214
payload50,Geo+CeNN-V3,22,0.6787086372276667,1.6405214187358357,2.3269944856361575,1.0,10173.498174778368,1.1492116328397
payload50,Geo+CeNN-V3,23,1.3569857462556894,2.987017173371699,2.0155729039438977,1.0,10520.5071187984,1.168503088325469
payload50,Geo+CeNN-V3,24,0.5020988499638445,1.0836775086250243,1.6243243074581182,1.0,5856.649557440783,1.0003115768150757
payload50,Geo+CeNN-V3,25,0.25473246649324377,0.49416263080169565,2.0010580858252056,1.0,6325.441881233151,1.0689270750737179
payload50,Geo+CeNN-V3,26,0.8985028308093602,1.850262374982393,2.1095853540017337,1.0,8317.197735875417,1.0287184298087104
payload50,Geo+CeNN-V3,27,9.294007037618705,17.254364522847286,10.569485963249251,0.0,45268.69687454004,1.728664290130066
payload50,Geo+CeNN-V3,28,0.6492330668821572,1.3112294567402527,2.4401328557097504,1.0,6692.504990621417,1.042662013770354
payload50,Geo+CeNN-V3,29,2.1392891084797507,4.345108902046651,7.974891402066125,1.0,26003.506386362104,1.4795333458741542
payload50,Geo+CeNN-V3,30,0.1664794212659522,0.31861568528255396,1.9954428933161892,1.0,8019.129707690232,1.1057615724740244
payload50,Geo+CeNN-V3,31,0.8772606467742804,1.684162724933131,3.2549298926570756,1.0,10639.980496932187,1.2194818730606523
payload50,Geo+CeNN-V3,32,4.821052810961093,11.162976864020967,15.02878152703561,0.0,30190.244252326123,1.694829896135441
payload50,Geo+CeNN-V3,33,3.6781957196331327,12.131236772321952,2.087578577840987,0.0,17846.90238573593,1.59523003386059
payload50,Geo+CeNN-V3,34,1.2123018892967088,2.2898588900650814,4.013997550987712,1.0,8947.362533769598,1.1129505516448988
payload50,Geo+CeNN-V3,35,0.846095376933032,1.5332513944882988,1.8133569781039989,1.0,9023.896775584366,1.1287757559288614
payload50,Geo+CeNN-V3,36,1.4330869957229115,2.5889474784437656,3.4029064885873868,1.0,9944.305159883606,1.1482249086136032
payload50,Geo+CeNN-V3,37,1.5222378281162718,2.9667453497597895,6.746806755578216,1.0,17218.371294074746,1.5284195795856974
payload50,Geo+CeNN-V3,38,0.4103635671361174,0.7885541691362175,2.3164690084532666,1.0,7860.608875192961,1.1917546512825865
payload50,Geo+CeNN-V3,39,0.4026771329353578,0.7762701188029403,1.7024726096136973,1.0,7228.2293095677405,1.1436325737885826
payload50,Geo+CeNN-V3,40,0.5529289175350054,0.9919425890841245,2.1693425824890538,1.0,7993.728694872845,1.0928237997341959
payload50,Geo+CeNN-V3,41,0.7462621697440381,1.4673461532730674,2.349915631218376,1.0,5763.26574643555,1.045822393082437
payload50,Geo+CeNN-V3,42,5.304340294792552,11.155786003591153,8.642399323848055,0.0,21498.300775730168,1.4925721002143046
payload50,Geo+CeNN-V3,43,1.9069913270741559,3.7117534870824676,7.902192142175233,1.0,27154.757158367083,1.4741029128642194
payload50,Geo+CeNN-V3,44,0.613691282027447,1.2395810303427766,2.9352225466179984,1.0,6496.132605049568,1.0871201514161704
payload50,Geo+CeNN-V3,45,3.2373549918207405,5.678653669159755,14.659581746185422,0.0,32512.441372530677,1.5157049760666108
payload50,Geo+CeNN-V3,46,0.6943133755926902,1.1139970263316925,2.785430989982661,1.0,9401.999355461427,1.2129980364920165
payload50,Geo+CeNN-V3,47,1.1777409702852537,2.4575738607529005,4.775572212707994,1.0,13588.2019280146,1.450546960069583
payload50,Geo+CeNN-V3,48,1.1880648264233424,2.0515760516021704,3.280694316081344,1.0,12384.443024300075,1.2327670465014162
payload50,Geo+CeNN-V3,49,2.3251624462183433,4.543323641147076,4.456877735296909,1.0,14261.938792239527,1.3988223765503411
payload50,Geo+CeNN-V3,50,1.4954781380304607,2.7095336108712926,4.469986108036942,1.0,11404.66859122732,1.2218577967856172
payload50,Geo+CeNN-V3,51,13.197186938097202,37.84847811059439,9.224662997783831,0.0,13472.303808157683,1.7642311455844102
payload50,Geo+CeNN-V3,52,1.7618038303007928,5.519301764012822,4.9025841636565435,0.0,18732.912289830758,1.586131021336693
payload50,Geo+CeNN-V3,53,1.0223299497274292,2.200892130560151,2.519165820984624,1.0,7744.91434591885,1.0127870743278677
payload50,Geo+CeNN-V3,54,4.910745365757797,11.973641809918496,8.590453139592205,0.0,23487.674959100328,1.590631561084248
payload50,Geo+CeNN-V3,55,1.7764900210792667,3.7515792837646544,4.899559038162588,1.0,8254.653521415794,1.129803098196854
payload50,Geo+CeNN-V3,56,0.8855959117949708,1.7799444883736937,4.235274203739976,1.0,9638.226713677772,1.165359216585624
payload50,Geo+CeNN-V3,57,2.363130751451628,4.8405261011012435,4.0019998836467705,1.0,10855.977280582274,1.2677804279860752
payload50,Geo+CeNN-V3,58,3.781379525986079,7.968394629381759,11.34149734508291,0.0,70497.08967350025,1.5947951952289157
payload50,Geo+CeNN-V3,59,3.0436810107235157,5.976352910087291,9.822535701529766,0.0,14832.6649341868,1.3032839863760903
payload50,Geo+CeNN-V3,60,0.6130025896079637,1.2773192309153538,2.0092007638583773,1.0,6393.767198701282,1.0394010304579655
payload50,Geo+CeNN-V3,61,1.2098035770202358,2.706300545234875,2.5422106842378045,1.0,14494.391925007492,1.3293407958965688
payload50,Geo+CeNN-V3,62,0.7893664122123232,1.8877390014637903,3.117266185216109,1.0,10285.655951770554,1.2402840559283625
payload50,Geo+CeNN-V3,63,0.5705872173080975,1.0112911249954588,3.037133280194499,1.0,7835.5792407968,1.2103478751695878
payload50,Geo+CeNN-V3,64,3.8051768727852067,11.368029303468846,6.35097809693521,0.0,32628.93464150704,1.3925462242716047
payload50,Geo+CeNN-V3,65,1.64128568828058,3.5541117690541815,7.590540701017506,1.0,11858.138226738183,1.2994808725511309
payload50,Geo+CeNN-V3,66,6.183927113049195,18.69382770214498,7.186274943081221,0.0,16406.60053820533,1.6456034747308035
payload50,Geo+CeNN-V3,67,1.5633355104494053,3.202855566486032,2.8298282613787884,1.0,11375.005978738454,1.2166769121051917
payload50,Geo+CeNN-V3,68,0.8508422754219691,1.8068614657101563,2.3979505849171345,1.0,6379.028156794592,1.0326057124520078
payload50,Geo+CeNN-V3,69,0.7118341698588943,1.3421118725294883,1.8829424292851615,1.0,6440.373571928347,1.029813920982141
payload50,Geo+CeNN-V3,70,0.9118958997151482,2.019670446415319,1.5432662719799575,1.0,9085.180498966763,1.141597953798561
payload50,Geo+CeNN-V3,71,2.239343148074133,5.176145170188238,11.539416543274047,0.0,14681.46280217922,1.3065167885237492
payload50,Geo+CeNN-V3,72,3.0761624225623265,8.137364520590818,15.254541901961245,0.0,36246.48857512399,1.4070225429902887
payload50,Geo+CeNN-V3,73,1.4186904361897545,2.7169189300967087,7.006303531207904,1.0,11959.497750557724,1.236997282176749
payload50,Geo+CeNN-V3,74,1.035202570316423,1.6880040083578192,4.110588539477342,1.0,11299.439302175884,1.3165843134418973
payload50,Geo+CeNN-V3,75,0.48958417979521235,0.8939999150299593,2.3023699836249354,1.0,7218.008124566114,1.1642931724081917
payload50,Geo+CeNN-V3,76,6.751044172475179,19.146188802658788,4.0651827183686855,0.0,31943.23874089851,1.7080546802832395
payload50,Geo+CeNN-V3,77,5.018239220236908,14.880487474692906,9.398811712484674,0.0,19461.078226125024,1.689559947433749
payload50,Geo+CeNN-V3,78,1.2721710357861467,2.4803903295221996,5.098448192742528,1.0,12042.247253514648,1.3217577111727694
payload50,Geo+CeNN-V3,79,2.8501654244401453,6.922505218270518,10.028355311834655,0.0,28825.73507109565,1.4562359553838564
payload50,Geo+CeNN-V3,80,2.832196100125344,5.19949331930468,13.139910855814655,0.0,16521.71208845808,1.3391782728275878
payload50,Geo+CeNN-V3,81,1.0995478207547393,2.0640357902395152,3.3768022883297375,1.0,10249.13850929272,1.2848918878285251
payload50,Geo+CeNN-V3,82,1.2511584691915396,3.0212019354222246,7.23996132672544,1.0,17371.87911435918,1.422572204440249
payload50,Geo+CeNN-V3,83,0.16569107614214498,0.3076467714091756,1.9884073160473679,1.0,7815.585167469826,1.1356157560317035
payload50,Geo+CeNN-V3,84,2.670561809835273,5.7282934539802,5.9343154856931895,0.0,37116.76136807562,1.774955617154798
payload50,Geo+CeNN-V3,85,0.43911160468396543,0.706636446819742,2.762806817972352,1.0,7820.077800903645,1.2026172512199669
payload50,Geo+CeNN-V3,86,1.9171942667410304,3.8841498724066086,15.74983758734862,1.0,46501.4400267307,1.355824363233869
payload50,Geo+CeNN-V3,87,0.581143703262477,1.2026844861673738,3.0138366125457834,1.0,7504.836695156122,1.076442823879195
payload50,Geo+CeNN-V3,88,3.4263669672713126,9.003772861738012,3.183939914640488,0.0,22802.002515647346,1.438279317950038
payload50,Geo+CeNN-V3,89,1.205755344045475,2.14033139369284,5.436808504844997,1.0,10104.569125165906,1.317840874850325
payload50,Geo+CeNN-V3,90,12.812413712152964,31.908323332123334,9.81744680153816,0.0,12404.606414127049,1.9761074889610817
payload50,Geo+CeNN-V3,91,0.8356169929469175,1.5122734987548918,2.234138824124558,1.0,10436.934968691858,1.201490894083742
payload50,Geo+CeNN-V3,92,1.4682502875156302,3.374377508289783,2.899616532199141,1.0,8702.660042618958,1.1764255021033712
payload50,Geo+CeNN-V3,93,0.5035503824144325,0.9715663205772994,2.3616988976220314,1.0,9780.190664244616,1.1940927289870196
payload50,Geo+CeNN-V3,94,1.675895399823178,4.509475375293897,4.921500299372288,1.0,14587.917974858523,1.4452511042419585
payload50,Geo+CeNN-V3,95,5.734840605206404,18.529366881735342,6.737961870374784,0.0,9547.051686553503,1.4287552629752396
payload50,Geo+CeNN-V3,96,7.904257725007968,24.91420268728014,8.618078788340272,0.0,18434.993329320117,1.8883103310845468
payload50,Geo+CeNN-V3,97,3.840178716790148,8.002674213415457,8.90089463444625,0.0,14443.716489232136,1.2748379807176657
payload50,Geo+CeNN-V3,98,0.497465506962967,1.0083817325537563,2.7648692791917338,1.0,7639.099586737843,1.109472096588106
payload50,Geo+CeNN-V3,99,1.096269536788999,2.049327232423635,4.2731133382362145,1.0,9883.247820193394,1.2036919826971157
payload50,Geo+CeNN-D2,0,0.7542047339527572,1.282954661790482,3.399432619441043,1.0,8376.935682446045,1.2332565303917338
payload50,Geo+CeNN-D2,1,1.4404486888181247,3.066549094201977,2.8670332314454776,1.0,8421.323365929842,1.090560662735729
payload50,Geo+CeNN-D2,2,1.208249427100475,2.1144040440887606,4.935855104127323,1.0,14083.4161270693,1.4005090629180519
payload50,Geo+CeNN-D2,3,0.626989956819764,1.3825695320757188,2.6975944039547213,1.0,6462.3237408332625,1.0550687499553657
payload50,Geo+CeNN-D2,4,1.2847883132330262,2.7998580048113912,6.166374009727946,1.0,11800.901182869373,1.3002843891155456
payload50,Geo+CeNN-D2,5,3.9366408054248603,7.538512407816314,11.293478427794572,0.0,23492.67718916388,1.3892299292086632
payload50,Geo+CeNN-D2,6,0.6205851047697513,1.273588303702404,2.7948843010578552,1.0,6965.826135176759,1.0927922218454702
payload50,Geo+CeNN-D2,7,0.6481878093079487,1.1973875801546725,1.4859991083488617,1.0,8054.1555500199665,1.1647787356433403
payload50,Geo+CeNN-D2,8,0.5758217174397156,1.1864809866670458,3.143844760675462,1.0,6787.892057114673,1.0834405382651484
payload50,Geo+CeNN-D2,9,4.175681034103638,8.98007084573779,7.605690510762723,0.0,21052.70190984059,1.4711627379582615
payload50,Geo+CeNN-D2,10,0.33433275670123025,0.6468966460630878,1.9770543494000679,1.0,9150.735657589352,1.264775618434316
payload50,Geo+CeNN-D2,11,0.6345744355099098,1.2379884306635094,3.5331461139422564,1.0,6709.4222791821585,1.126910137321342
payload50,Geo+CeNN-D2,12,0.9150787625272075,1.9475643483864653,5.397816839660263,1.0,8197.328932996774,1.168208503622698
payload50,Geo+CeNN-D2,13,0.8520306116123437,1.3721810086617736,3.191340619982061,1.0,10253.972928181562,1.2425411172123566
payload50,Geo+CeNN-D2,14,0.5197950007370855,1.0266516350394617,2.742629102235068,1.0,7362.901925089423,1.1593559641481905
payload50,Geo+CeNN-D2,15,0.8126588912472452,1.4630680664843376,3.6131959997369405,1.0,8876.738406237771,1.2104276564110432
payload50,Geo+CeNN-D2,16,2.646153358505799,5.1886981692259875,9.976023568628857,0.0,62264.35682646173,1.590903001933763
payload50,Geo+CeNN-D2,17,0.4200914434818746,0.8200176733955324,2.301356706305273,1.0,10024.57803513354,1.2195061437918924
payload50,Geo+CeNN-D2,18,0.9350932401315322,2.2187791111395003,1.925806945073634,1.0,12338.897713916669,1.2820432772804682
payload50,Geo+CeNN-D2,19,0.36033910469645236,0.6343166486755285,2.6408631335816004,1.0,6254.448069295978,1.0991334393755772
payload50,Geo+CeNN-D2,20,1.2030036457010669,2.627619365840276,6.810656713022946,1.0,16648.907425746187,1.421918762472555
payload50,Geo+CeNN-D2,21,0.4211099310628712,0.7690909773042189,2.003673377830261,1.0,7068.656043952696,1.0930861413503343
payload50,Geo+CeNN-D2,22,0.6907986252919015,1.712848453372032,2.4400880209644997,1.0,10436.934164177599,1.199026205851362
payload50,Geo+CeNN-D2,23,1.358052598095916,2.9953569637888324,1.95068454553845,1.0,10598.643344248254,1.203313594519648
payload50,Geo+CeNN-D2,24,0.50431392222596,1.0932093338738247,1.623430306412111,1.0,5868.4946197892805,1.0196221049379794
payload50,Geo+CeNN-D2,25,0.2561949353912013,0.5011728064031029,1.9230811559894012,1.0,6361.567415963738,1.0872467921685898
payload50,Geo+CeNN-D2,26,0.8986898339472332,1.8562991345745161,2.1004811384791378,1.0,8329.085243940706,1.04479195929671
payload50,Geo+CeNN-D2,27,9.377484807710351,17.414317260242658,9.095840599700592,0.0,50255.66606084766,1.803842208075857
payload50,Geo+CeNN-D2,28,0.6516418157430204,1.339602538836405,2.461283024464329,1.0,6696.416525355514,1.0718845813469817
payload50,Geo+CeNN-D2,29,2.150740753470657,4.107426335698749,8.093665250615954,1.0,25890.007106239464,1.5139108429233985
payload50,Geo+CeNN-D2,30,0.16885087840378665,0.3216848489335074,1.9699753866961192,1.0,8043.971318539325,1.1264420506761454
payload50,Geo+CeNN-D2,31,0.8667353875943982,1.6609589169519314,3.245512657354302,1.0,10659.256784919771,1.2421018384032139
payload50,Geo+CeNN-D2,32,4.827874399255804,11.240742542805865,14.872268428059472,0.0,28895.115624334576,1.739176614457042
payload50,Geo+CeNN-D2,33,3.6538476360206786,12.062449821098,2.050421907077361,0.0,17781.80912422258,1.604839145184851
payload50,Geo+CeNN-D2,34,1.2153141382463597,2.3095928636834375,4.060572597163278,1.0,8977.276377863584,1.1456037545787086
payload50,Geo+CeNN-D2,35,0.8487697325401753,1.551815006112762,1.82594514466782,1.0,9049.789821084221,1.1550807888004755
payload50,Geo+CeNN-D2,36,1.4325641705506644,2.597062278595108,3.361869151492448,1.0,9966.161617635526,1.1818044547269235
payload50,Geo+CeNN-D2,37,1.519772505758171,2.967843454964444,6.814773056281155,1.0,17296.08272107171,1.5494022864013979
payload50,Geo+CeNN-D2,38,0.4050108731762878,0.7899885464086315,2.347452645920358,1.0,7925.428939859991,1.209573678078552
payload50,Geo+CeNN-D2,39,0.41050536565235707,0.791111358906807,1.7215786207829384,1.0,7247.8200106657605,1.1594364298198376
payload50,Geo+CeNN-D2,40,0.5593642669079801,1.0078581800368065,2.1924361815176407,1.0,8074.113210621265,1.1188109040794612
payload50,Geo+CeNN-D2,41,0.7495534324199626,1.4854493049591961,2.388466830950843,1.0,5857.067925233481,1.0697128456022984
payload50,Geo+CeNN-D2,42,5.358900213311394,11.276648625409543,8.511513249989152,0.0,21318.48935603463,1.5529033646533925
payload50,Geo+CeNN-D2,43,1.8963217437871156,3.699624515962743,7.81636246851223,1.0,26786.11195462891,1.5230964305415133
payload50,Geo+CeNN-D2,44,0.6097844476851082,1.2281185502455365,2.8813988986049583,1.0,6514.308068270616,1.106608959379438
payload50,Geo+CeNN-D2,45,3.213521458079249,5.6636997903648725,14.175260652582459,0.0,34773.408869368606,1.539425399690474
payload50,Geo+CeNN-D2,46,0.6890527886555128,1.1192865828741052,2.803741508993933,1.0,9477.951735105378,1.2367968482019522
payload50,Geo+CeNN-D2,47,1.1784982059380091,2.4476572212786913,4.804994707039609,1.0,13623.633729108744,1.4718502946968621
payload50,Geo+CeNN-D2,48,1.186957646234877,2.086061032644546,3.233760927789703,1.0,12480.13648477116,1.270076094572023
payload50,Geo+CeNN-D2,49,2.3242499347633454,4.576079029480336,4.447936295847928,1.0,14203.667978916841,1.4642342102454715
payload50,Geo+CeNN-D2,50,1.4950343113876443,2.728524545152164,4.412217438230293,1.0,11502.700209597098,1.2547496641426958
payload50,Geo+CeNN-D2,51,13.211484563963054,37.89293731108532,9.21276886634434,0.0,13417.04976175666,1.924105488170317
payload50,Geo+CeNN-D2,52,1.767713539651618,5.605960174754034,4.9769674101546855,0.0,18867.714864747068,1.625165440394951
payload50,Geo+CeNN-D2,53,1.027180083532014,2.21390369577521,2.5279931983679766,1.0,7823.3035448415185,1.0353272416167834
payload50,Geo+CeNN-D2,54,4.921005510574256,11.995237057828648,8.456598307701775,0.0,23353.01973946051,1.628438013731952
payload50,Geo+CeNN-D2,55,1.7945794967431046,3.7966456921257716,4.978200133218145,1.0,8421.178592701075,1.1538320609739443
payload50,Geo+CeNN-D2,56,0.8771708407400189,1.745978014864432,4.233328333323095,1.0,9642.645412552067,1.195067366413845
payload50,Geo+CeNN-D2,57,2.388634323552422,4.89059812283988,3.9888481662373563,1.0,10951.704804437242,1.2885380365502088
payload50,Geo+CeNN-D2,58,3.7351379320547777,7.9825229772033195,12.462855837266318,0.0,70710.70739049563,1.6161928838213588
payload50,Geo+CeNN-D2,59,3.066472879543016,6.0142734014056805,9.822312641798904,0.0,14654.794011266142,1.3163378402927959
payload50,Geo+CeNN-D2,60,0.6151200042689443,1.2851778805041432,2.011378009006225,1.0,6414.366200746034,1.0609934349916075
payload50,Geo+CeNN-D2,61,1.2151153582973713,2.840278223032027,2.573523180535343,1.0,14757.896128709863,1.3903430776730306
payload50,Geo+CeNN-D2,62,0.7824595488691729,1.876456453032379,3.318611829228237,1.0,10420.294680852443,1.2847854529235925
payload50,Geo+CeNN-D2,63,0.5750831923464172,1.0349473673338645,3.0690360681127693,1.0,7932.6918201782555,1.232391542198496
payload50,Geo+CeNN-D2,64,3.802730966213873,11.362902903726834,5.805678383678247,0.0,29934.944744141456,1.4542491028690696
payload50,Geo+CeNN-D2,65,1.6507913036927808,3.5739952433594158,7.585655653925695,1.0,11543.803374535823,1.3263776695051037
payload50,Geo+CeNN-D2,66,6.16947356472335,18.636960834816968,7.19890018900793,0.0,16381.095884824274,1.6413041747330313
payload50,Geo+CeNN-D2,67,1.5682168617075782,3.238046400989771,2.9059074503954916,1.0,11332.494798257623,1.276847821713577
payload50,Geo+CeNN-D2,68,0.854106903693346,1.8245494968290445,2.3960955793331706,1.0,6448.427663131514,1.0613691357782802
payload50,Geo+CeNN-D2,69,0.7147697514020706,1.3467244656465918,1.9017038891030809,1.0,6507.235744740162,1.0515638197145205
payload50,Geo+CeNN-D2,70,0.9130645504121304,2.055921588162136,1.5715286440538345,1.0,9166.01443989712,1.177223895689648
payload50,Geo+CeNN-D2,71,2.23266287566549,5.152845145822643,11.477616369773703,0.0,14626.102457964103,1.3140345720418092
payload50,Geo+CeNN-D2,72,3.0830600840517595,8.209404931818613,11.378941205062073,0.0,27122.62924170064,1.426140906333942
payload50,Geo+CeNN-D2,73,1.4100696211474977,2.6722756290139125,7.042822232813536,1.0,11971.806554283665,1.2715854769931065
payload50,Geo+CeNN-D2,74,1.0211428261939852,1.660338145015612,4.110141246356351,1.0,11310.542910230166,1.3289052920979985
payload50,Geo+CeNN-D2,75,0.4870578203273575,0.8845134413304593,2.3144181511029425,1.0,7227.666306634738,1.179704592701505
payload50,Geo+CeNN-D2,76,6.727518607244571,19.05535968496524,4.049140272524687,0.0,31782.54919407081,1.7514531413232246
payload50,Geo+CeNN-D2,77,5.008392971324275,14.86313554263533,9.322653757104742,0.0,19322.89865303737,1.7862915684802727
payload50,Geo+CeNN-D2,78,1.2617170178034423,2.4678991971607496,5.1633805447716385,1.0,12205.675767831031,1.3473890318793125
payload50,Geo+CeNN-D2,79,2.8261845310716605,6.84567967597241,9.81311145756306,0.0,31463.610933323067,1.4814674824120793
payload50,Geo+CeNN-D2,80,2.819589543118083,5.181106227827523,13.155928357447738,0.0,16528.959645806564,1.3471012031272886
payload50,Geo+CeNN-D2,81,1.090203979308334,2.0344742245943883,3.437395920157296,1.0,10394.095787404833,1.3118111707378994
payload50,Geo+CeNN-D2,82,1.2379395217576803,2.992983694770802,7.0706448760765275,1.0,17282.06780623012,1.4626396352380018
payload50,Geo+CeNN-D2,83,0.1714005486406722,0.3227455082702831,1.9885797679718935,1.0,7842.851034128707,1.1535178702176487
payload50,Geo+CeNN-D2,84,2.66237876598377,5.704857958384315,6.029306169887902,0.0,36554.92192882288,1.809822233090522
payload50,Geo+CeNN-D2,85,0.4404274326203977,0.7149179459470963,2.7807783483225137,1.0,7863.685054945586,1.2182237894540908
payload50,Geo+CeNN-D2,86,1.9206196107974627,3.9049069587294047,15.481553723059703,1.0,46067.54372704146,1.4077968776894623
payload50,Geo+CeNN-D2,87,0.5785851500547184,1.1835390860081931,3.0390085472105275,1.0,7515.966600402276,1.102729305148936
payload50,Geo+CeNN-D2,88,3.4114192762371878,8.991707383693583,3.268143378127674,0.0,22730.25394639432,1.53662013824047
payload50,Geo+CeNN-D2,89,1.1997962752581062,2.136062003229086,5.416320660486022,1.0,10203.766875294403,1.331133467264075
payload50,Geo+CeNN-D2,90,12.774463588062634,31.81417422427361,9.817766674334086,0.0,12400.252773410542,1.9290901675326686
payload50,Geo+CeNN-D2,91,0.8438759875086828,1.5491894682686462,2.2273844481945453,1.0,10521.719835712745,1.2337321208535987
payload50,Geo+CeNN-D2,92,1.4890964663723496,3.4234165394386182,2.843091512868196,1.0,8810.440291081382,1.1998616345928004
payload50,Geo+CeNN-D2,93,0.5013055308625485,0.9844861736754148,2.2568128202116124,1.0,9898.244914658953,1.2308172738020031
payload50,Geo+CeNN-D2,94,1.6819163821034604,4.619225195330356,4.99428640643901,1.0,14810.645097445797,1.4667274985980798
payload50,Geo+CeNN-D2,95,5.741999654362629,18.549695346302485,6.721030774049127,0.0,9498.619833797655,1.4539198100778161
payload50,Geo+CeNN-D2,96,7.8871066920790565,24.864384674806647,8.562782622748156,0.0,18392.355619355665,1.8864507262996046
payload50,Geo+CeNN-D2,97,3.831568438113239,8.012164993841317,8.768247954463675,0.0,14261.542719500389,1.371396384693697
payload50,Geo+CeNN-D2,98,0.49225912795398624,0.9917987821325851,2.720101279093726,1.0,7655.211922812352,1.1309381747384941
payload50,Geo+CeNN-D2,99,1.1031778116032036,2.057585339894614,4.285499546031853,1.0,10046.586352808556,1.23872559310922
payload50,Geo+CeNN-D2 dropout,0,0.7664078046948766,1.3350443959795724,3.5329188298656944,1.0,8315.722343364676,1.0928031159540788
payload50,Geo+CeNN-D2 dropout,1,1.4460741548993243,3.051108526929317,2.7868810684174767,1.0,8285.920555845585,1.0503189069016592
payload50,Geo+CeNN-D2 dropout,2,1.2088268580498869,2.107992249314013,4.34602441706382,1.0,12455.754538993542,1.170070056568359
payload50,Geo+CeNN-D2 dropout,3,0.6353346031106099,1.3820941145945365,2.742819121152849,1.0,6498.071676141103,1.0149829929819985
payload50,Geo+CeNN-D2 dropout,4,1.2626001196802048,2.746854453214667,6.147819671484507,1.0,11650.880493446819,1.2226451249479662
payload50,Geo+CeNN-D2 dropout,5,3.7360300872733827,7.1925776779647705,11.159294714417106,0.0,21549.413754266378,1.2385048024526228
payload50,Geo+CeNN-D2 dropout,6,0.6183637527865921,1.2623164075491042,2.8588382509812154,1.0,7035.702185685516,1.0060753477292812
payload50,Geo+CeNN-D2 dropout,7,0.6623150848369969,1.1981263357159508,1.4670340885334923,1.0,8086.719673629752,1.0469557318355434
payload50,Geo+CeNN-D2 dropout,8,0.5728684471278801,1.1907975931847548,3.192869006776497,1.0,6962.3698146079905,1.076436903998684
payload50,Geo+CeNN-D2 dropout,9,4.217488449991231,9.119681769036692,7.370538056639891,0.0,20833.320395490893,1.381702724948375
payload50,Geo+CeNN-D2 dropout,10,0.32958050879977546,0.5819082057943632,1.9240285036350198,1.0,9178.263659220082,1.1272562353617774
payload50,Geo+CeNN-D2 dropout,11,0.6337779808630615,1.26919311827107,3.6805955719134293,1.0,7038.168043253038,1.0778029689473396
payload50,Geo+CeNN-D2 dropout,12,0.9246495983910058,1.9873300726656105,5.547617049351067,1.0,8458.42825997392,1.1573110854395934
payload50,Geo+CeNN-D2 dropout,13,0.8073644960268543,1.3872909469751584,3.181246485768389,1.0,10088.042608880887,1.0784409808717748
payload50,Geo+CeNN-D2 dropout,14,0.5027872772045271,1.0157750964728782,2.6987991107879603,1.0,7464.5762128504075,1.019250320720618
payload50,Geo+CeNN-D2 dropout,15,0.7929811492872811,1.5017704543712647,3.5377782603009615,1.0,9056.179811876726,1.090255034659465
payload50,Geo+CeNN-D2 dropout,16,1.8586573377273004,3.6485812069774086,7.817461188293623,1.0,28577.25208912232,1.4376015759641698
payload50,Geo+CeNN-D2 dropout,17,0.4179376611288899,0.7996697779168087,2.315043276157361,1.0,10179.052397474463,1.1231274649736784
payload50,Geo+CeNN-D2 dropout,18,0.9255329470700704,2.010397719354174,1.576739300923028,1.0,11784.003014973292,1.1316244036011576
payload50,Geo+CeNN-D2 dropout,19,0.3524039136969678,0.6365798272821032,2.6069761126395843,1.0,6406.526470525804,1.0221259502791353
payload50,Geo+CeNN-D2 dropout,20,1.1417576482106995,2.4988980647290906,6.667079402090242,1.0,15680.033830891167,1.326993459523883
payload50,Geo+CeNN-D2 dropout,21,0.4501894258266131,0.8481304602168607,2.039491437733454,1.0,7249.5678015229105,1.0170212820869422
payload50,Geo+CeNN-D2 dropout,22,0.7365842012347052,1.792698176959397,2.7665940360684793,1.0,11175.061485010301,1.1614573734472073
payload50,Geo+CeNN-D2 dropout,23,1.3430744071306726,2.9388454412493794,1.8730574608875485,1.0,10339.61302118591,1.1615148528316108
payload50,Geo+CeNN-D2 dropout,24,0.515202971088363,1.0967838602070297,1.5574329024751699,1.0,5860.180438592276,0.9856536498983891
payload50,Geo+CeNN-D2 dropout,25,0.2688198178932974,0.5312613483157084,2.013833291595549,1.0,6635.3422875635115,1.0307422410337865
payload50,Geo+CeNN-D2 dropout,26,0.9039151394742476,1.842805787424203,2.0175503132392025,1.0,8244.698289005126,1.021601323149138
payload50,Geo+CeNN-D2 dropout,27,8.712781707600248,15.875772821316026,10.38595363566294,0.0,51995.37488734606,1.5395672414054498
payload50,Geo+CeNN-D2 dropout,28,0.6562917269473014,1.3429356849294873,2.49534516709633,1.0,6683.812799654444,1.0335896295099178
payload50,Geo+CeNN-D2 dropout,29,1.928078131756927,4.469457252456957,7.679499500330048,1.0,21066.725580829694,1.424323835505073
payload50,Geo+CeNN-D2 dropout,30,0.19581422598435946,0.3195954600221352,1.9944972506408627,1.0,8251.955657145892,1.044535339602033
payload50,Geo+CeNN-D2 dropout,31,0.8371031948075993,1.6379925756517975,3.378301878440777,1.0,10719.634372823766,1.0893777592213796
payload50,Geo+CeNN-D2 dropout,32,4.355342696180421,10.437843915258307,13.29462169857249,0.0,24958.285837869844,1.454558590837592
payload50,Geo+CeNN-D2 dropout,33,3.5938113342292928,11.832403350918613,1.9981512006547355,0.0,17595.197944078245,1.5909840356723828
payload50,Geo+CeNN-D2 dropout,34,1.2140701035336947,2.3274416581641444,4.159218512882148,1.0,9090.76737418333,1.0522425820861265
payload50,Geo+CeNN-D2 dropout,35,0.8614525432910929,1.5368542948948172,1.7393707348780325,1.0,9153.074559357448,1.0314354954350442
payload50,Geo+CeNN-D2 dropout,36,1.3911025827948118,2.5661758473252965,3.5822884674962467,1.0,9852.906669783784,1.0247387552335205
payload50,Geo+CeNN-D2 dropout,37,1.345631650173668,2.5243924151278723,6.004674510223205,1.0,14970.732155974305,1.3083247022310718
payload50,Geo+CeNN-D2 dropout,38,0.37058184662863797,0.6427041146180121,1.933801943666532,1.0,7773.734874286706,1.037864921271133
payload50,Geo+CeNN-D2 dropout,39,0.43802829631547713,0.7903226598262711,1.6579585215581905,1.0,7350.230537237661,1.038020086175185
payload50,Geo+CeNN-D2 dropout,40,0.5843777843678456,1.0901488230585838,2.2841225867376673,1.0,8312.339917031619,1.0557593462409138
payload50,Geo+CeNN-D2 dropout,41,0.7670781885386502,1.5525018824859116,2.4950138278413903,1.0,6060.725318982231,1.0151653639629026
payload50,Geo+CeNN-D2 dropout,42,4.917588640788652,10.21746540084192,8.998597187177559,0.0,21301.700370613824,1.3909184779925532
payload50,Geo+CeNN-D2 dropout,43,1.8671123934455156,3.7618628534662104,8.701628821708324,1.0,35413.41261644227,1.3523863642576885
payload50,Geo+CeNN-D2 dropout,44,0.5969239043939443,1.213298442756002,3.0115986541817934,1.0,6603.956341641704,0.9917817080711154
payload50,Geo+CeNN-D2 dropout,45,2.7435591107691497,4.851835641572444,12.58495026790318,1.0,27218.116514677957,1.2757710210126254
payload50,Geo+CeNN-D2 dropout,46,0.6433751601282398,1.1217113086705641,2.6622625365865478,1.0,9306.050356035576,1.0659273460706171
payload50,Geo+CeNN-D2 dropout,47,1.0215978718660674,2.044197022058676,3.501523021413498,1.0,11218.897722653854,1.2085353481794925
payload50,Geo+CeNN-D2 dropout,48,1.1320247840902335,1.9220722354412496,3.587699556807259,1.0,11939.407355481351,1.0997320408040419
payload50,Geo+CeNN-D2 dropout,49,2.148640290015732,4.057361119061115,4.067825782633088,1.0,13379.728704700154,1.280992757470297
payload50,Geo+CeNN-D2 dropout,50,1.4797522891945167,2.664590075955431,4.741335252960736,1.0,11303.70868686291,1.1385257222913778
payload50,Geo+CeNN-D2 dropout,51,12.593754500231087,36.34676242676715,8.833444527736846,0.0,13714.184967788657,1.6737862467
payload50,Geo+CeNN-D2 dropout,52,1.6298956644556957,4.657535527915212,3.29525244103776,1.0,16638.34478321419,1.404170808132683
payload50,Geo+CeNN-D2 dropout,53,1.0315567240771504,2.211219293650304,2.546695422873978,1.0,7805.944159633693,1.017380541047042
payload50,Geo+CeNN-D2 dropout,54,4.789952287280507,11.854912728614833,8.171474735174002,0.0,22646.193671966616,1.5274327630497686
payload50,Geo+CeNN-D2 dropout,55,1.8459597937040488,3.9229836629146306,5.1234833854253266,1.0,8742.653340247496,1.0962246237604485
payload50,Geo+CeNN-D2 dropout,56,0.86718729380649,1.7587207886055765,4.408004370102486,1.0,9792.463095995474,1.1030426872846428
payload50,Geo+CeNN-D2 dropout,57,2.352958040490056,4.831531776808555,4.002142857264159,1.0,10762.541410472651,1.1753904924268948
payload50,Geo+CeNN-D2 dropout,58,2.878834490026345,6.940866707424754,15.543364083818417,0.0,70688.28298978157,1.3761551999029933
payload50,Geo+CeNN-D2 dropout,59,2.9724509679809556,5.8501802472016236,9.641399215168546,0.0,13878.34086616341,1.1654307583205372
payload50,Geo+CeNN-D2 dropout,60,0.6242802546024679,1.2782911947731377,2.0469489400646457,1.0,6469.5275608520415,0.9860371119745152
payload50,Geo+CeNN-D2 dropout,61,1.0862685498290041,2.1362573607366486,2.165791893108407,1.0,12089.231811774946,1.1589758880422119
payload50,Geo+CeNN-D2 dropout,62,0.7865829699986299,1.8943498110100905,3.4767813824436424,1.0,10832.771758943174,1.255994448026895
payload50,Geo+CeNN-D2 dropout,63,0.597032733730527,1.012924337454849,3.051260617101052,1.0,7751.103203244967,1.0763691929355406
payload50,Geo+CeNN-D2 dropout,64,3.946989399668901,11.87568081151802,5.6853037125171255,0.0,31258.821556956816,1.4529976154982713
payload50,Geo+CeNN-D2 dropout,65,1.7422085559614033,3.801862099980568,7.854239428450651,1.0,12755.207308831521,1.3038550706295042
payload50,Geo+CeNN-D2 dropout,66,6.1371484699481815,18.71036008065117,7.0354201656573085,0.0,16250.020345798097,1.5660439004735143
payload50,Geo+CeNN-D2 dropout,67,1.4853862362823858,2.958908698495594,3.128261674143638,1.0,10779.70116845485,1.0386915936332115
payload50,Geo+CeNN-D2 dropout,68,0.8729480697118036,1.8830810273866259,2.5198319155810394,1.0,6673.648804017972,1.0541641254258263
payload50,Geo+CeNN-D2 dropout,69,0.7390250859962484,1.4127407160967445,1.9781437151976964,1.0,6634.844899147926,0.9954942612144805
payload50,Geo+CeNN-D2 dropout,70,0.9263973391494745,1.9938560182996257,1.3973539379058943,1.0,9155.796839288505,1.0707085586017018
payload50,Geo+CeNN-D2 dropout,71,2.2278107169942465,5.244355021605329,11.11357703827058,0.0,14482.100771142841,1.247347280822939
payload50,Geo+CeNN-D2 dropout,72,3.016683699990475,8.06283200029461,13.004536827912348,0.0,34133.950126189346,1.3041698530931096
payload50,Geo+CeNN-D2 dropout,73,1.386298100805163,2.772511089250278,7.333079662527808,1.0,12195.606117339239,1.0925894562040384
payload50,Geo+CeNN-D2 dropout,74,0.9944362920132416,1.7411684894697521,4.039342769477952,1.0,11490.916270471527,1.1757253392677764
payload50,Geo+CeNN-D2 dropout,75,0.47995404812923653,0.877002719882125,2.3569237418667344,1.0,7317.480359432803,1.062474612053268
payload50,Geo+CeNN-D2 dropout,76,6.156503317506172,17.26980116922154,4.473213633869299,0.0,31070.523756578372,1.6060221547477138
payload50,Geo+CeNN-D2 dropout,77,4.8605948145090885,14.628362522037895,8.871915318599118,0.0,19180.902504244845,1.6734134576068043
payload50,Geo+CeNN-D2 dropout,78,1.1841918956670414,2.310088705711734,4.699547516084769,1.0,11323.922848758568,1.1532512980901106
payload50,Geo+CeNN-D2 dropout,79,2.8992114643680678,7.120373538820611,9.557421086095253,0.0,28741.14672984969,1.4656345929936516
payload50,Geo+CeNN-D2 dropout,80,2.6381052926968973,5.191473838539221,11.999067549961767,0.0,15406.504646459325,1.1110350442484265
payload50,Geo+CeNN-D2 dropout,81,0.9715179024837346,1.6212432098317646,2.833320948542537,1.0,8995.104015745763,1.0889696667567417
payload50,Geo+CeNN-D2 dropout,82,1.2469603055059204,3.0159045349841875,7.023697258331417,1.0,17579.342942011008,1.4347341545270336
payload50,Geo+CeNN-D2 dropout,83,0.2260669535808315,0.424118595258817,2.0232578508564334,1.0,8014.282245975221,1.0364880878487552
payload50,Geo+CeNN-D2 dropout,84,2.175367799014728,4.57373156961317,5.27156546047479,1.0,28780.907526613864,1.531057589565111
payload50,Geo+CeNN-D2 dropout,85,0.47734837865719265,0.8372322595517232,2.814694394600795,1.0,7923.595487082787,1.0865968321803798
payload50,Geo+CeNN-D2 dropout,86,1.653931617696752,3.3682077033879545,8.397740063666557,1.0,16976.49224962927,1.2090750188878627
payload50,Geo+CeNN-D2 dropout,87,0.5797697695780557,1.1787981497569675,3.081801122970214,1.0,7603.7424297231655,1.0564110819861279
payload50,Geo+CeNN-D2 dropout,88,3.2863905904049124,8.611730274430716,3.288478580463712,0.0,22115.273666348945,1.4596985309669577
payload50,Geo+CeNN-D2 dropout,89,1.1420453173508158,1.9815983077311474,5.081095630639304,1.0,9866.760095924848,1.1488155158565148
payload50,Geo+CeNN-D2 dropout,90,12.361292250787523,30.728140163581553,9.873589655105834,0.0,12567.221783286679,1.7404828814693707
payload50,Geo+CeNN-D2 dropout,91,0.8352644182250644,1.474345580133332,2.0823516768601626,1.0,10334.7969986586,1.1009419009593346
payload50,Geo+CeNN-D2 dropout,92,1.5837965406871637,3.6520777781925693,2.9259476348546136,1.0,9406.9223874871,1.2006977111502781
payload50,Geo+CeNN-D2 dropout,93,0.4589021398379658,0.8681348741058086,2.211316520556562,1.0,9455.175831420538,1.0399418166782333
payload50,Geo+CeNN-D2 dropout,94,1.5401307696507645,3.910904591084772,3.4070589359212824,1.0,12496.196251248946,1.2807682464546133
payload50,Geo+CeNN-D2 dropout,95,5.978135700459707,19.48418934094759,6.585239855777412,0.0,9123.931746992226,1.4757149922458865
payload50,Geo+CeNN-D2 dropout,96,7.568106560988777,24.030165889496406,8.193136524243855,0.0,18189.348384497793,1.765349806687445
payload50,Geo+CeNN-D2 dropout,97,3.911169934576981,8.266620403270442,8.514283257991854,0.0,14572.840242140359,1.3025451622425863
payload50,Geo+CeNN-D2 dropout,98,0.4825704016896061,0.9811311973489713,2.7421794450829893,1.0,7781.813420493538,1.0273122276473592
payload50,Geo+CeNN-D2 dropout,99,1.0954736831748237,2.023482318613287,4.086736430689079,1.0,9483.224668055198,1.110546881646532
