Scenario,Controller,rmse_mean,rmse_sd,max_mean,success_pct,heading_deg,effort,residual_rms
nominal,Geo,0.03301701025762085,0.001660358864534321,0.0435426879629023,100.0,0.07029410401915237,7.616382662293683,0.0
nominal,LQR-outer,0.053995905876799435,0.0012948394927741456,0.05932297837915551,100.0,0.06039433671403325,2.8613742504381876,0.0
nominal,LMPC-H40,0.033760449575549585,0.0015572988228808788,0.04320117012584776,100.0,0.06625158408536368,5.166828454951335,0.0
nominal,Geo+MLP-D2,0.024139959884732578,0.0017819976128638643,0.040879066648165006,100.0,0.10284665541323137,67.82898252002452,0.22945318388340635
nominal,Geo+CeNN-D2,0.02889109410841542,0.002772763328930524,0.05590611599487354,100.0,0.2886397685717604,164.1770210034059,0.3084660745962997
nominal,Geo+AE-CeNN,0.024496680346323275,0.001955978951067,0.04213086489801799,100.0,0.15765829178092347,90.3706488722338,0.24355644191713743
nominal,Geo+AE-CeNN dropout,0.026063835514952997,0.0019267770910467768,0.04572993559792257,100.0,0.1327078934363748,63.64735738361649,0.20129837717631308
wind3,Geo,0.13908187750442497,0.0202196875630416,0.1748325235512829,100.0,0.23826010147043608,280.41403550288805,0.0
wind3,LQR-outer,0.2162108855873602,0.03229545847866251,0.27003278868282427,100.0,0.2195088555893183,269.70817881142193,0.0
wind3,LMPC-H40,0.1470827084119368,0.020363969969735173,0.18262580681453194,100.0,0.2316940475113387,275.6194141705909,0.0
wind3,Geo+MLP-D2,0.10388758817932933,0.015715529701907267,0.1314914935859558,100.0,0.26559973838152956,323.27523189797796,0.23579793854709521
wind3,Geo+CeNN-D2,0.1021664373285973,0.016750009609143614,0.1405608247247008,100.0,0.44470116159053313,434.6848912410554,0.34021539329644135
wind3,Geo+AE-CeNN,0.10170271204455983,0.015105922616179268,0.1323461918446998,100.0,0.32844831616675907,361.116895308466,0.28349182064717315
wind3,Geo+AE-CeNN dropout,0.10832772026051085,0.01694347577371991,0.14877771869060608,100.0,0.31029131506034857,336.3868319265411,0.24831001131428462
force_step,Geo,0.06619221230537974,0.015990922638408536,0.13872734991824134,100.0,0.13998614704731271,32.47339660119742,0.0
force_step,LQR-outer,0.10587398267125316,0.025816694324990123,0.21614840290858137,100.0,0.12121988053987198,23.526002110697604,0.0
force_step,LMPC-H40,0.06902382514590283,0.015832158907116794,0.14443276748762351,100.0,0.13407135970799203,28.670420351694876,0.0
force_step,Geo+MLP-D2,0.050756485663180445,0.011738785160315969,0.10938493459836728,100.0,0.1699788819959035,90.26948406820706,0.22710979581788016
force_step,Geo+CeNN-D2,0.051972547209542704,0.01176251561749207,0.11670868830543815,100.0,0.3287635770183834,179.16354101296756,0.3023151486893815
force_step,Geo+AE-CeNN,0.050345205789506936,0.011419444149903639,0.11143538594096417,100.0,0.21216240230354672,113.80685928097327,0.24661939666909943
force_step,Geo+AE-CeNN dropout,0.05707381384420894,0.013571207229388288,0.12651328528994368,100.0,0.19107385456110226,88.80831561834506,0.20605185837901246
model20,Geo,0.07425781328738384,0.033461794070892115,0.08934398924313887,100.0,0.12986838045534868,740.7297569066035,0.0
model20,LQR-outer,0.1290838094100768,0.06161760240570929,0.14279134226464113,100.0,0.06129846787132168,734.0909191306692,0.0
model20,LMPC-H40,0.09547442571457168,0.048726100659400765,0.10822026210001275,100.0,0.09450922086689287,736.5602580612436,0.0
model20,Geo+MLP-D2,0.05399956353216715,0.025174255241890063,0.07158869149075736,100.0,0.22463626248939064,799.878579381101,0.24648940819848333
model20,Geo+CeNN-D2,0.05762987328622108,0.024963870534926963,0.09935868250404228,100.0,0.6494521059754358,967.0780231884731,0.3550143684417833
model20,Geo+AE-CeNN,0.051753412066062925,0.02307599039236463,0.07680724528981903,100.0,0.35907144696897025,857.9000626361948,0.30534524893758574
model20,Geo+AE-CeNN dropout,0.05588660229698674,0.024752047970339256,0.0879889351160592,100.0,0.3163161954474126,831.0093511722093,0.26657949802485603
latency40,Geo,0.03394236149106038,0.0022341181452336313,0.05350876521896805,100.0,0.14251921519286598,18.940558935677462,0.0
latency40,LQR-outer,0.052057742500625025,0.0012695706691515857,0.05727806954694965,100.0,0.06215301751577748,2.949634326791645,0.0
latency40,LMPC-H40,0.03322279184267876,0.0017538140679390988,0.04699373110597651,100.0,0.09516241272374276,8.53081301711333,0.0
latency40,Geo+MLP-D2,0.06630210857658332,0.00889691766325093,0.13219832226276634,100.0,0.8875133679206154,490.974950801919,0.2861848379343004
latency40,Geo+CeNN-D2,0.07958257835842505,0.00785365303736371,0.16915614539957924,100.0,1.2854562348304492,832.2718159566724,0.40086935295878723
latency40,Geo+AE-CeNN,0.07347698260032567,0.004854435670651388,0.1474984808035368,100.0,1.2244493664856655,661.1804046433275,0.35054812064544244
latency40,Geo+AE-CeNN dropout,0.06538656185874087,0.004402634460562026,0.12832535650870674,100.0,1.0240993227779123,487.47897982599534,0.3019777838502944
payload50,Geo,0.20268939322758217,0.03755595174625001,0.35358877891138624,100.0,0.0647814259935839,5242.820079782082,0.0
payload50,LQR-outer,0.3642746467038584,0.07448655200930947,0.6445879016796054,100.0,0.058151862635799405,5167.60335768237,0.0
payload50,LMPC-H40,0.2811498770793096,0.05672225581934426,0.4918504175622238,100.0,0.06306010830594318,5212.594141559911,0.0
payload50,Geo+MLP-D2,0.17449544278183893,0.03349686410398175,0.30431519763471226,100.0,0.08877513500141357,5293.139598886745,0.3046708600815917
payload50,Geo+CeNN-D2,0.17525461229879727,0.04010373611762707,0.30638589124495963,100.0,0.14863253425310968,5370.273860852558,0.38793267741829784
payload50,Geo+AE-CeNN,0.16948849366365448,0.03545531199447713,0.2937191566468682,100.0,0.09698695543179485,5326.578533702257,0.36827694018509577
payload50,Geo+AE-CeNN dropout,0.1820037932673478,0.0384940023933582,0.30845792915979575,100.0,0.0849721532975813,5324.181342507571,0.3154076983766374
rotoreff30,Geo,5.6852382135325605,9.974002901804486,6.943166689259053,69.0,26.06497807857486,13002318.337433591,0.0
rotoreff30,LQR-outer,5.932355585056325,9.903008925201126,7.232920529154334,69.0,25.916668666625903,13001879.586702652,0.0
rotoreff30,LMPC-H40,5.515303947090546,9.698623846725651,6.887126941961366,69.0,24.284708169447445,12002184.534497315,0.0
rotoreff30,Geo+MLP-D2,5.56808027064372,9.987831923770187,6.767273786473596,69.0,25.999232898457343,13002239.28863055,0.3202661976718942
rotoreff30,Geo+CeNN-D2,5.55235014440382,9.99116645937089,6.781081808895235,69.0,26.160060167677994,13002529.489202552,0.49840941401469085
rotoreff30,Geo+AE-CeNN,5.5600724973938584,9.995531039456969,6.77570117123539,69.0,26.056237064445614,13002299.178790443,0.4629030101331103
rotoreff30,Geo+AE-CeNN dropout,5.57014430503432,9.989372068150034,6.803566710180942,69.0,26.076574408154862,13002344.18934927,0.4195508401884498
compound,Geo,0.2426269246431946,0.09787475261005539,0.33327593489994284,100.0,0.6964343939217243,1445.8549271761358,0.0
compound,LQR-outer,0.37710971304674973,0.14566126035434204,0.5238077299889754,100.0,0.6585507045094634,1391.9116292505548,0.0
compound,LMPC-H40,0.26113716715424135,0.0971923325872612,0.36174821394541534,100.0,0.6790552122203505,1420.5522953048576,0.0
compound,Geo+MLP-D2,0.19686521284190875,0.08737693830945643,0.2744653423822447,100.0,0.696482843464918,1478.1407585229922,0.28351454979579765
compound,Geo+CeNN-D2,0.19069529854617492,0.08171152217683406,0.2719660826887462,100.0,0.8637303317355779,1706.1618803606934,0.42792768828193106
compound,Geo+AE-CeNN,0.18640120521017006,0.08130365313651362,0.2572770663392425,100.0,0.7542281457393823,1557.7602587015836,0.3844287449515413
compound,Geo+AE-CeNN dropout,0.20009060601082077,0.08591171354154732,0.2883002186873604,100.0,0.751842790388422,1546.4364375021787,0.34428746003408134
