SeedIndex,Onset_s,Detection_latency_s,Gate_pre_mean,Gate_post_1s_mean,Alpha_peak_0p8s,Score_peak_0p8s
3200,3.0,0.02,0.0014077390846984207,0.15959807604698417,0.9999999999999065,26.83442002072668
3201,3.0,0.03,0.0017717420891398311,0.15653388031640258,0.9999999999999065,29.464012166214893
3202,3.0,0.02,0.0017156471429179761,0.1581299690033622,0.9999999999999065,28.733795944546124
3203,3.0,0.03,0.002143948407013334,0.15808962488950243,0.9999999999999065,27.169366134102056
3204,3.0,0.04,0.00602718951595439,0.15722176220164094,0.9999999999999065,26.573419207824788
3205,3.0,0.03,0.001832788966798864,0.15701640464629624,0.9999999999999065,27.62192543741336
3206,3.0,0.02,0.002025278694223467,0.1589377830640183,0.9999999999999065,26.58445106189417
3207,3.0,0.03,0.007243556967598211,0.15677142451680878,0.9999999999999065,26.91363897974366
3208,3.0,0.04,0.002456215320331198,0.15611466029546672,0.9999999999999065,27.932892521330345
3209,3.0,0.03,0.0005239735058351806,0.158653615595165,0.9999999999999065,26.8692365743797
3210,3.0,0.03,0.005568616842313789,0.15801106596036935,0.9999999999999065,26.67710417862472
3211,3.0,0.02,0.0033640408876540397,0.15728783760950052,0.9999999999999065,27.622527105458843
3212,3.0,0.02,0.0025119509524198836,0.15948517991715794,0.9999999999999065,26.50080614693521
3213,3.0,0.02,0.0020458925803342556,0.15895023853973358,0.9999999999999065,28.420906672313045
3214,3.0,0.03,0.002049516192955529,0.1579887024170379,0.9999999999999065,27.96306036019847
3215,3.0,0.02,0.0025100110063265963,0.15965112078576366,0.9999999999999065,26.0962160134751
3216,3.0,0.03,0.0053432561732550754,0.1581149501585465,0.9999999999999065,26.67294436586028
3217,3.0,0.02,0.002347639589633611,0.15939073808339818,0.9999999999999065,26.77132149701887
3218,3.0,0.03,0.0008572208905981719,0.15769682444983954,0.9999999999999065,28.37048537672925
3219,3.0,0.02,0.005749387320919857,0.15776919160606437,0.9999999999999065,26.489730804984312
3220,3.0,0.02,0.006647640387967401,0.1590182987038961,0.9999999999999065,26.64512681711067
3221,3.0,0.02,0.007922220503261078,0.15869673523256586,0.9999999999999065,28.273650165178275
3222,3.0,0.03,0.0024241985201089527,0.1571581443057655,0.9999999999999065,28.379588395450213
3223,3.0,0.02,0.0013344560543115855,0.15786168527621922,0.9999999999999065,27.95537466026506
3224,3.0,0.02,0.0026667073469539434,0.15881629281949433,0.9999999999999065,27.0420219463499
3225,3.0,0.01,0.0014082507975048217,0.15967099821158964,0.9999999999999065,27.67080365367836
3226,3.0,0.04,0.0017880705706416237,0.15717141925666428,0.9999999999999065,25.61342990651499
3227,3.0,0.04,0.004335545909261178,0.15588660798378626,0.9999999999999065,27.099032306475078
3228,3.0,0.02,0.00270990291153236,0.15759378054643855,0.9999999999999065,30.37068187024805
3229,3.0,0.02,0.003757775470926777,0.15776406527627854,0.9999999999999065,29.988282098988595
3230,3.0,0.03,0.00043460535795362314,0.15785394322672286,0.9999999999999065,28.346952369730914
3231,3.0,0.04,0.002324895933988583,0.15721589216478143,0.9999999999999065,27.03610357453698
3232,3.0,0.03,0.00027910769834688467,0.1580486902650332,0.9999999999999065,27.248259875520024
3233,3.0,0.03,0.0010910980391374279,0.1562226865012021,0.9999999999999065,28.24620355282042
3234,3.0,0.02,0.0014610797215256867,0.15725549298020558,0.9999999999999065,26.95026645986173
3235,3.0,0.02,0.002025252743091879,0.15838474168289793,0.9999999999999065,26.291636497369808
3236,3.0,0.03,0.005945611864058135,0.15764853441992674,0.9999999999999065,25.57429748136132
3237,3.0,0.03,0.007553730664587942,0.156240322807399,0.9999999999999065,28.226836450112767
3238,3.0,0.02,0.0017601603600265483,0.1597534117995322,0.9999999999999065,29.03574181760994
3239,3.0,0.04,0.000734492023250572,0.15640810390960483,0.9999999999999065,26.578910972103138
3240,3.0,0.02,0.000590357376167209,0.15821514016376817,0.9999999999999065,28.294798096995343
3241,3.0,0.03,0.0011805332457522303,0.15646425735054306,0.9999999999999065,28.882888575353295
3242,3.0,0.03,0.0022858316752657937,0.15759517440650164,0.9999999999999065,26.98118435295771
3243,3.0,0.02,0.0021510127127272803,0.15871268507792188,0.9999999999999065,28.024532248363123
3244,3.0,0.03,0.007816008858678584,0.15885017645618607,0.9999999999999065,27.401608052020624
3245,3.0,0.02,0.0021877091816308795,0.15930964880578805,0.9999999999999065,26.541688148056803
3246,3.0,0.03,0.005626254641147843,0.15662085669241751,0.9999999999999065,29.450220103355463
3247,3.0,0.03,0.0057688104503234,0.1568361781883364,0.9999999999999065,27.94549577705039
3248,3.0,0.02,0.0009126285121446631,0.15861281127923296,0.9999999999999065,27.288442967314225
3249,3.0,0.03,0.0019995175918840636,0.15811104267249607,0.9999999999999065,27.612066761878612
3200,8.0,0.02,0.0033249825889077843,0.1574909576806436,0.9999999999999065,27.858041873273674
3201,8.0,0.04,0.00542954343551219,0.15696572053742283,0.9999999999999065,26.13406945097582
3202,8.0,0.02,0.0010816401787002309,0.1579126295890302,0.9999999999999065,29.010244695243255
3203,8.0,0.03,0.002869356199501354,0.1578887876065863,0.9999999999999065,27.042417697003142
3204,8.0,0.03,0.0020550263913866147,0.1568570697415116,0.9999999999999065,27.939110557078568
3205,8.0,0.02,0.0019397592662107064,0.1595475792290947,0.9999999999999065,26.08354256387684
3206,8.0,0.01,0.00550511938088075,0.15978759841592657,0.9999999999999065,27.464969254408402
3207,8.0,0.02,0.002041107255064443,0.15904717936816332,0.9999999999999065,26.49144449992931
3208,8.0,0.02,0.0007516852871382687,0.1593230690057382,0.9999999999999065,27.254782524255397
3209,8.0,0.02,0.0018389015429480073,0.1589733116400847,0.9999999999999065,27.179116797286557
3210,8.0,0.03,0.003093382040624414,0.15816927284023932,0.9999999999999065,27.257563219578493
3211,8.0,0.03,0.001921269490668038,0.1579787689672675,0.9999999999999065,26.457760866393624
3212,8.0,0.03,0.005036302798830006,0.15648574267131127,0.9999999999999065,28.023737107065514
3213,8.0,0.03,0.0036490770489159725,0.15718065379544033,0.9999999999999065,28.78823850320069
3214,8.0,0.02,0.0033760413072851563,0.1586555912412053,0.9999999999999065,27.278139467514393
3215,8.0,0.02,0.006497015090495444,0.15797559607549444,0.9999999999999065,27.33346386157939
3216,8.0,0.02,0.00144693697620942,0.1580169519599185,0.9999999999999065,29.111455430298054
3217,8.0,0.02,0.0010510398391903094,0.15795488976896924,0.9999999999999065,27.543260424711008
3218,8.0,0.03,0.0007787042897021341,0.1567463106250738,0.9999999999999065,28.281035257135418
3219,8.0,0.03,0.002975680252741531,0.15873782307568177,0.9999999999999065,25.49865558785097
3220,8.0,0.03,0.00037430558984619805,0.15689974967765155,0.9999999999999065,27.074352779612223
3221,8.0,0.03,0.006424915738992451,0.15725504254377967,0.9999999999999065,26.529932502934958
3222,8.0,0.03,0.003469073870525789,0.15870813016668545,0.9999999999999065,26.334547993128435
3223,8.0,0.02,0.001490321887890394,0.15878724862927907,0.9999999999999065,26.165914092579058
3224,8.0,0.03,0.006260172625031294,0.15668749945564753,0.9999999999999065,29.70907828193013
3225,8.0,0.02,0.001145499326355095,0.15817194018973513,0.9999999999999065,29.706576368243166
3226,8.0,0.02,0.003678364197157557,0.15880533211892295,0.9999999999999065,28.825323286591495
3227,8.0,0.04,0.0004166930292647813,0.1566199976579451,0.9999999999999065,26.445738948193796
3228,8.0,0.02,0.003500723679154616,0.15878038467280675,0.9999999999999065,28.890225972350283
3229,8.0,0.01,0.0018464219884178686,0.1580743862042779,0.9999999999999065,27.308931597462212
3230,8.0,0.03,0.0023903744005962595,0.15855294428811462,0.9999999999999065,25.723597015623895
3231,8.0,0.01,0.0030527136419759068,0.1579619553328752,0.9999999999999065,30.44975193533888
3232,8.0,0.02,0.002175088069025638,0.15908460696558002,0.9999999999999065,26.453365329090207
3233,8.0,0.02,0.0020118292680747184,0.15911641337338694,0.9999999999999065,28.053136601949404
3234,8.0,0.03,0.001100395911967402,0.15809115493091697,0.9999999999999065,26.41697232823609
3235,8.0,0.03,0.0038344265087708403,0.15785033550964964,0.9999999999999065,28.00309783868342
3236,8.0,0.02,0.0011667506178893543,0.15864652289319287,0.9999999999999065,28.103906116488893
3237,8.0,0.01,0.004617391986220052,0.15730526302936337,0.9999999999999065,27.728833734000474
3238,8.0,0.01,0.0021239447644447323,0.1592312485167051,0.9999999999999065,27.322240258029282
3239,8.0,0.02,0.0037253124279336674,0.15825157061072725,0.9999999999999065,27.5788548841841
3240,8.0,0.03,0.002653247764857706,0.15664644969085217,0.9999999999999065,28.165727148787756
3241,8.0,0.02,0.004482854399583653,0.1578077800464547,0.9999999999999065,29.521615028076454
3242,8.0,0.03,0.002747457639670022,0.158503020647317,0.9999999999999065,27.472997214823145
3243,8.0,0.03,0.001132367946788649,0.15898938554909745,0.9999999999999065,27.388956827979573
3244,8.0,0.02,0.002382921703415642,0.15702459339915006,0.9999999999999065,29.423894800231363
3245,8.0,0.03,0.004111156400892799,0.15643480534606377,0.9999999999999065,30.88626123867918
3246,8.0,0.03,0.004778404053673777,0.15724377610967577,0.9999999999999065,26.756671920951668
3247,8.0,0.04,0.0016635340505883206,0.15579679976968658,0.9999999999999065,27.83460263665211
3248,8.0,0.03,0.0015951189695612958,0.15731923681657523,0.9999999999999065,28.747754819386135
3249,8.0,0.04,0.0024099275482699083,0.15717901332886505,0.9999999999999065,26.666099265922732
