Scenario,Controller,n,rmse_mean,rmse_sd,p95_mean,max_mean,effort_mean,sat_mean,residual_rms,gate_mean,gate_p95_mean,alpha_mean,alpha_p95_mean
nominal,LQR-outer,100,0.009633467061551123,4.154659826928672e-05,0.012674180186817787,0.012830776771363713,0.46131305517180765,0.0,0.0,0.0,0.0,0.0,0.0
nominal,CurrentOnly-AE-CeNN-494,100,0.009732446653220246,0.00031363236245799623,0.01265732165972043,0.013236429313804272,0.4657370084115292,0.0,0.06963296266824066,0.0,0.0,0.0,0.0
nominal,AlwaysOpen-HistorySide,100,0.009748755537830906,0.000311418752330411,0.012711783990346861,0.013281181136740806,0.46578676066872726,0.0,0.0700094477946264,0.1614083712367239,0.16340750533321097,1.0,1.0
nominal,EventDetected-GatedHistory,100,0.009731359838519235,0.00031384810693107725,0.012659946549508442,0.013238228903315153,0.4657410370192099,0.0,0.06962875152658878,0.0029313472889823528,0.012152615801851993,0.01815637566362894,0.07537709314946539
nominal,DetectorShuffled-GatedHistory,100,0.009731039941548914,0.0003139319299259767,0.012657932828544603,0.013233697951588083,0.4657398830862053,0.0,0.06963416248544767,0.002931420577165367,0.012184426562806517,0.01815957059930647,0.07545947637947015
wind3,LQR-outer,100,0.141121073333252,0.008132163509659979,0.17204051802491258,0.1773365747786374,1.0841982997326935,0.0,0.0,0.0,0.0,0.0,0.0
wind3,CurrentOnly-AE-CeNN-494,100,0.11986402608974844,0.011389743084857233,0.15322632848919393,0.15895584619213213,1.0835871139118143,0.0,0.25435144359310385,0.0,0.0,0.0,0.0
wind3,AlwaysOpen-HistorySide,100,0.11923441354533201,0.011416352387557737,0.15261945133646895,0.15835323506317486,1.0833287917049739,0.0,0.25722099593246645,0.161956684420396,0.16387141413293219,1.0,1.0
wind3,EventDetected-GatedHistory,100,0.1192344275282871,0.011416353048997364,0.15261945481859965,0.15835323455549377,1.083328458270961,0.0,0.25722097462124954,0.16195668365373198,0.16387141367240177,0.9999999999997216,0.9999999999999065
wind3,DetectorShuffled-GatedHistory,100,0.11923442209345902,0.011416359453331052,0.1526194582531717,0.15835322700246257,1.083328500868092,0.0,0.2572209825050464,0.1619566835945406,0.16387141377694994,0.9999999999997216,0.9999999999999065
force_step,LQR-outer,100,0.09815482584475463,0.0027672658708481407,0.18379428989080712,0.18818954424261267,0.87656394691794,0.0,0.0,0.0,0.0,0.0,0.0
force_step,CurrentOnly-AE-CeNN-494,100,0.08783448175234082,0.00473333878944993,0.1670396265936105,0.17184471615419813,0.8718566451033464,0.0,0.18516183706642017,0.0,0.0,0.0,0.0
force_step,AlwaysOpen-HistorySide,100,0.08751571728330473,0.004755312389937268,0.1665802769948432,0.17129915324870867,0.8716721065122864,0.0,0.18667803257198806,0.1617210651466291,0.163938974030484,1.0,1.0
force_step,EventDetected-GatedHistory,100,0.08751851753139903,0.004753238759889109,0.16658379694373274,0.17130105521710967,0.8717098367224585,0.0,0.18660496301851454,0.10559926232809955,0.16381094328366316,0.6523230220222396,0.9999999999999065
force_step,DetectorShuffled-GatedHistory,100,0.08751860815307223,0.004753279970358388,0.16658367394346826,0.17130114044136976,0.8717136291626911,0.0,0.18660777669599934,0.10559201257449662,0.16380921300250478,0.6522776989682169,0.9999999999999065
model20,LQR-outer,100,0.01919628215998066,0.0075354222108852025,0.0258873327407708,0.02662120576779041,0.48938696129146025,0.0,0.0,0.0,0.0,0.0,0.0
model20,CurrentOnly-AE-CeNN-494,100,0.014632412874875262,0.00467881236169142,0.020096910259667533,0.02102430319920392,0.49206936291548686,0.0,0.0877371113638831,0.0,0.0,0.0,0.0
model20,AlwaysOpen-HistorySide,100,0.014574228060994652,0.004613170780962372,0.020024010117067063,0.02093366308773894,0.4920855712633471,0.0,0.0883470973174492,0.1614408803826949,0.16344275524652338,1.0,1.0
model20,EventDetected-GatedHistory,100,0.014602552900613798,0.004639823889482004,0.020054600115557552,0.02097931072224083,0.4920532655514938,0.0,0.08788589757212348,0.03161442229010269,0.09129774727544289,0.1958035508408759,0.5651345800773397
model20,DetectorShuffled-GatedHistory,100,0.014620781238199399,0.004668941512652184,0.02008548809154806,0.021006831920839374,0.49206971826758034,0.0,0.08781860928132593,0.03172886128213168,0.09142555179681415,0.19654648367219618,0.5656012051076281
latency40,LQR-outer,100,0.01295294992490082,4.3852865458142936e-05,0.01709375745929663,0.017270061770871054,0.4630322349739787,0.0,0.0,0.0,0.0,0.0,0.0
latency40,CurrentOnly-AE-CeNN-494,100,0.011831165674624278,0.0003207170535575271,0.015316050855741434,0.015958153564704796,0.46636595563201305,0.0,0.0715441775990028,0.0,0.0,0.0,0.0
latency40,AlwaysOpen-HistorySide,100,0.011829586372994284,0.0003221226826696875,0.01532517759971326,0.01596931843897296,0.4664426994146036,0.0,0.07220575920149568,0.16139647134344642,0.16335702601885743,1.0,1.0
latency40,EventDetected-GatedHistory,100,0.011830160112312138,0.00032054255842655337,0.015316039411086684,0.01595718352551387,0.466373307556925,0.0,0.07154684635541116,0.003808706652164294,0.01722068958373702,0.023587194725398376,0.1066594027554352
latency40,DetectorShuffled-GatedHistory,100,0.01183057434584589,0.0003209464189793784,0.015316279573393946,0.01595986335378828,0.466370709385549,0.0,0.07154863974570767,0.0038065996718480233,0.01723541693908297,0.023587627021584304,0.10667624616445477
payload50,LQR-outer,100,0.047955435940644706,0.005498988297297149,0.061902791025544454,0.06438013225326107,1.0184482562483026,0.0,0.0,0.0,0.0,0.0,0.0
payload50,CurrentOnly-AE-CeNN-494,100,0.0332291916090497,0.004358145874850913,0.044213118332431536,0.045519696263420686,1.0003789929764182,0.0,0.15746659076801842,0.0,0.0,0.0,0.0
payload50,AlwaysOpen-HistorySide,100,0.032964074476031134,0.004325791314137702,0.04396411731515212,0.045273660523919707,0.9999279361281984,0.0,0.15891189795055913,0.16168731089892396,0.16373175410246488,1.0,1.0
payload50,EventDetected-GatedHistory,100,0.03296601148529224,0.004325328813038174,0.043969415857985,0.04527863902597638,0.9999261409062007,0.0,0.1589081279089636,0.16091639095201804,0.16365429981992044,0.995233523188776,0.9999998447970273
payload50,DetectorShuffled-GatedHistory,100,0.03296616201551867,0.004326192555086536,0.04396842428796846,0.045277670104032594,0.9999265220726226,0.0,0.15890755711149,0.16091769335305828,0.16365513645129368,0.9952430752713919,0.999999844619778
rotoreff30,LQR-outer,100,0.04841933096738929,0.022300283901656014,0.0702083379845616,0.07243298224672227,0.9574979076714197,0.0,0.0,0.0,0.0,0.0,0.0
rotoreff30,CurrentOnly-AE-CeNN-494,100,0.03922891956382431,0.02019902693412961,0.057462001701841216,0.05967266622686667,0.9491760269541119,0.0,0.14088393380624237,0.0,0.0,0.0,0.0
rotoreff30,AlwaysOpen-HistorySide,100,0.039016867821074074,0.020129344861838806,0.05722405098787326,0.05941257087111164,0.9489538820743507,0.0,0.1420403114385316,0.16164438696145134,0.1641590196125952,1.0,1.0
rotoreff30,EventDetected-GatedHistory,100,0.03902202327585444,0.020124247760441142,0.05722186369593647,0.05941338989370895,0.9489484552572841,0.0,0.14196175393441002,0.1441458170998099,0.16365095748311898,0.8916815568236948,0.9997361090553373
rotoreff30,DetectorShuffled-GatedHistory,100,0.039037558281474455,0.020140687074200442,0.05724075883065487,0.05943566115674833,0.9489757105157764,0.0,0.14191217940649692,0.1441298978275371,0.16364004613298383,0.8916675920517485,0.9997360302344996
compound,LQR-outer,100,0.12204621117405093,0.01771115009799214,0.18668084488033643,0.19597289263493067,1.3380777199422165,0.0,0.0,0.0,0.0,0.0,0.0
compound,CurrentOnly-AE-CeNN-494,100,0.10963096089099247,0.01911311810516619,0.174779231629694,0.18410771308783452,1.3336861114309315,0.0,0.21937849472164395,0.0,0.0,0.0,0.0
compound,AlwaysOpen-HistorySide,100,0.10917320722724458,0.01911943611871919,0.17427586559177186,0.18360971509954602,1.3333925921821506,0.0,0.22144383862020067,0.16194540382457684,0.16443635919473099,1.0,1.0
compound,EventDetected-GatedHistory,100,0.10917323741548828,0.01911940674143568,0.17427586897817535,0.1836097188563373,1.3333921907402868,0.0,0.22144377825689587,0.16193798920147362,0.1644359359228488,0.9999541797336426,0.9999999999999065
compound,DetectorShuffled-GatedHistory,100,0.10917325392599121,0.019119449440006396,0.17427587577746426,0.18360976180331845,1.3333919270863046,0.0,0.22144371342454403,0.16193803575024623,0.16443536991278798,0.9999542398228644,0.9999999999999065
