scenario,mode,seed,rmse_m,p95_m,max_m,K_active_pct,K_infeasible_pct,K_set_invalid_pct,plant_step_p50_us,plant_step_p99_us
force_step,Current,7000,0.1359782067973109,0.2067330675097033,0.2101333628157513,0.0,0.0,0.0,1223.738,1641.93327
force_step,I,7000,0.1355050864537477,0.2062898554659187,0.209640419277759,0.0,0.0,0.0,1219.66,1692.0827899999997
force_step,K,7000,0.1355050864537477,0.2062898554659187,0.209640419277759,0.0,0.0,0.0,1212.4125,2079.9581699999994
force_step,Current,7001,0.2055957324096366,0.3371634542904858,0.3430146057837204,0.0,0.0,0.0,1357.5805,3903.58136
force_step,I,7001,0.2054516832426094,0.3372039768842071,0.3430674422612798,0.0,0.0,0.0,1247.478,3896.69985
force_step,K,7001,0.2054516832426094,0.3372039768842071,0.3430674422612798,0.0,0.0,0.0,1202.359,1878.9140899999995
force_step,Current,7002,0.1345662448795805,0.2019410518570183,0.2030757894022153,0.0,0.0,0.0,1248.6765,1935.956379999997
force_step,I,7002,0.1343896121988452,0.2018359422538087,0.2029380774558035,0.0,0.0,0.0,1258.1995,3444.23732
force_step,K,7002,0.1343896121988452,0.2018359422538087,0.2029380774558035,0.0,0.0,0.0,1222.1225,1993.0948399999995
force_step,Current,7003,0.1752426436031629,0.2782419992879515,0.2828753125755221,0.0,0.0,0.0,1277.825,3194.2789
force_step,I,7003,0.1748241630057291,0.2779675970502069,0.2825802862335023,0.0,0.0,0.0,1220.4935,2915.645209999996
force_step,K,7003,0.1748241630057291,0.2779675970502069,0.2825802862335023,0.0,0.0,0.0,1182.9075,1703.0071599999994
force_step,Current,7004,0.0852613042253137,0.1124722764086524,0.1205183769229915,0.0,0.0,0.0,1215.0475,1536.7182299999995
force_step,I,7004,0.0848341549228262,0.1120381873069143,0.1201320035245342,0.0,0.0,0.0,1207.5405,1725.3618899999988
force_step,K,7004,0.0848341549228262,0.1120381873069143,0.1201320035245342,0.0,0.0,0.0,1205.644,2419.436809999999
latency40,Current,7000,0.1059410427044663,0.1385117986688479,0.1394387435156436,0.0,0.0,0.0,1248.1445,3334.31668
latency40,I,7000,0.1056118414304581,0.1382295542390839,0.139172084341357,0.0,0.0,0.0,1209.126,1575.0067799999997
latency40,K,7000,0.1056118414304581,0.1382295542390839,0.139172084341357,0.0,0.0,0.0,1195.6895,1757.7000499999986
latency40,Current,7001,0.1063343156985026,0.1345761978933337,0.1350156312628475,0.0,0.0,0.0,1222.8165,1922.380199999999
latency40,I,7001,0.106016248189101,0.1343603786826996,0.1348289118455016,0.0,0.0,0.0,1212.8585,2060.1292899999903
latency40,K,7001,0.106016248189101,0.1343603786826996,0.1348289118455016,0.0,0.0,0.0,1176.926,1663.6491999999987
latency40,Current,7002,0.1036715222467655,0.130877665935218,0.1313522525896556,0.0,0.0,0.0,1207.521,1664.7739799999997
latency40,I,7002,0.1033732674866673,0.1307631247661645,0.1312054400223549,0.0,0.0,0.0,1193.362,1507.44332
latency40,K,7002,0.1033732674866673,0.1307631247661645,0.1312054400223549,0.0,0.0,0.0,1176.07,1717.67029
latency40,Current,7003,0.1049866974101694,0.1346338240266552,0.1359980088678415,0.0,0.0,0.0,1209.7135,1639.7873599999998
latency40,I,7003,0.1046411020163226,0.134393972385576,0.135770745100988,0.0,0.0,0.0,1233.9955,2024.20093
latency40,K,7003,0.1046411020163226,0.134393972385576,0.135770745100988,0.0,0.0,0.0,1192.322,1671.0049299999998
latency40,Current,7004,0.1075692009630607,0.1348414409858732,0.1354096175454757,0.0,0.0,0.0,1229.9205,1725.59301
latency40,I,7004,0.1072533185854304,0.1345410151284822,0.1350868010757718,0.0,0.0,0.0,1227.152,1878.1038999999955
latency40,K,7004,0.1072533185854304,0.1345410151284822,0.1350868010757718,0.0,0.0,0.0,1199.6685,1830.19141
model20,Current,7000,0.1242889339234959,0.1617738366095824,0.1627597087821869,0.0,0.0,0.0,1298.901,3748.2904399999993
model20,I,7000,0.1239597019958442,0.1615200076012584,0.162510716535963,0.0,0.0,0.0,1243.9575,3539.028159999999
model20,K,7000,0.1239597019958442,0.1615200076012584,0.162510716535963,0.0,0.0,0.0,1188.8585,3424.33068
model20,Current,7001,0.0779148092541341,0.103960673891355,0.1045898642490852,0.0,0.0,0.0,1214.093,1544.06687
model20,I,7001,0.077571702162623,0.103760057950497,0.104376971532002,0.0,0.0,0.0,1220.434,1804.1858
model20,K,7001,0.077571702162623,0.103760057950497,0.104376971532002,0.0,0.0,0.0,1188.145,1851.00379
model20,Current,7002,0.1217437832555001,0.1564536313125576,0.1567465869499552,0.0,0.0,0.0,1219.1205,1665.4338899999975
model20,I,7002,0.1214572940716712,0.1561778303177179,0.156467080100949,0.0,0.0,0.0,1204.7395,1471.53222
model20,K,7002,0.1214572940716712,0.1561778303177179,0.156467080100949,0.0,0.0,0.0,1192.5315,1584.25692
model20,Current,7003,0.1465057084610231,0.1842444947138361,0.1844171895445372,0.0,0.0,0.0,1209.5925,1552.2846100000002
model20,I,7003,0.1461636488446802,0.184044265470175,0.1841997379759648,0.0,0.0,0.0,1210.1985,1734.7492199999988
model20,K,7003,0.1461636488446802,0.184044265470175,0.1841997379759648,0.0,0.0,0.0,1179.4485,1733.4313599999978
model20,Current,7004,0.0860115273659942,0.1076361459559961,0.1081589612308381,0.0,0.0,0.0,1198.2545,1555.9183399999977
model20,I,7004,0.0856603213695417,0.1072717343708066,0.1078117441263726,0.0,0.0,0.0,1187.619,1404.6536
model20,K,7004,0.0856603213695417,0.1072717343708066,0.1078117441263726,0.0,0.0,0.0,1175.0355,1538.5870699999996
nominal,Current,7000,0.1083175470195775,0.1422455364286766,0.143198207212078,0.0,0.0,0.0,1230.1355,2098.7816599999965
nominal,I,7000,0.1079871655423144,0.1420104088075881,0.1429356282362979,0.0,0.0,0.0,1210.9445,1999.3114099999996
nominal,K,7000,0.1079871655423144,0.1420104088075881,0.1429356282362979,0.0,0.0,0.0,1188.7315,1606.43423
nominal,Current,7001,0.1087889225501395,0.1386384269386911,0.1391011240466829,0.0,0.0,0.0,1291.1205,3503.0327
nominal,I,7001,0.1084423904441115,0.1384432919795334,0.1389039500045932,0.0,0.0,0.0,1216.1135,2356.9465
nominal,K,7001,0.1084423904441115,0.1384432919795334,0.1389039500045932,0.0,0.0,0.0,1198.49,3554.78187
nominal,Current,7002,0.1064424690911753,0.1348647084607749,0.1354124966632739,0.0,0.0,0.0,1241.917,3597.2858699999965
nominal,I,7002,0.1061300849212786,0.1346813033973603,0.1352488002864072,0.0,0.0,0.0,1219.5095,1812.80315
nominal,K,7002,0.1061300849212786,0.1346813033973603,0.1352488002864072,0.0,0.0,0.0,1244.224,3366.18821
nominal,Current,7003,0.1075066744574877,0.1381289901494296,0.1393268857999377,0.0,0.0,0.0,1237.3455,3350.47756
nominal,I,7003,0.1071493356252678,0.13790402638128,0.139115816732196,0.0,0.0,0.0,1250.997,3339.80321
nominal,K,7003,0.1071493356252678,0.13790402638128,0.139115816732196,0.0,0.0,0.0,1220.704,3455.90556
nominal,Current,7004,0.1099862269119373,0.1383097922058029,0.1387639125327794,0.0,0.0,0.0,1227.267,1572.8744
nominal,I,7004,0.1096527235540721,0.1380014450640956,0.138454937231391,0.0,0.0,0.0,1222.607,3437.05571
nominal,K,7004,0.1096527235540721,0.1380014450640956,0.138454937231391,0.0,0.0,0.0,1195.541,4444.331239999995
payload50,Current,7000,0.0756091087661299,0.1010072916551776,0.1018706990395209,0.0,0.0,0.0,1239.2035,1774.75511
payload50,I,7000,0.0752789916711858,0.1006915596713532,0.1015675794401158,0.0,0.0,0.0,1227.5095,2622.07552
payload50,K,7000,0.0752789916711858,0.1006915596713532,0.1015675794401158,0.0,0.0,0.0,1185.695,2061.21922
payload50,Current,7001,0.0702376728911534,0.0903773847565535,0.0905675589426719,0.0,0.0,0.0,1243.478,2507.954159999998
payload50,I,7001,0.0698979033384758,0.0901577125457058,0.0903452639905356,0.0,0.0,0.0,1231.153,3370.24217
payload50,K,7001,0.0698979033384758,0.0901577125457058,0.0903452639905356,0.0,0.0,0.0,1195.0435,1632.0307699999998
payload50,Current,7002,0.0737752219796147,0.0934070327485369,0.0938381999911364,0.0,0.0,0.0,1216.1015,1521.1704399999994
payload50,I,7002,0.0734615687059373,0.0932218571123088,0.0936879669967562,0.0,0.0,0.0,1229.13,1617.6831499999996
payload50,K,7002,0.0734615687059373,0.0932218571123088,0.0936879669967562,0.0,0.0,0.0,1216.8425,1818.17182
payload50,Current,7003,0.0762378847566642,0.0995103653469239,0.1008027452488765,0.0,0.0,0.0,1296.17,3417.185349999999
payload50,I,7003,0.0758638731487285,0.0992413920931207,0.1005449113081796,0.0,0.0,0.0,1221.3765,2437.7347199999926
payload50,K,7003,0.0758638731487285,0.0992413920931207,0.1005449113081796,0.0,0.0,0.0,1198.258,3393.73997
payload50,Current,7004,0.0737476819546253,0.0926820904894563,0.0933883918764528,0.0,0.0,0.0,1237.3665,3419.08582
payload50,I,7004,0.0734050789007511,0.092334593866582,0.0930402037965271,0.0,0.0,0.0,1222.81,1980.4269299999992
payload50,K,7004,0.0734050789007511,0.092334593866582,0.0930402037965271,0.0,0.0,0.0,1196.023,1977.8772099999987
rotoreff30,Current,7000,0.1636249743839947,0.2305315979159694,0.2313487011207337,0.0,0.0,0.0,1235.2,2463.1099599999966
rotoreff30,I,7000,0.1634200905559387,0.2302913553953138,0.2311215934865345,0.0,0.0,0.0,1210.3065,1996.469389999998
rotoreff30,K,7000,0.1634200905559387,0.2302913553953138,0.2311215934865345,0.0,0.0,0.0,1173.2,1668.8040399999995
rotoreff30,Current,7001,0.1174250327619247,0.1423319228329682,0.1432823815443272,0.0,0.0,0.0,1268.1825,3663.9298599999975
rotoreff30,I,7001,0.1167784532601569,0.1416616981843125,0.1425895344303908,0.0,0.0,0.0,1293.528,3735.43269
rotoreff30,K,7001,0.1167784532601569,0.1416616981843125,0.1425895344303908,0.0,0.0,0.0,1195.9255,3382.55527
rotoreff30,Current,7002,0.234975452234277,0.2592957352048773,0.2596932669811931,0.0,0.0,0.0,1197.656,2957.997069999997
rotoreff30,I,7002,0.234847656204522,0.2591508466273395,0.2595289344144108,0.0,0.0,0.0,1181.1035,1450.9548599999998
rotoreff30,K,7002,0.234847656204522,0.2591508466273395,0.2595289344144108,0.0,0.0,0.0,1170.487,1632.3259499999992
rotoreff30,Current,7003,0.2331112476985102,0.3015321785708768,0.3034984494195391,0.0,0.0,0.0,1259.1285,3435.5722
rotoreff30,I,7003,0.232857492815014,0.3012823095031658,0.3032511851750464,0.0,0.0,0.0,1227.5,2090.980239999999
rotoreff30,K,7003,0.232857492815014,0.3012823095031658,0.3032511851750464,0.0,0.0,0.0,1200.5935,2158.132099999999
rotoreff30,Current,7004,0.131477135656386,0.1781620008727284,0.186308964862153,0.0,0.0,0.0,1226.6285,1801.49939
rotoreff30,I,7004,0.1305839288514065,0.1774699872968629,0.1857656943138096,0.0,0.0,0.0,1211.213,1726.11639
rotoreff30,K,7004,0.1305839288514065,0.1774699872968629,0.1857656943138096,0.0,0.0,0.0,1182.698,1862.5142399999977
wind3,Current,7000,0.8277667302417568,1.279667081667767,1.285568917168395,0.0,0.0,0.0,1299.72,2408.98556
wind3,I,7000,0.8277667302417568,1.279667081667767,1.285568917168395,0.0,0.0,0.0,1227.862,3358.8143199999995
wind3,K,7000,0.8552056445008726,1.3880601185395125,1.3918043515405831,28.65731462925852,21.8436873747495,40.08016032064128,1246.367,3442.28115
wind3,Current,7001,0.7183953635958424,0.8724782058728827,0.8743822325486893,0.0,0.0,0.0,1261.6755,2896.446699999995
wind3,I,7001,0.7183957264975463,0.8724782209791778,0.8743822483647307,0.0,0.0,0.0,1231.776,2494.5903599999983
wind3,K,7001,0.7183957264975463,0.8724782209791778,0.8743822483647307,0.0,0.0,38.07615230460922,1207.99,1933.947479999998
wind3,Current,7002,0.7996128293189806,0.9321814396650469,0.9404952388937762,0.0,0.0,0.0,1227.4605,1765.09473
wind3,I,7002,0.7996128293189806,0.9321814396650469,0.9404952388937762,0.0,0.0,0.0,1233.732,3378.203619999999
wind3,K,7002,0.805289490732063,0.9344181940287456,0.9427246611804464,13.026052104208416,7.8156312625250495,90.5811623246493,1227.4005,2915.3308499999994
wind3,Current,7003,1.1993592997406748,1.460286463412832,1.4646173746325564,0.0,0.0,0.0,1303.1225,3286.608889999999
wind3,I,7003,1.1993592997406748,1.460286463412832,1.4646173746325564,0.0,0.0,0.0,1248.6565,3334.44412
wind3,K,7003,1.359320431129314,1.7842423946544854,1.7900735922919149,68.93787575150301,62.925851703406806,84.5691382765531,1252.0785,3659.54313
wind3,Current,7004,0.901402695793762,1.0154166649543466,1.0174638179929392,0.0,0.0,0.0,1278.8655,3418.60097
wind3,I,7004,0.901402695793762,1.0154166649543466,1.0174638179929392,0.0,0.0,0.0,1231.0695,3478.4972999999995
wind3,K,7004,0.901402695793762,1.0154166649543466,1.0174638179929392,0.0,0.0,81.76352705410822,1233.981,3643.29267
