Scenario,Controller,n,rmse_mean,rmse_sd,p95_mean,max_mean,effort_mean,sat_mean,residual_rms,gate_mean,gate_p95_mean
nominal,LQR-outer,100,0.009636274899902625,5.2570362702458474e-05,0.012675711810871801,0.012865224511611026,0.461180180788071,0.0,0.0,0.0,0.0
nominal,LMPC-H40-surrogate,100,0.011788337215721614,0.0005907441228254209,0.016075715436110343,0.01818504763664141,0.46464763634693784,0.0,0.0,0.0,0.0
nominal,CurrentOnly-AE-CeNN-494,100,0.009681636956857956,0.0003398748950437619,0.01255277867109119,0.013226020090967383,0.46524289191317725,0.0,0.06800142246481639,0.0,0.0
nominal,DirectConcatLag10-AE-CeNN-496,100,0.00975703626415474,0.0003195881701151224,0.013147703200356537,0.014006374529263534,0.4694860376651541,0.0,0.09228574282798073,0.0,0.0
nominal,DualBranch-MatchedCurrentSide,100,0.009660203682388964,0.00032030302084116075,0.012496702720263753,0.013151221187516748,0.465000160031182,0.0,0.0661020185582484,0.056161388108581706,0.06836384477912674
nominal,DualBranch-GatedHistory,100,0.009693938882454494,0.00033845325915680285,0.012574460932470964,0.013221814476789152,0.4652239760886079,0.0,0.06787423264411323,0.049245378113534015,0.04993084807586235
nominal,DualBranch-ShuffledHistory,100,0.009693029043193779,0.0003369781118322903,0.012569774546898,0.013214078624854074,0.4652102527356749,0.0,0.06780300021923996,0.04924279548550043,0.04992172424249513
wind3,LQR-outer,100,0.14068022278861178,0.008329184046748537,0.17250651495199165,0.17864177099637335,1.1062304554075417,0.0,0.0,0.0,0.0
wind3,LMPC-H40-surrogate,100,0.31495032322311484,0.020242882253984858,0.39630684524487664,0.40423955789843324,1.1366628682635267,0.0,0.0,0.0,0.0
wind3,CurrentOnly-AE-CeNN-494,100,0.12048356990474353,0.011270280983158234,0.15498414747409248,0.16103625839868513,1.1058168611205526,0.0,0.2512942025622318,0.0,0.0
wind3,DirectConcatLag10-AE-CeNN-496,100,0.1293483682288044,0.011569689711270158,0.16654870571882235,0.1727594498157217,1.1129732725939845,0.0,0.2224114526135241,0.0,0.0
wind3,DualBranch-MatchedCurrentSide,100,0.12086109233835841,0.011258706733101862,0.15542081919111764,0.16148220855814266,1.105647692146248,0.0,0.24935668165420746,0.05485477788500582,0.06565894275947712
wind3,DualBranch-GatedHistory,100,0.12029894242514425,0.011268739858042932,0.1547826762342016,0.1608291970085892,1.1056307227166058,0.0,0.2520356657412241,0.04973788185290747,0.050894564448351
wind3,DualBranch-ShuffledHistory,100,0.1205939604975938,0.011258237652343238,0.15507554054336384,0.1611413984042436,1.105793367507726,0.0,0.2507667449010823,0.049709442595853456,0.05081753499659907
force_step,LQR-outer,100,0.09902151468769549,0.0028844312315623156,0.1847878521363774,0.1889626694711247,0.858373414323512,0.0,0.0,0.0,0.0
force_step,LMPC-H40-surrogate,100,0.22965743327947538,0.007117397225907355,0.4313648393550149,0.4523552716984436,0.8972634477024833,0.0,0.0,0.0,0.0
force_step,CurrentOnly-AE-CeNN-494,100,0.08851797198907758,0.004270892775527842,0.1675265588576328,0.17238644709673387,0.8541614911038862,0.0,0.1859725535664834,0.0,0.0
force_step,DirectConcatLag10-AE-CeNN-496,100,0.09688289199750047,0.00425022152039257,0.18419727694467064,0.18973674215425457,0.8597171791093575,0.0,0.16800043688247915,0.0,0.0
force_step,DualBranch-MatchedCurrentSide,100,0.0887948793368727,0.004252632461315113,0.16809713256583925,0.1729428549620084,0.8539710788258796,0.0,0.1839862660983086,0.055552992733476046,0.06765833685468943
force_step,DualBranch-GatedHistory,100,0.08840685083324386,0.004272329913761634,0.1673564389777021,0.17219756784487072,0.8540005174192287,0.0,0.1864296718105647,0.04950135256395522,0.05089155206592082
force_step,DualBranch-ShuffledHistory,100,0.08856173810210262,0.004273120225981031,0.16759061756857144,0.17245885759836302,0.8541125527517687,0.0,0.18574725428923966,0.049482773100198274,0.050814390601123624
model20,LQR-outer,100,0.019344846714932827,0.0072374978555861235,0.026083572145736086,0.026878848595185443,0.46989439221357526,0.0,0.0,0.0,0.0
model20,LMPC-H40-surrogate,100,0.0429555644958371,0.019026294048730633,0.05836316607604993,0.060449831651064746,0.4767209926797787,0.0,0.0,0.0,0.0
model20,CurrentOnly-AE-CeNN-494,100,0.014677733940899815,0.004608545086074316,0.020067735374826406,0.02097783720410423,0.47299390295451327,0.0,0.08528188488944549,0.0,0.0
model20,DirectConcatLag10-AE-CeNN-496,100,0.01618805304505133,0.005625721891038966,0.02240623777251234,0.02336756358135808,0.4775797875409495,0.0,0.10126903826960844,0.0,0.0
model20,DualBranch-MatchedCurrentSide,100,0.014722944371824363,0.004646956987089699,0.02012589848252278,0.021028728669705243,0.47278546060969623,0.0,0.08364718252852901,0.05610395708982303,0.06815746627868696
model20,DualBranch-GatedHistory,100,0.014672611687066614,0.004599267122523038,0.020063419844568407,0.02096053858613828,0.4729696858909066,0.0,0.08522140677544311,0.04926325145625878,0.04997872531352751
model20,DualBranch-ShuffledHistory,100,0.01470216049758283,0.004628197278622537,0.020103469471029173,0.020996275473787414,0.47297127451708315,0.0,0.08506280586021805,0.049260620993400846,0.049974728113575236
latency40,LQR-outer,100,0.012946672242980796,5.054851207230332e-05,0.017093796909429755,0.017272892815156846,0.4631972574590539,0.0,0.0,0.0,0.0
latency40,LMPC-H40-surrogate,100,0.020979794320951543,0.0006392199645793788,0.02819332002411766,0.02964246678068779,0.4741704663829491,0.0,0.0,0.0,0.0
latency40,CurrentOnly-AE-CeNN-494,100,0.011789980195457421,0.0003076844343631175,0.015130056845260389,0.015842401320253142,0.4663442997870904,0.0,0.06996288498132314,0.0,0.0
latency40,DirectConcatLag10-AE-CeNN-496,100,0.012192753039686872,0.00038568678174409984,0.016513339168183195,0.01738569346469946,0.47107815389865126,0.0,0.09430680009048238,0.0,0.0
latency40,DualBranch-MatchedCurrentSide,100,0.011777309287643685,0.0002875693118172931,0.015070479419738596,0.015770080749107053,0.46608601484190815,0.0,0.06815812545070235,0.0561741062482964,0.06820170779268413
latency40,DualBranch-GatedHistory,100,0.011800516671748728,0.00030595884330151255,0.015165577574899423,0.015851767365412953,0.46633496005976854,0.0,0.06992868161867352,0.04924897728478811,0.049929168658424346
latency40,DualBranch-ShuffledHistory,100,0.011798975099403378,0.00030500335680942064,0.015163268075872316,0.01585144527867808,0.46631042906209447,0.0,0.06980528626085833,0.04924676952626205,0.04992393152342823
payload50,LQR-outer,100,0.04890296951668672,0.005642274285358213,0.06330775251289522,0.06566398362796125,1.0311500166430074,0.0,0.0,0.0,0.0
payload50,LMPC-H40-surrogate,100,0.13284571445777346,0.014952745897322154,0.16826120070344416,0.18521004504242197,1.117301726117765,0.0,0.0,0.0,0.0
payload50,CurrentOnly-AE-CeNN-494,100,0.033771648607622794,0.004484966143291757,0.04519278494809014,0.04653496096542546,1.0119838102747292,0.0,0.1592676581520295,0.0,0.0
payload50,DirectConcatLag10-AE-CeNN-496,100,0.0391522095350398,0.005235867579993753,0.0508945234911606,0.05229457180687579,1.0239499971405024,0.0,0.14417073500273456,0.0,0.0
payload50,DualBranch-MatchedCurrentSide,100,0.03398534801763759,0.004507712530659816,0.04555447092604804,0.04690846091082476,1.012198847585531,0.0,0.15776985881564295,0.055428310775176064,0.06693818455726788
payload50,DualBranch-GatedHistory,100,0.033697591033700916,0.004476533989969747,0.04506679794579904,0.04640738046868575,1.0118199966597126,0.0,0.15948879204520014,0.049340761309350445,0.050235795393756784
payload50,DualBranch-ShuffledHistory,100,0.03369652338325317,0.00448513264941888,0.04506259907459802,0.04640413400790546,1.0118109573879663,0.0,0.15946631331642885,0.04933939878392338,0.05023143876950391
rotoreff30,LQR-outer,100,0.04518392040341716,0.01788032206087674,0.06476165885543439,0.06683805935484059,0.9092036942295643,0.0,0.0,0.0,0.0
rotoreff30,LMPC-H40-surrogate,100,0.12036550202389457,0.049158345538588506,0.1743353518541622,0.18362137612785903,0.980782890580484,0.0,0.0,0.0,0.0
rotoreff30,CurrentOnly-AE-CeNN-494,100,0.035889148310329105,0.01601317298159136,0.05213464027677007,0.05393053563429578,0.9014483912724959,0.0,0.13696664701244163,0.0,0.0
rotoreff30,DirectConcatLag10-AE-CeNN-496,100,0.041940667417561556,0.018657812498803907,0.05997517990935994,0.06236142019393972,0.9216477587006522,0.0,0.15024687664344843,0.0,0.0
rotoreff30,DualBranch-MatchedCurrentSide,100,0.036045770699345975,0.016095869138027658,0.05236998843470873,0.05414667599235609,0.9014631553462897,0.0,0.13524984562731207,0.056746995382520676,0.07106132473236586
rotoreff30,DualBranch-GatedHistory,100,0.03581736348545386,0.015990196249678446,0.052036462697823735,0.05381686910609154,0.9013074940440837,0.0,0.1371211219682385,0.04936419602591377,0.05034470868705024
rotoreff30,DualBranch-ShuffledHistory,100,0.03586456564971464,0.016014479199167802,0.05208962233898475,0.053889610998243714,0.9013257045758398,0.0,0.13694705528596335,0.049360320647680395,0.05032447951353045
compound,LQR-outer,100,0.12140242950039898,0.01736165422236299,0.1859328430353662,0.19593567758932615,1.3289211108468006,0.0,0.0,0.0,0.0
compound,LMPC-H40-surrogate,100,0.27857334225605074,0.04459945650184928,0.41828341480432735,0.43138869063023805,1.3932839946141544,0.0,0.0,0.0,0.0
compound,CurrentOnly-AE-CeNN-494,100,0.1091834714141104,0.019005903253479145,0.17463502285827415,0.1846446704396355,1.3259970866289947,0.0,0.2188263269459155,0.0,0.0
compound,DirectConcatLag10-AE-CeNN-496,100,0.11950392025502854,0.01967906072018884,0.19041821304423265,0.2016561099348655,1.3404070986640806,0.0,0.20352478212724287,0.0,0.0
compound,DualBranch-MatchedCurrentSide,100,0.10947233284060111,0.01903578467908055,0.17510238852420604,0.18513502789057246,1.325819418786364,0.0,0.2169732891277169,0.05621486608563862,0.07045991078764709
compound,DualBranch-GatedHistory,100,0.10900556664226203,0.018998085753084586,0.17441435289807916,0.18441370200163434,1.3257224946566897,0.0,0.21947062525464595,0.04959557455956074,0.0509302206691516
compound,DualBranch-ShuffledHistory,100,0.10924421220389269,0.0190002637416224,0.1747164788964456,0.1847266736035284,1.3258947106522765,0.0,0.21851854406932877,0.04957669454780298,0.05083892270921839
