Scenario,Intensity,Controller,rmse_mean,rmse_sd,p95_error_mean,excursion_pct
wind_int,1.5,LQR-outer,0.06492523570122719,0.004893213440795808,0.0849632153062935,0.0
wind_int,1.5,C: Geo+AE-CeNN,0.06850943630867037,0.005653629840472188,0.09147855513402904,0.0
wind_int,1.5,CapacityMatched-AE-CeNN,0.046575242452933534,0.004280199084987189,0.06366963568435172,0.0
wind_int,1.5,D2-History-AE-CeNN,0.05210925967120266,0.006336492124603482,0.07366377007091995,0.0
wind_int,1.5,History-MLP,0.057917120850574016,0.0060364346690662575,0.07874061238193514,0.0
wind_int,3.0,LQR-outer,0.14049196619588428,0.009313472282715079,0.1739562003576027,0.0
wind_int,3.0,C: Geo+AE-CeNN,0.15357849652906244,0.011784557075958428,0.19453239243590165,0.0
wind_int,3.0,CapacityMatched-AE-CeNN,0.11418590972072039,0.010996193140208417,0.1491057896848545,0.0
wind_int,3.0,D2-History-AE-CeNN,0.12923443816085756,0.012272598281657061,0.1678906665144674,0.0
wind_int,3.0,History-MLP,0.13248513612478266,0.014228985594383643,0.17017270101712104,0.0
wind_int,4.5,LQR-outer,0.23015964504204806,0.010599053174049255,0.26970751628222667,0.0
wind_int,4.5,C: Geo+AE-CeNN,0.2586140934529534,0.01633359207339589,0.3102031100098624,0.0
wind_int,4.5,CapacityMatched-AE-CeNN,0.20878028572541962,0.01637803446952126,0.25650287052871173,0.0
wind_int,4.5,D2-History-AE-CeNN,0.23176767711290772,0.018720374868202227,0.28118136757738826,0.0
wind_int,4.5,History-MLP,0.22655197944085742,0.021088918293711234,0.2745554356455744,0.0
model_int,0.1,LQR-outer,0.013464058907347181,0.004469026831792336,0.01814647470153264,0.0
model_int,0.1,C: Geo+AE-CeNN,0.014271794352138038,0.004748592222259895,0.019556913975083936,0.0
model_int,0.1,CapacityMatched-AE-CeNN,0.011425888826735476,0.0031326905009514436,0.015340546315351273,0.0
model_int,0.1,D2-History-AE-CeNN,0.015384580945529575,0.003025689350590492,0.025396290533369968,0.0
model_int,0.1,History-MLP,0.013492626095664616,0.00402193494674481,0.019371552616040344,0.0
model_int,0.2,LQR-outer,0.018438914512941638,0.008042024892629392,0.024856242295487118,0.0
model_int,0.2,C: Geo+AE-CeNN,0.019823093664341287,0.00901215715167844,0.026918461795114194,0.0
model_int,0.2,CapacityMatched-AE-CeNN,0.014522387939430796,0.005255430454054504,0.01969478812641774,0.0
model_int,0.2,D2-History-AE-CeNN,0.018520387255946534,0.005483678990002806,0.029734405693316465,0.0
model_int,0.2,History-MLP,0.017939792199902656,0.007501295199669699,0.025372694863421762,0.0
model_int,0.3,LQR-outer,0.026134925548114255,0.012365438042250548,0.03518783683258387,0.0
model_int,0.3,C: Geo+AE-CeNN,0.028485730242727138,0.01430256735611469,0.03861100323531467,0.0
model_int,0.3,CapacityMatched-AE-CeNN,0.01974599090547638,0.008452321006958231,0.026814533186119573,0.0
model_int,0.3,D2-History-AE-CeNN,0.02422929598239358,0.009277149726512548,0.038516975916103834,0.0
model_int,0.3,History-MLP,0.025273210897903433,0.011735464819098693,0.03556673457186836,0.0
