Stage,Mean_feature_std,Mean_square,Max_abs,Std_ratio_to_input,Branch
1,0.0806199237704277,0.02801261655986309,0.5107506513595581,0.0812802579562932,D1-current
2,0.0038378259632736444,0.011184554547071457,0.16352024674415588,0.0038692604718222794,D1-current
3,7.475577876903117e-05,0.013726100325584412,0.13655710220336914,7.536808146051916e-05,D1-current
4,1.2764955499733333e-05,0.011897092685103416,0.12565800547599792,1.2869509511983809e-05,D1-current
5,1.648654324526433e-05,0.01663278602063656,0.21723218262195587,1.6621579692862552e-05,D1-current
6,1.8326076315133832e-05,0.01766408234834671,0.21879351139068604,1.8476179839395685e-05,D1-current
7,9.400894668942783e-06,0.014774219132959843,0.1854078322649002,9.477894644101539e-06,D1-current
8,1.6673868231009692e-05,0.009601150639355183,0.14384740591049194,1.6810439002707582e-05,D1-current
9,1.2061455890943762e-05,0.005942790303379297,0.10109186172485352,1.2160247743920192e-05,D1-current
10,1.1931192602787632e-05,0.005732331424951553,0.10265524685382843,1.2028917507318692e-05,D1-current
1,0.24483294785022736,0.09536515921354294,1.1064512729644775,0.24662946989881776,D3-history
2,0.13600216805934906,0.052835073322057724,0.6977152228355408,0.1370001174600326,D3-history
3,0.04284651577472687,0.0306762233376503,0.36174437403678894,0.04316091263581299,D3-history
4,0.006881417240947485,0.024646051228046417,0.34216731786727905,0.006931911334603845,D3-history
5,0.0010672687785699964,0.019164778292179108,0.2830668091773987,0.0010751001260634965,D3-history
6,0.00013267529720906168,0.020012034103274345,0.3139655590057373,0.00013364883487559,D3-history
7,2.843696711352095e-05,0.023750917986035347,0.3515510559082031,2.864563036274071e-05,D3-history
8,2.2179607185535133e-05,0.029386689886450768,0.3817584216594696,2.2342355515315744e-05,D3-history
9,1.9206383512937464e-05,0.02957332320511341,0.35492998361587524,1.9347315081820026e-05,D3-history
10,2.8507725801318884e-05,0.030983541160821915,0.3657798767089844,2.8716908259835737e-05,D3-history
