Scenario,Proposal,Comparator,Comparator_RMSE_m,Proposal_RMSE_m,Absolute_improvement_m,Relative_improvement_pct,CI95_low_m,CI95_high_m,Wilcoxon_p,Holm_adjusted_p
nominal,Geo+D1-10AE-CeNN,Geo+D1-3AE-CeNN,0.015640817278759003,0.015275848033200088,0.0003649692455589137,2.333441015608307,0.0003283980016835051,0.00039970371479556557,4.9610417082651575e-18,1.246899150430691e-16
nominal,Geo+D3-10HistAE-CeNN,Geo+D3-3HistAE-CeNN,0.035027569404348674,0.0264819569938566,0.008545612410492082,24.396818151564762,0.008340298763111426,0.008751062618062105,3.896559845095909e-18,1.246899150430691e-16
nominal,Geo+D1-10AE-CeNN,Geo+AE-CeNN,0.015438780052456419,0.015275848033200088,0.00016293201925632778,1.0553425769570708,0.0001423003726138614,0.00018379829581946746,7.78699366986276e-18,1.5573987339725522e-16
nominal,Geo+D3-10HistAE-CeNN,Geo+D2-HistAE-CeNN,0.021668556592540432,0.0264819569938566,-0.004813400401316158,-22.21375651285055,-0.005477420670714819,-0.004145658108372181,2.152706086561876e-15,3.229059129842814e-14
wind3,Geo+D1-10AE-CeNN,Geo+D1-3AE-CeNN,0.14488160585667306,0.14483659079492295,4.501506175011078e-05,0.03107023937506794,-0.0001581895484535777,0.00023955723903283337,0.6824217651170663,1.0
wind3,Geo+D3-10HistAE-CeNN,Geo+D3-3HistAE-CeNN,0.14827652166704308,0.14448401420137158,0.0037925074656715053,2.5577262152046103,0.00224364552168391,0.005351315557037433,2.1729936788527337e-05,0.00021729936788527336
wind3,Geo+D1-10AE-CeNN,Geo+AE-CeNN,0.14697179344361044,0.14483659079492295,0.002135202648687499,1.4527975733702432,0.00199694064894982,0.0022803515894847205,3.896559845095909e-18,1.246899150430691e-16
wind3,Geo+D3-10HistAE-CeNN,Geo+D2-HistAE-CeNN,0.14550734336442572,0.14448401420137158,0.0010233291630541482,0.7032835177886536,-0.003362144324151259,0.005289491199663246,0.6748685607674054,1.0
force_step,Geo+D1-10AE-CeNN,Geo+D1-3AE-CeNN,0.06822938775514141,0.0682304655210399,-1.0777658984940235e-06,-0.00157962123647051,-0.00013405598473082445,0.00013167960739111865,0.9780556767995897,1.0
force_step,Geo+D3-10HistAE-CeNN,Geo+D3-3HistAE-CeNN,0.07348949122782937,0.07063148181661015,0.0028580094112192274,3.88900421471001,0.002087202763480879,0.003651785633586809,3.865452445346373e-09,4.6385429344156484e-08
force_step,Geo+D1-10AE-CeNN,Geo+AE-CeNN,0.06879707363364798,0.0682304655210399,0.0005666081126080983,0.8235933342533567,0.0004935323546081923,0.0006404027851361708,1.4573676877736123e-17,2.4775250692151407e-16
force_step,Geo+D3-10HistAE-CeNN,Geo+D2-HistAE-CeNN,0.06527172266305455,0.07063148181661015,-0.005359759153555608,-8.211456561708562,-0.007872739945146673,-0.002748303532720557,0.0004770222417899159,0.004293200176109243
model20,Geo+D1-10AE-CeNN,Geo+D1-3AE-CeNN,0.03030536603554943,0.030097320075887227,0.00020804595966219763,0.6864987521290824,6.870980961880744e-05,0.00034430809662482276,0.004862747585576055,0.03890198068460844
model20,Geo+D3-10HistAE-CeNN,Geo+D3-3HistAE-CeNN,0.04505347875183159,0.03829143978095823,0.006762038970873364,15.008916421572579,0.006056067704633516,0.007442927968742896,2.6346826245998054e-17,4.2154921993596886e-16
model20,Geo+D1-10AE-CeNN,Geo+AE-CeNN,0.03056767523674731,0.030097320075887227,0.00047035516086008094,1.5387338331003912,0.00033419461359482193,0.0006139304441601123,7.507645897310535e-07,8.25841048704159e-06
model20,Geo+D3-10HistAE-CeNN,Geo+D2-HistAE-CeNN,0.034070644242655074,0.03829143978095823,-0.004220795538303156,-12.388364329838208,-0.007348124408652,-0.0010101113876604,0.009062468723194324,0.06343728106236027
latency40,Geo+D1-10AE-CeNN,Geo+D1-3AE-CeNN,0.019167588016102327,0.018763115878469638,0.0004044721376326868,2.110187976144403,0.0003733881789985126,0.0004362374470033439,3.896559845095909e-18,1.246899150430691e-16
latency40,Geo+D3-10HistAE-CeNN,Geo+D3-3HistAE-CeNN,0.039060349176155605,0.030354989396311934,0.008705359779843672,22.28694818006865,0.008463813143782252,0.008933644710110869,3.896559845095909e-18,1.246899150430691e-16
latency40,Geo+D1-10AE-CeNN,Geo+AE-CeNN,0.018841123440438326,0.018763115878469638,7.800756196868552e-05,0.41402818794371604,6.800598605553861e-05,8.81457140258324e-05,1.2559216589141089e-17,2.3862511519368067e-16
latency40,Geo+D3-10HistAE-CeNN,Geo+D2-HistAE-CeNN,0.022281325049495263,0.030354989396311934,-0.008073664346816677,-36.2351176551754,-0.008589582493266872,-0.007548902086101827,4.0161556854627e-18,1.246899150430691e-16
payload50,Geo+D1-10AE-CeNN,Geo+D1-3AE-CeNN,0.07362924689269021,0.07393327551266513,-0.0003040286199749185,-0.4129182801747521,-0.00031304698107200313,-0.00029509778542355955,3.896559845095909e-18,1.246899150430691e-16
payload50,Geo+D3-10HistAE-CeNN,Geo+D3-3HistAE-CeNN,0.09756580418006493,0.08986092836188836,0.007704875818176544,7.897106863339767,0.007397373967559015,0.008004568075996959,3.896559845095909e-18,1.246899150430691e-16
payload50,Geo+D1-10AE-CeNN,Geo+AE-CeNN,0.07439143669884063,0.07393327551266513,0.00045816118617550297,0.6158789324506262,0.0004389064867031816,0.0004773937302572896,3.896559845095909e-18,1.246899150430691e-16
payload50,Geo+D3-10HistAE-CeNN,Geo+D2-HistAE-CeNN,0.06685323401278556,0.08986092836188836,-0.0230076943491028,-34.41523015132315,-0.02340206324429824,-0.022576940523978604,3.896559845095909e-18,1.246899150430691e-16
rotoreff30,Geo+D1-10AE-CeNN,Geo+D1-3AE-CeNN,0.06608890049869177,0.0661608713551653,-7.197085647354449e-05,-0.10890006632046957,-0.0002167868704737594,7.537336187913794e-05,0.31043684356809365,1.0
rotoreff30,Geo+D3-10HistAE-CeNN,Geo+D3-3HistAE-CeNN,0.08553392165187303,0.08073784877775424,0.004796072874118763,5.607217325588086,0.00422327508143365,0.00537660717791227,1.2559216589141089e-17,2.3862511519368067e-16
rotoreff30,Geo+D1-10AE-CeNN,Geo+AE-CeNN,0.0663989662094929,0.0661608713551653,0.00023809485432759408,0.3585821706566784,0.00017793201126098908,0.0002954623482996405,3.062668006717589e-10,4.287735209404624e-09
rotoreff30,Geo+D3-10HistAE-CeNN,Geo+D2-HistAE-CeNN,0.06015785166969199,0.08073784877775424,-0.020579997108062242,-34.209993437033944,-0.022163786112422975,-0.018889978971860864,6.702409068617996e-18,1.4075059044097792e-16
compound,Geo+D1-10AE-CeNN,Geo+D1-3AE-CeNN,0.12418539480068141,0.12435711677000173,-0.0001717219693203357,-0.138278715943973,-0.0003584207757146627,2.178574202571174e-05,0.08129332564998845,0.4877599538999307
compound,Geo+D3-10HistAE-CeNN,Geo+D3-3HistAE-CeNN,0.13103967229192098,0.13034648966035225,0.0006931826315687196,0.5289868476048201,-0.0005821916322131263,0.0020074862215520455,0.1972688546672764,0.986344273336382
compound,Geo+D1-10AE-CeNN,Geo+AE-CeNN,0.1256858764158393,0.12435711677000173,0.00132875964583756,1.0572068109238293,0.0012572444368266738,0.0014039462874123783,3.896559845095909e-18,1.246899150430691e-16
compound,Geo+D3-10HistAE-CeNN,Geo+D2-HistAE-CeNN,0.11806925133874363,0.13034648966035225,-0.012277238321608602,-10.39833672391544,-0.015403138300189988,-0.00899234468067504,2.016919093053276e-09,2.6219948209692584e-08
